NumTrajs,LossBefore,ExplainedVariance,MeanKL,Entropy,Iteration,MeanKLBefore,MaxReturn,AveragePolicyStd,dLoss,AverageDiscountedReturn,LossAfter,AverageReturn,Perplexity,StdReturn,MinReturn
62,2.81787923107e-09,8.32667268469e-15,0.00777216788534,1.4189385332,0,0.0,-2235.44852957,1.0,0.000363479632962,-3625.14850927,-0.000363476815083,-5572.91478003,4.13273135412,1261.14643576,-7850.42952592
73,1.7984953669e-09,0.529562447051,0.00652508924842,1.40724053773,1,1.53122256454e-08,-1540.58554915,0.988370160053,0.0120395420798,-3364.67722312,-0.0120395402813,-5130.72910726,4.08466834993,1888.37927892,-7489.93862831
113,-4.19187559022e-09,0.228976018353,0.00881726407212,1.41066292933,2,-5.53411569695e-09,-1414.50068773,0.991758544669,0.016531786053,-2804.77206056,-0.0165317902449,-3830.37314349,4.09867163327,1828.6395049,-7738.14709389
144,-1.90468394824e-09,-1.50767343688,0.00502136770068,1.4193868067,3,-9.1485369915e-09,-1416.17835354,1.00044837398,0.0413013996636,-2317.88427871,-0.0413014015683,-3020.08298583,4.13458436335,1442.6521374,-7047.94963756
148,5.87442427552e-09,0.134930308814,0.00690563577394,1.42423959941,4,4.33454028104e-08,-1474.77820641,1.00531514172,0.0166059515501,-2426.7521891,-0.0166059456757,-3139.43515794,4.15469740696,1616.98401406,-7607.95541861
213,-1.44784181482e-09,-0.665033870852,0.0042951698968,1.45254348292,5,2.35642476781e-08,-1303.11955004,1.0341759745,0.00340434588874,-2058.77598088,-0.00340434733659,-2472.86189458,4.27397147551,1065.87244834,-6830.50320815
218,-4.66123053519e-09,0.0506750277742,0.00193116031729,1.456451793,6,3.30027154563e-08,-1367.53903805,1.03822576365,0.00779839978146,-2025.28189478,-0.00779840444269,-2440.842542,4.29070816611,1174.52635149,-7286.98179424
246,1.59213885662e-09,-0.958463805598,0.00699610626711,1.45786887108,7,-3.99216030997e-08,-1387.3776874,1.03969805355,0.0155385689381,-1949.00968915,-0.0155385673459,-2299.69108123,4.29679274474,992.109238122,-7234.5167571
275,-2.31827073638e-09,0.0195396250178,0.00654300671906,1.4915249653,8,3.64055804808e-08,-1286.31945318,1.07528574128,0.0171836380732,-1833.30428544,-0.0171836403914,-2121.07068286,4.44386709762,866.302368391,-6674.73957907
341,2.45253394694e-09,0.00552603969173,0.008783564894,1.48118682652,9,-6.14560180107e-08,-1336.23474305,1.06422655226,0.0235424020301,-1718.69166773,-0.0235423995776,-1920.65111128,4.39816244041,524.346873524,-4247.12349441
386,7.70425085529e-09,-0.292346788442,0.0078688924618,1.47989158406,10,2.86078981199e-08,-1314.08130607,1.06284901316,0.00521821352054,-1609.61343872,-0.00521820581629,-1773.7537267,4.39246944138,390.352076939,-4487.97006651
375,1.73934169663e-08,0.165495019288,0.00589276336853,1.47705502509,11,-1.09545770857e-08,-1253.71203555,1.0598384511,0.020187804308,-1632.35467084,-0.0201877869146,-1802.84007671,4.38002759715,378.825520655,-3982.67221008
419,-1.54919464459e-08,0.0625464206019,0.00910491667825,1.46695597543,12,3.17713127404e-08,-1246.89904574,1.04918895536,0.0173759583546,-1555.9157292,-0.0173759738466,-1700.19316503,4.3360160922,292.981075718,-3470.31436043
459,1.5476770955e-08,0.498531810868,0.0094581027539,1.452544526,13,-1.6373071475e-08,-1254.44284408,1.03417705323,0.0349052226261,-1509.86410754,-0.0349052071493,-1635.72304572,4.27397593361,205.32656358,-2421.46769181
484,-1.61984347703e-08,0.477241843831,0.00877732727391,1.44277005343,14,-7.06899886994e-08,-1280.62456585,1.02411776023,0.0245126117051,-1487.25269351,-0.0245126279036,-1604.19821298,4.23240357801,177.707690852,-2423.70165007
510,-2.15126731288e-08,0.669044718614,0.00652075379766,1.4245259527,15,-4.27023439872e-09,-1287.25409431,1.00560305824,0.0269734070159,-1451.6134859,-0.0269734285286,-1560.51249159,4.15588728858,156.949117146,-2270.05813005
537,-3.4719049249e-08,0.687382388033,0.00645092900981,1.40559762231,16,-1.72858467366e-08,-1261.43244714,0.986747684636,0.0215586737913,-1439.26473247,-0.0215587085104,-1540.50914268,4.0779630949,133.836684684,-2096.17827968
557,5.49915182307e-09,0.608136059148,0.00665597994339,1.39332657753,17,2.85473418099e-08,-1247.86929358,0.97471324818,0.0145026097352,-1410.84468184,-0.014502604236,-1507.25733619,4.02822800203,123.138527038,-1908.46995397
567,6.32423134115e-09,0.739174783427,0.00662589984166,1.36266385092,18,-2.16928691121e-08,-1254.3718198,0.945279448709,0.018599557992,-1410.68502341,-0.0185995516678,-1504.92775553,3.90658601609,129.369167219,-2166.21629717
582,-6.32770596881e-09,0.780635290263,0.00656078566225,1.32717122211,19,-2.62240780202e-08,-1242.72011646,0.912317410987,0.0212513509383,-1405.49364834,-0.021251357266,-1496.44145263,3.7703627693,118.919166981,-1888.07849758
593,-4.60586911048e-09,0.771829621219,0.00703680781252,1.30563874616,20,3.33750613257e-09,-1249.0244283,0.89288294525,0.0206224228199,-1393.03772212,-0.0206224274257,-1481.69039117,3.6900453434,121.066696481,-1828.52466927
613,8.74670897958e-09,0.796166683904,0.00687700536308,1.27445228471,21,3.28790939197e-08,-1228.97215898,0.865466813794,0.012179241859,-1377.22285113,-0.0121792331123,-1462.13600475,3.57674183732,110.440585912,-1773.43030505
620,6.46269040582e-09,0.809157317336,0.00822880578618,1.23717798366,22,-8.45689823725e-09,-1241.40444778,0.833800970536,0.010166634462,-1367.36358426,-0.0101666279993,-1450.92311936,3.44587541403,106.322950682,-1805.47288441
628,1.62867617155e-09,0.817285780456,0.00990611010633,1.18760058357,23,-1.25542537477e-09,-1234.11646788,0.793471267395,0.00987117080555,-1369.67513131,-0.00987116917688,-1451.96993045,3.27920358536,104.167211009,-1706.15512144
633,-9.59953854811e-09,0.818694452306,0.00761098469899,1.14641217961,24,4.54408251027e-08,-1236.84716028,0.761453361875,0.00858168094837,-1371.63371974,-0.00858169054791,-1452.94359217,3.14688218332,105.777694334,-1692.43513425
636,-2.4793128726e-09,0.828146489202,0.00912911521104,1.10982967986,25,3.30786825709e-09,-1228.2102203,0.734100856347,0.00463558129569,-1361.84778716,-0.004635583775,-1442.84865953,3.03384162611,98.7030401352,-1691.2653729
639,-8.70904511997e-09,0.841302842577,0.00374190018475,1.08753834738,26,-2.95332012179e-08,-1235.55429386,0.717917811016,0.00436147692725,-1364.18662716,-0.0043614856363,-1444.62030365,2.96696144727,97.6629036755,-1588.33683711
639,1.31457824146e-08,0.818588711136,0.00698937535528,1.10648451819,27,2.5103131629e-08,-1246.26563143,0.731649273053,0.0041810621869,-1361.09908248,-0.00418104904112,-1441.39293191,3.02370989097,103.323958368,-1853.26592588
639,7.1268112219e-10,0.835857165851,0.00654817557439,1.0698513247,28,1.13997651319e-08,-1250.70940333,0.705331616669,0.00622309284628,-1374.29172727,-0.0062230921336,-1454.72333405,2.91494608726,102.06776624,-1677.90992364
638,4.14044902604e-09,0.84711278246,0.00726502826126,1.05512292756,29,4.36035796358e-08,-1247.00306843,0.695019340574,0.00260203673272,-1369.83234828,-0.00260203259227,-1450.53240485,2.87232822051,95.5104403234,-1678.05974961
644,9.2115246739e-09,0.808021726236,0.00700346874841,1.09089930429,30,-1.23085021064e-08,-1232.92749246,0.720334761199,0.00392428241298,-1353.08566457,-0.00392427320146,-1432.6134168,2.97695005307,104.863179414,-1697.76650878
644,-6.82560673159e-09,0.812419307106,0.00922335801262,1.08974342121,31,2.22525484705e-08,-1241.66856873,0.719502619463,0.00273182212485,-1348.37387212,-0.00273182895046,-1427.98258891,2.97351103483,101.591528142,-1669.72524129
644,-7.51051544164e-09,0.807724296141,0.00787834140852,1.09111677183,32,-1.84285444682e-08,-1243.39883972,0.720491427667,0.00302161371014,-1352.05375953,-0.00302162122065,-1431.56694145,2.97759751349,104.682606346,-1664.30978115
641,-5.87324488442e-11,0.821951067731,0.00924825039776,1.09565164222,33,1.88163683523e-08,-1247.67113372,0.723766182588,0.00257312110943,-1360.16380639,-0.00257312116816,-1440.16786972,2.99113119583,100.492141327,-1667.31511036
642,-3.44651689383e-10,0.826530578078,0.00852203424759,1.06159912123,34,-7.9658901142e-09,-1239.70821292,0.699535026872,0.00174459971936,-1361.69846224,-0.00174460006401,-1441.57866841,2.89099033886,101.378276544,-1611.30170228
642,6.96531242457e-09,0.824894460112,0.00477957712027,1.07263110651,35,-4.00796371092e-08,-1240.59492347,0.707295012314,0.00254867679959,-1359.6458123,-0.00254866983428,-1439.5030305,2.92306027401,101.506936988,-1700.65814188
639,-2.22522858226e-09,0.845624276486,0.00699149213055,1.07405908479,36,-1.13472107821e-08,-1246.13100491,0.708305735701,0.00276303235171,-1372.36701633,-0.00276303457694,-1452.82929815,2.92723732224,96.7816414357,-1646.09836546
645,-2.27445896021e-10,0.804685940408,0.0091439555225,1.08203636183,37,4.05216338262e-09,-1232.54910343,0.71397868404,0.0073846064951,-1357.47001298,-0.00738460672254,-1436.91417308,2.95068209371,107.336075429,-1643.077786
646,-2.12251517187e-09,0.802395809879,0.00621320883076,1.0188160695,38,4.67264316129e-09,-1252.80770105,0.670237961187,0.00196396904748,-1356.37483491,-0.00196397117,-1435.6492301,2.76991343692,110.335193198,-1656.23640984
646,-8.34580255003e-09,0.812460891436,0.0096476233949,1.0159389235,39,5.16636444736e-09,-1236.00283772,0.66831236016,0.00356482673304,-1355.45061295,-0.00356483507885,-1434.75856994,2.76195544518,106.179430906,-1588.43901659
644,-8.64927938213e-09,0.81682516117,0.00874185944575,1.02631835713,40,-4.60358685617e-08,-1236.84261206,0.675285188351,0.00119304005472,-1363.94516702,-0.001193048704,-1443.53495843,2.79077227087,107.660476533,-1651.6631612
647,1.34573868088e-08,0.791954423105,0.00898199568352,1.01715137138,41,5.43196195801e-08,-1235.17573723,0.669123145483,0.00208134686794,-1351.13001157,-0.00208133341056,-1430.23876794,2.76530620311,109.974509374,-1664.62721162
642,-1.33766298743e-08,0.825545244658,0.00687020745321,0.995556221145,42,3.16023404667e-08,-1246.67516243,0.654828236518,0.00224233860804,-1364.08388716,-0.00224235198467,-1444.13588606,2.70622918462,103.055363201,-1637.62884746
644,9.2624167294e-09,0.815319689587,0.00898644705113,0.990045473713,43,1.63025104527e-09,-1241.8369021,0.651229568278,0.00564354886776,-1359.89828573,-0.00564353960535,-1439.4669428,2.69135685555,106.305409908,-1677.69387841
649,-2.40293073289e-09,0.792878152537,0.0097676942786,0.990869209903,44,1.6790015156e-08,-1238.55925655,0.651766230646,0.00269624259835,-1348.58240479,-0.00269624500128,-1427.26764479,2.69357473695,109.783305487,-1627.77776666
645,-5.26961605478e-09,0.818588365804,0.00650165842078,0.987512335914,45,3.61021613715e-08,-1253.15998107,0.649582001681,0.00388648522292,-1361.3216878,-0.00388649049254,-1440.91071288,2.68454790542,103.373333707,-1704.53421036
645,3.35422501359e-09,0.820059723907,0.00984486893312,0.946939662832,46,-6.56886084416e-09,-1255.17381513,0.623754217527,0.00245972451207,-1365.0447041,-0.00245972115784,-1444.6345644,2.57780861204,105.950147179,-1691.72313161
649,1.51341040154e-09,0.798288890795,0.00873499798963,0.901275948423,47,-1.01136943265e-08,-1241.19934312,0.595911814697,0.0092352722574,-1353.43726683,-0.00923527074399,-1432.2007878,2.46274344089,109.075102511,-1588.5965034
645,1.30393889659e-09,0.820365622158,0.00989380987272,0.91373433246,48,5.6543110194e-09,-1237.40508249,0.603382351721,0.00455608449845,-1363.59373325,-0.00455608319451,-1443.05751805,2.49361716348,104.401330406,-1588.5965034
643,1.72164276596e-08,0.827193335173,0.00947859199256,0.89205105676,49,-2.60635022453e-08,-1234.25536616,0.590439870616,0.00377057234198,-1365.84107036,-0.00377055512555,-1445.65053427,2.44012936602,103.045466377,-1588.5965034
649,-1.50628277421e-08,0.794021919376,0.00816932082925,0.917747513193,50,-3.32050980045e-08,-1240.87301207,0.605808699579,0.00585704807042,-1350.12950398,-0.00585706313325,-1428.92985351,2.50364460735,108.97656787,-1588.5951088
643,-3.52327403536e-08,0.826382653093,0.00869134415901,0.920594558853,51,-5.59719972038e-08,-1258.01383954,0.607535922182,0.000990247612432,-1363.04039518,-0.000990282845172,-1442.87349468,2.51078275436,102.678885977,-1678.49147762
644,-1.24731052937e-08,0.824140553547,0.00661317846815,0.919673845905,52,-1.72641931306e-08,-1251.84512864,0.606976813421,0.002448411234,-1361.67755575,-0.0024484237071,-1441.35917236,2.50847210805,102.102275997,-1588.5965034
647,-3.61944922019e-08,0.813186321739,0.00225433052717,0.918403343099,53,-4.07026585769e-08,-1247.79919034,0.606206137353,0.000480265940648,-1357.80561713,-0.000480302135141,-1437.00256373,2.5052871109,106.864945951,-1588.59287151
646,-1.0854315634e-08,0.811255696033,0.00773259338514,0.924304918188,54,-5.48459473393e-08,-1257.87040311,0.609794285842,0.00283540170691,-1361.76335071,-0.00283541256122,-1441.20975404,2.52011596466,108.283414979,-1653.12177742
647,1.89621587483e-08,0.811256536583,0.00801704835868,0.925091908115,55,1.32368245254e-08,-1247.75667782,0.610274376691,0.00611560408422,-1359.00270947,-0.00611558512206,-1438.21669809,2.52210005117,106.498859587,-1588.5965034
648,-5.40291678152e-08,0.80299183169,0.00633773371518,0.939062223571,56,3.9470756219e-08,-1254.67791698,0.618859934084,0.0017049920806,-1355.99462655,-0.00170504610977,-1434.87631903,2.5575818534,108.517079494,-1588.5965034
644,-1.11771883298e-07,0.817811354578,0.00515859874544,0.946684256929,57,2.96503860353e-08,-1253.35590619,0.623594927361,0.00430474106169,-1371.64415879,-0.00430485283357,-1451.43452896,2.57715030858,104.881011513,-1588.5965034
648,-3.8514602934e-08,0.798249011331,0.00954002733634,0.940306500333,58,-1.66483687947e-09,-1232.85854877,0.619630446385,0.00223861517962,-1351.91666854,-0.00223865369422,-1430.86323054,2.56076617375,105.637109271,-1588.5898415
648,2.14251135023e-08,0.803507447169,0.00995161014162,0.949466244119,59,-6.36504093876e-09,-1252.57760108,0.625332175842,0.00639906760992,-1352.30634397,-0.00639904618481,-1431.26539581,2.58432988984,108.772718613,-1588.5965034
648,-8.49059473573e-08,0.803401738222,0.00683591525399,0.886970535654,60,2.53601835087e-08,-1252.11762941,0.58744773563,0.00397725599386,-1354.97404154,-0.00397734089981,-1433.9120442,2.42776367595,107.527209114,-1588.59440856
650,-1.15907266635e-08,0.794818282319,0.00733435825988,0.892657474416,61,-2.66978344987e-08,-1247.38241092,0.590798032366,0.00507922536697,-1353.06970441,-0.00507923695769,-1431.81290392,2.44160955231,110.428225411,-1588.5965034
647,-4.92646910507e-08,0.811631209925,0.00920207053842,0.889976934332,62,-4.75644665876e-08,-1249.46395726,0.589216495192,0.00538112805416,-1362.4065535,-0.00538117731885,-1441.66375165,2.43507348404,106.575244314,-1588.5952894
646,6.69558561576e-08,0.812011718434,0.00789726577314,0.885334030527,63,1.42015669224e-08,-1233.32066882,0.586487160606,0.00466511800854,-1358.48908498,-0.00466505105269,-1437.82840071,2.42379387743,106.139455964,-1588.5965034
645,1.73346047388e-08,0.821369615603,0.00687594766062,0.87129415645,64,1.69433064245e-08,-1254.0026791,0.578310488759,0.00588868739971,-1364.90149914,-0.00588867006511,-1444.4964554,2.39000188931,104.010356104,-1588.5916913
647,1.06449925603e-08,0.806553828526,0.00735234895269,0.87679858579,65,4.12415998019e-08,-1237.56507041,0.581502535118,0.00533125931284,-1356.07712192,-0.00533124866785,-1435.1868539,2.40319375938,107.442518777,-1588.5965034
650,6.44729867524e-09,0.790354532915,0.000453408751188,0.888094202417,66,-2.53128197292e-08,-1246.07287367,0.588108202128,0.000131350546676,-1347.28362478,-0.000131344099378,-1425.91340982,2.43049320655,110.837148293,-1588.5965034
643,5.91420642211e-09,0.82292266831,0.000604671157406,0.88284172191,67,-1.05333445299e-08,-1239.66407576,0.585027273602,0.000820532595699,-1363.69534369,-0.000820526681493,-1443.33179881,2.41776055663,103.557548701,-1588.5965034
650,6.44785574877e-08,0.791401355264,0.00930827166407,0.882060960668,68,2.86553881734e-08,-1238.05819152,0.584570685248,0.00272634080108,-1349.07485525,-0.00272627632252,-1427.65731356,2.41587359963,111.406913538,-1588.58796884
645,-1.30299515487e-08,0.817661741712,0.00975293841949,0.845647708315,69,1.95555684979e-08,-1250.48823948,0.56366745234,0.00437492258174,-1355.29002192,-0.00437493561169,-1434.73014472,2.32948615359,102.222489266,-1588.57147208
645,4.15809613582e-08,0.81492128223,0.00616674171261,0.852429703611,70,-3.40228988316e-08,-1247.7850206,0.567503234778,0.00389476201406,-1364.36267101,-0.0038947204331,-1443.84129652,2.34533841193,105.956644119,-1588.58842972
649,6.05569945248e-08,0.795411450848,0.00560019013585,0.860548213857,71,-4.43264294159e-08,-1251.68038572,0.572129268447,0.00285625889395,-1350.09992329,-0.00285619833695,-1428.86176103,2.36445656632,108.663819297,-1588.5965034
647,2.03252193558e-08,0.812455970694,0.00781117698977,0.865273252863,72,-1.2683495032e-08,-1248.93696796,0.574838998304,0.00360941210885,-1356.88322037,-0.00360939178364,-1436.15971417,2.37565515186,106.543564397,-1588.5965034
645,-6.68498489444e-08,0.819631041131,0.00579577272581,0.837536231416,73,-4.11799693234e-08,-1255.28016142,0.559113770334,0.00346940465087,-1357.53801676,-0.00346947150072,-1437.02142425,2.31066700918,100.216286577,-1588.58791367
648,4.33274880194e-08,0.799151806267,0.00696764272009,0.836272076505,74,5.10541001697e-08,-1248.60341883,0.558407410483,0.00543222333292,-1356.95969881,-0.00543218000543,-1435.89737028,2.30774781368,110.915724097,-1588.5965034
645,3.50013853997e-08,0.815741320567,0.00473552856375,0.858900264639,75,-1.25602382939e-08,-1238.45608802,0.571187204915,0.00156920016614,-1358.44023638,-0.00156916516475,-1437.93842058,2.36056327083,103.927119798,-1670.43581309
648,2.65436134548e-08,0.805981410338,0.00788524121978,0.867964760202,76,-2.62528956352e-08,-1251.63631292,0.576388265684,0.000610467657829,-1352.28960562,-0.000610441114215,-1431.34814328,2.38205785774,105.590554812,-1588.5965034
646,4.68679182372e-08,0.809309574611,0.0072521717127,0.875693813699,77,-2.89482817717e-08,-1243.48745735,0.580860462084,0.00442943584184,-1363.07289954,-0.00442938897392,-1442.3191038,2.40054024402,108.385125322,-1588.5965034
647,-3.61055284688e-08,0.808439457526,0.00267396178372,0.917648748296,78,1.80984115472e-08,-1243.26279524,0.6057488699,0.000782534334005,-1360.31239917,-0.000782570439533,-1439.49120145,2.50339734736,108.764280332,-1588.5965034
643,-1.65963585432e-08,0.828578760214,0.00643896745899,0.918103770155,79,-1.13777091082e-08,-1252.9991437,0.606024561595,0.00148492032726,-1368.14915127,-0.00148493692362,-1447.93431459,2.50453670707,101.280522096,-1588.5965034
646,-3.23391409685e-08,0.815600389713,0.0049891442285,0.911681012052,80,-5.36290961639e-08,-1233.53343878,0.602144685522,0.000511038963845,-1361.32524637,-0.000511071302986,-1440.71284466,2.48850222157,106.817048498,-1588.5965034
647,-2.93957693238e-08,0.810508935663,5.10089312449e-05,0.92358298673,81,-4.11117726529e-08,-1237.42067984,0.609354215034,5.22173398652e-05,-1356.67727884,-5.22467356345e-05,-1435.94220246,2.51829727024,106.419278012,-1588.5965034
642,-1.9525422095e-08,0.837634305229,0.00869207078834,0.923713550705,82,-3.57033941301e-08,-1247.78642848,0.609433779936,0.00473508950719,-1372.06687859,-0.00473510903261,-1452.10077661,2.5186260906,100.11451122,-1588.5965034
645,2.00205359483e-08,0.824067727775,0.00218741396036,0.920423135894,83,-3.99415245322e-08,-1250.88377365,0.607431785503,0.00179566683064,-1360.51715724,-0.0017956468101,-1440.16468496,2.51035238544,103.57683771,-1588.5965034
648,-4.14586878874e-08,0.8042948116,0.00811529251236,0.952925638097,84,-4.93256578915e-08,-1254.03344626,0.627499192326,0.00337980129969,-1359.21440792,-0.00337984275837,-1438.18094734,2.59328558681,109.690386225,-1588.58300561
649,-2.52429683496e-08,0.796883260609,0.00725619791072,0.935599044698,85,2.42577989917e-08,-1252.33632022,0.616720418337,0.00235096010426,-1356.86091524,-0.00235098534722,-1435.77105916,2.54873980959,114.433723879,-1588.59616192
647,4.09263879068e-08,0.808035083434,0.00812655278252,0.921425000566,86,-5.7041513124e-08,-1237.44892424,0.608040654901,0.00253308124936,-1355.47954635,-0.00253304032297,-1434.55839347,2.51286867909,106.610402777,-1588.58832241
646,-1.49053687125e-08,0.810249050812,0.00925179716517,0.998204336303,87,-5.20028065054e-09,-1251.30290019,0.656564595122,0.00566348437943,-1364.79676299,-0.0056634992848,-1444.01808473,2.71340508827,108.936479264,-1588.5965034
647,4.38215571131e-08,0.813433616826,0.00784162168958,1.0223013915,88,1.89190803024e-08,-1242.38587462,0.672578031878,0.00212916102784,-1354.19674601,-0.00212911720628,-1433.38936111,2.77958432044,104.425242098,-1588.5965034
645,-8.1227569641e-09,0.821972459116,0.00409584676064,1.02092020287,89,-3.05305733472e-08,-1240.44025745,0.671649715984,0.00232010623255,-1357.34137688,-0.00232011435531,-1436.80209772,2.77574784024,101.528738422,-1588.5965034
648,-1.42049174858e-08,0.80631330276,0.00863635808544,1.01202939524,90,-5.21633330974e-09,-1242.56993561,0.665704674836,0.00379195613055,-1357.93087402,-0.00379197033547,-1436.99363583,2.75117858228,109.259460383,-1588.5965034
642,-7.12078736262e-10,0.832850622606,0.00654429477392,1.07162575497,91,-8.74846439736e-09,-1249.53613115,0.706584289505,0.00401089369087,-1368.64850985,-0.00401089440295,-1448.6404069,2.92012304757,101.492273217,-1588.5965034
642,-4.10274275689e-09,0.830838949655,0.00650152232774,1.08272714986,92,2.76469558358e-09,-1245.34225052,0.71447206236,0.00220850632504,-1370.34888497,-0.00220851042778,-1450.30689652,2.95272109376,102.940315703,-1629.30899959
649,-9.1356010885e-10,0.793029666914,0.00659361879111,1.03487037196,93,-2.79105448198e-08,-1234.0944641,0.681085001993,0.00459349995264,-1349.04803904,-0.0045935008662,-1427.86859133,2.81474134256,107.593763062,-1588.5965034
647,-6.85127218619e-09,0.803167430632,0.00751864207971,1.05365546121,94,1.92590012826e-08,-1233.93783716,0.694000171058,0.00218169885903,-1354.39565045,-0.0021817057103,-1433.59779992,2.8681162667,108.656624762,-1655.74669069
646,-5.12756665273e-09,0.814092512933,0.0097672318624,1.03828658237,95,-1.4861720854e-08,-1243.67792859,0.683415710497,0.000775941230079,-1359.60927386,-0.000775946357646,-1439.00675851,2.82437353467,104.282133316,-1588.5965034
646,-1.22234598441e-08,0.818034420901,0.00116902646375,1.04212559833,96,-1.36871957102e-08,-1252.35843738,0.686044396874,0.00227281097172,-1362.9594799,-0.00227282319518,-1442.32032277,2.83523718928,106.326980641,-1588.5965034
648,1.27627693826e-08,0.798656511251,0.00957959747456,1.03573094382,97,8.06674188558e-09,-1244.98466561,0.681671376853,0.00408844855771,-1349.94954512,-0.00408843579494,-1428.86423733,2.81716467233,106.68119883,-1660.42697155
644,1.27926728944e-08,0.819027473189,0.00721077040245,1.05556039585,98,2.37493287814e-08,-1237.55387082,0.695323456012,0.00413051041302,-1357.47812598,-0.00413049762035,-1437.08177889,2.87358504792,102.46528574,-1644.496983
646,1.37129937285e-08,0.804191211568,0.00905609953263,1.03351904525,99,-4.94248412197e-08,-1235.78927449,0.680165255221,0.00283723667347,-1356.6636491,-0.00283722296047,-1435.9451934,2.81094027624,106.853054198,-1635.10631392
646,-9.71997649853e-09,0.808570084235,0.00797997885426,1.02759324087,100,-1.91917883807e-08,-1238.8358693,0.676146647476,0.00310452466904,-1351.5585076,-0.00310453438902,-1430.77397541,2.79433245001,105.089046849,-1588.5965034
641,9.05887045929e-09,0.833306251955,0.00769129400686,1.03003279938,101,-7.2991164779e-09,-1234.78077338,0.677798160443,0.00242382371679,-1368.61458468,-0.00242381465792,-1448.67693197,2.80115770943,100.848113059,-1704.88180534
646,1.36207560832e-09,0.810962315859,0.00797691366855,1.00799335613,102,3.67474407015e-08,-1238.46926712,0.663023279478,0.00292350532286,-1355.64186847,-0.00292350396078,-1434.8595978,2.74009709561,104.305857535,-1656.40900235
644,9.38940587058e-09,0.81625818958,0.00748894785651,1.00108756198,103,2.74114036469e-08,-1238.61924767,0.658460350655,0.00439306574132,-1358.07865696,-0.00439305635191,-1437.80870835,2.7212397366,103.628046488,-1667.70371078
641,-3.59563721059e-09,0.825245387479,0.0078503771103,0.983158246416,104,-1.18851342656e-08,-1247.59860939,0.646759812001,0.0035441344154,-1365.32198724,-0.00354413801104,-1445.42079583,2.67288455364,103.066650732,-1649.69994848
646,1.49730632258e-10,0.805443685755,0.00714193053021,0.953833655256,105,1.03779423943e-09,-1240.16246816,0.628069231123,0.00450928297177,-1354.45943343,-0.00450928282204,-1433.64231717,2.59564140402,106.002610543,-1632.63729503
643,-9.02923483776e-09,0.818284705045,0.00752258083003,0.924510971445,106,2.57461120201e-08,-1244.75267372,0.609919948887,0.00259521194609,-1364.59260528,-0.00259522097532,-1444.38106012,2.52063529627,105.599206376,-1705.06856522
644,4.24673225869e-10,0.822047897307,0.0086400285491,0.960629627842,107,1.71487662404e-08,-1235.54664609,0.632352109076,0.00182940263069,-1361.04957114,-0.00182940220602,-1440.75740566,2.61334138802,102.378943563,-1588.5965034
645,4.50816176964e-09,0.820169008947,0.00879912866952,0.968074635404,108,5.89313590704e-08,-1240.6775015,0.637077543933,0.0013293270793,-1360.01886762,-0.00132932257114,-1439.57667233,2.63287034082,104.823301277,-1588.5965034
648,-6.71133376523e-09,0.805714952317,0.00502729453716,0.95334927811,109,-1.92285785072e-08,-1244.42664374,0.627765082408,0.00403090156272,-1353.65526463,-0.00403090827405,-1432.64920464,2.59438443909,106.547675232,-1588.5965034
643,4.64889849428e-09,0.826860968857,0.00657282871352,0.974002764362,110,8.40831632098e-09,-1244.35910714,0.640865438239,0.00402254088378,-1364.91740159,-0.00402253623489,-1444.695115,2.64852469038,102.119907529,-1588.5965034
645,-2.3355303884e-09,0.813318633167,0.00846188163684,0.921859846252,111,-4.3721034404e-08,-1246.03996774,0.608305116252,0.00339757360121,-1355.27124886,-0.00339757593674,-1434.66436565,2.51396162681,103.693332839,-1588.5965034
648,2.15559147797e-09,0.797370553715,0.00789692255672,0.872792021173,112,3.38454322346e-08,-1235.60992911,0.579177368711,0.00230334575493,-1354.77765746,-0.00230334359934,-1433.71717012,2.39358447127,109.975182298,-1669.39184546
648,6.10748089513e-09,0.800627771531,0.00640879155615,0.845020667451,113,3.45929919154e-08,-1252.12667481,0.563314120603,0.00568915566336,-1357.95269889,-0.00568914955588,-1436.88739501,2.32802592844,109.858046927,-1588.5965034
648,5.0837161653e-09,0.805868236843,0.00690112175749,0.804354862112,114,-1.47888215007e-08,-1246.63619455,0.540866026603,0.00399702551053,-1353.20001834,-0.00399702042681,-1432.2079492,2.23525398652,104.3260371,-1588.5965034
646,-9.51230062985e-09,0.815420753382,0.00935078783594,0.737396494287,115,-5.55725188089e-09,-1255.2739635,0.505836371276,0.00534390498039,-1361.33391229,-0.00534391449269,-1440.7166059,2.09048583163,105.728419504,-1588.59502327
644,-5.61133378453e-09,0.822420769857,0.00898782704244,0.737139002222,116,1.20842025275e-08,-1250.7096279,0.505706139191,0.00589594163559,-1368.58376451,-0.00589594724693,-1448.24561307,2.08994761741,105.827942172,-1588.5965034
647,-1.26463669219e-08,0.808156686654,0.00329024113969,0.775105074781,117,-3.13900569981e-08,-1244.72275223,0.5252749399,0.000786513880404,-1358.53499047,-0.00078652652677,-1437.75858426,2.17082021366,108.263613805,-1588.5965034
647,-2.344780415e-08,0.806193668006,0.00648732354862,0.76127149238,118,-1.94246658758e-08,-1231.01263658,0.518058535182,0.00442030533112,-1358.06080031,-0.00442032877893,-1437.19015976,2.14099675162,109.739014515,-1588.5965034
645,1.16223889074e-08,0.818912285068,0.00765913092544,0.749523297685,119,-1.53563438632e-08,-1242.65682164,0.512007894294,0.0048867903517,-1360.83536095,-0.00488677872931,-1440.41631709,2.11599107831,104.812722277,-1588.58241926
645,2.32708097191e-08,0.823016341708,0.0092128746641,0.712784961599,120,2.10456611027e-08,-1250.20121167,0.49353891327,0.00345629472542,-1364.29222644,-0.00345627145461,-1443.91996887,2.03966374135,104.782745616,-1588.5965034
648,1.65524458359e-08,0.800330155067,0.00544929819683,0.70971579923,121,2.61218824349e-11,-1249.97245601,0.492026484342,0.00205359495954,-1357.40891861,-0.00205357840709,-1436.42199005,2.0334132789,111.252698636,-1588.5965034
647,-1.8218005907e-08,0.806600703462,0.00566503493555,0.677515999216,122,8.54536419403e-09,-1254.39511772,0.476435687275,0.00395623199804,-1354.43385727,-0.00395625021605,-1433.55086886,1.96898070303,106.807176698,-1588.5773462
644,1.05844729633e-09,0.823817511984,0.00626469228259,0.663132325548,123,5.30671406818e-09,-1253.04401944,0.46963184128,0.00266959244869,-1362.78452973,-0.00266959139025,-1442.40726641,1.94086223535,101.685144076,-1588.59327208
645,-2.00633494282e-08,0.821754509348,0.00954590069849,0.65564836635,124,1.83358961348e-08,-1236.33124294,0.46613025495,0.00304708632946,-1357.84511493,-0.00304710639281,-1437.3520328,1.92639111974,102.88355041,-1588.58811447
649,4.11449455673e-08,0.793257864816,0.00680511739023,0.649583891767,125,-1.91315583375e-08,-1232.90571058,0.4633119742,0.0055037768175,-1353.99721284,-0.00550373567255,-1432.82991225,1.91474392252,109.590862081,-1588.5965034
647,2.32157885469e-08,0.805475716732,0.00943940233295,0.660168603796,126,1.81110226816e-08,-1232.75340681,0.46824204368,0.00608550503319,-1355.57486912,-0.0060854818174,-1434.68790826,1.93511857524,107.35959694,-1588.5965034
642,-8.24172549116e-09,0.833820242101,0.0070303288382,0.667624787229,127,-4.00832811387e-09,-1243.02913809,0.47174639054,0.00459377913905,-1367.57470585,-0.00459378738078,-1447.48217402,1.94960109938,98.4815095071,-1588.5965034
645,2.50840368033e-08,0.817440625508,0.0080584191807,0.655745283502,128,-2.87394397169e-09,-1241.60909892,0.466175433156,0.0079615450026,-1356.67806951,-0.00796151991856,-1436.12826355,1.92657782912,103.884635236,-1588.57465812
640,-1.11925326032e-08,0.841615012129,0.00795118080684,0.73498399629,129,-2.63503152631e-08,-1234.22811604,0.504617512881,0.00364018795722,-1371.98413459,-0.00364019914975,-1452.30757884,2.08544861732,98.8429894212,-1622.73247802
645,2.99558558243e-08,0.812821833427,0.00612556057277,0.725566998857,130,-1.86284740966e-08,-1232.25393377,0.499887835689,0.00581656985308,-1353.55902756,-0.00581653989722,-1432.91991094,2.0659021321,104.203734457,-1588.59178373
645,-1.4286149479e-08,0.814193577096,0.00672891365031,0.717417494196,131,3.80935433197e-08,-1227.06721309,0.495830552322,0.00327385943101,-1357.47742046,-0.00327387371716,-1436.96994513,2.04913446991,106.317001998,-1653.89965069
651,-7.94280012971e-09,0.788255969213,0.00641103861833,0.712975219625,132,1.31100239553e-08,-1234.37058065,0.493632821943,0.00480206825596,-1342.65339124,-0.00480207619876,-1421.07548013,2.04005184067,107.652966,-1588.58760554
644,1.00858165305e-08,0.823112159178,0.00794739319519,0.660957113641,133,-1.70913375674e-08,-1250.48829409,0.468611402744,0.00475926637403,-1360.24136741,-0.00475925628822,-1439.91853769,1.93664503702,103.255138705,-1588.57058548
644,2.73754009027e-08,0.826904330327,0.00613438071406,0.65529675855,134,2.35403870841e-08,-1245.08604643,0.465966388726,0.00408046714874,-1363.90847635,-0.00408043977334,-1443.55742273,1.92571390466,103.287985433,-1588.5806405
644,-4.54719967583e-08,0.82068444627,0.00593640310309,0.625743464368,135,-5.98237870353e-09,-1238.22128584,0.452397043985,0.00390303412428,-1361.81473634,-0.00390307959628,-1441.40603858,1.86963544819,104.343947207,-1588.5965034
646,3.42526303733e-08,0.811346211233,0.00955307122775,0.642907933134,136,-1.71677090322e-08,-1253.69688583,0.460229224231,0.00670091994972,-1353.59024127,-0.00670088569709,-1432.95155811,1.90200374506,103.832049987,-1588.5965034
645,1.51304938469e-08,0.812770735944,0.00729023335791,0.647823766607,137,3.43322292817e-09,-1230.16600522,0.462497204396,0.00336687129232,-1356.76294674,-0.00336685616182,-1436.11396997,1.9113766978,104.356396681,-1697.59281323
642,-4.20600568397e-08,0.836039294686,0.00556141326668,0.644432798761,138,-2.56817483946e-08,-1247.07048743,0.460931547293,0.000133588119698,-1366.3325889,-0.000133630179755,-1446.32391705,1.9049062576,99.7114900341,-1588.5965034
644,4.05601854812e-08,0.828297190314,0.00368229709752,0.638996557134,139,1.3302697055e-08,-1245.04035571,0.458432610595,0.00502132331586,-1358.70332052,-0.00502128275568,-1438.37292122,1.89457882356,101.84569847,-1588.58077217
645,-4.2772449252e-09,0.806309812553,0.00857067067537,0.635472670931,140,-3.22391650043e-08,-1253.14637108,0.456819989259,0.00597734998863,-1356.19635312,-0.00597735426588,-1435.55382588,1.8879142928,105.270357592,-1689.33817476
646,4.89888705831e-08,0.813509087665,0.007054912547,0.602888182539,141,6.46033981866e-09,-1242.33776266,0.442174644932,0.00355693003342,-1361.54815532,-0.00355688104455,-1440.87931605,1.82738901911,106.484538217,-1588.5965034
646,7.05211978903e-08,0.819918087414,0.00831912444737,0.60029895677,142,4.2287524038e-08,-1248.37345426,0.441031235857,0.00222793711871,-1359.3353411,-0.00222786659751,-1438.73541427,1.82266361658,103.755345345,-1588.32466029
649,-4.24887984411e-08,0.798305020824,0.00486542657274,0.623121992487,143,-1.13647772304e-08,-1247.17403411,0.451212650959,0.00636232935867,-1352.54972322,-0.00636237184747,-1431.30664388,1.86474067,110.044535192,-1588.5965034
648,3.7845935692e-09,0.800271236577,0.00751123963434,0.66264458074,144,1.58435693454e-08,-1243.185294,0.46940283664,0.00460245129317,-1353.67321638,-0.00460244750857,-1432.63681942,1.9399158207,109.130351551,-1588.5965034
646,-1.01813940916e-08,0.813995178139,0.00226229576461,0.626554802793,145,-9.00478236421e-09,-1247.27009318,0.45276424003,0.00324212153258,-1357.41650428,-0.00324213171398,-1436.73023436,1.8711529708,106.358485333,-1588.59210186
648,9.89896130232e-10,0.799842225576,0.00687721110567,0.602673844236,146,-1.38032042463e-08,-1245.94929892,0.442079880125,0.00686690509653,-1356.69721844,-0.00686690410663,-1435.67119758,1.82699738162,110.843124175,-1588.5965034
645,5.61032718669e-09,0.812312320989,0.00939468325621,0.610689834493,147,-2.46379059377e-08,-1244.86503182,0.445637829328,0.00449929231281,-1359.49590806,-0.00449928670248,-1439.03078591,1.84170142985,106.630870147,-1679.22393718
646,1.56147056722e-08,0.810239959935,0.00639481557587,0.57259436025,148,6.44009645612e-09,-1246.45969527,0.428980346716,0.00452564688238,-1355.11133856,-0.00452563126767,-1434.44908369,1.77286052918,106.031424383,-1588.5965034
642,1.96791867182e-09,0.836745744212,0.00716824005496,0.563139096635,149,-3.07800976929e-08,-1235.03646758,0.42494334001,0.00684556910142,-1360.95105838,-0.0068455671335,-1440.89046513,1.75617666498,96.6678833506,-1588.5965034
642,2.30687623189e-09,0.833577805692,0.00902316679672,0.59810252561,150,-2.06521320045e-08,-1237.7737164,0.440063604166,0.00510838254039,-1361.93026828,-0.00510838023351,-1441.88927566,1.81866465474,100.317500814,-1588.5965034
640,-8.67685335992e-09,0.838732951764,0.00850926937031,0.660419896978,151,2.68234739975e-08,-1241.25744822,0.468359724499,0.0046530741822,-1371.03023237,-0.00465308285906,-1451.36325982,1.93560491845,98.8530396794,-1696.61623433
644,6.35645430524e-09,0.820775366986,0.00284312436729,0.622308269876,152,-2.92121027368e-08,-1241.77298294,0.450845638366,2.2079782545e-05,-1360.68120793,-2.20734260907e-05,-1440.23408255,1.86322390555,104.382086545,-1588.5965034
643,-3.09854068305e-09,0.823739710159,0.00664875838465,0.62504012956,153,-2.00966290276e-08,-1235.9309571,0.452078969266,0.00447926685287,-1362.32221193,-0.00447926995141,-1442.04562837,1.86832093082,104.055454598,-1673.34612367
643,-3.2673562579e-09,0.824411317581,0.00812223049454,0.650817052263,154,4.43069059219e-09,-1242.99903676,0.463883664644,0.00596448300846,-1357.11574612,-0.00596448627582,-1436.8667364,1.91710656554,103.022178565,-1588.5965034
643,-9.32022616614e-09,0.827993478524,0.00799857734511,0.699764267343,155,4.09054745631e-08,-1243.6166053,0.487154349903,0.007574007478,-1358.0860075,-0.00757401679822,-1437.81139562,2.01327805614,100.034759213,-1609.41596063
641,-7.24773281857e-09,0.834273304164,0.00860904298472,0.683147446054,156,-1.32547096632e-08,-1243.30837588,0.47912627837,0.00829664772805,-1362.76916806,-0.00829665497579,-1442.81786196,1.9801001932,98.9495105524,-1588.5965034
642,-8.84472723898e-09,0.827805967214,0.00852579334012,0.677228168386,157,-4.86940687772e-09,-1245.83456599,0.47629857413,0.00673165122418,-1360.36186969,-0.00673166006891,-1440.26978432,1.96841405123,101.287318807,-1664.87303027
644,-5.23859402994e-09,0.809922846781,0.00830168866022,0.677205280203,158,-8.18722734053e-09,-1238.40209051,0.476287672645,0.00913632871094,-1355.65075278,-0.00913633394953,-1434.94556548,1.96836899832,106.085539654,-1670.15393265
645,1.09446099648e-09,0.815574110297,0.00897729527127,0.689886526006,159,7.81730302712e-09,-1242.74515416,0.482366052956,0.00695826058424,-1357.83755983,-0.00695825948978,-1437.37456978,1.99348931121,105.588466837,-1610.91326429
645,-1.0720778632e-09,0.813951560877,0.00671433404825,0.7545731224,160,-3.41619846855e-08,-1234.28211118,0.514599983702,0.00153134522286,-1356.88937061,-0.00153134629494,-1436.41422908,2.12670348748,106.160138006,-1671.75045629
644,-3.80241198548e-09,0.826955626232,0.00762822199362,0.728033439058,161,-2.56636670803e-08,-1245.6449716,0.501122300884,0.00509493813586,-1362.31678025,-0.00509494193827,-1442.02804709,2.07100384511,101.774980005,-1588.59485141
646,5.67686194091e-09,0.804675225538,0.00932219178784,0.755850211519,162,-9.073333751e-09,-1251.2403606,0.515257593566,0.00572617225404,-1363.72453984,-0.00572616657718,-1443.04221829,2.12942121238,111.680203307,-1674.91952468
647,-1.47108994602e-08,0.811738584424,0.00699124923271,0.705427662271,163,-9.1127702051e-09,-1236.31854896,0.489921124651,0.00380879894527,-1359.36813938,-0.00380881365617,-1438.54771493,2.02471239289,108.002184634,-1588.58338898
643,8.03928180937e-10,0.8264643526,0.00660553164589,0.687373534578,164,1.67246235749e-08,-1247.98306243,0.481155393026,0.00414447977776,-1365.25477054,-0.00414447897383,-1445.12019689,1.98848597896,103.291380265,-1588.5965034
652,2.90171549064e-09,0.782372837176,0.00833378659341,0.710517720121,165,1.40370288726e-08,-1247.44743812,0.492421208907,0.0033650168229,-1341.57453706,-0.00336501392118,-1419.86130939,2.03504456948,110.936586115,-1588.5965034
644,2.49937169537e-09,0.82029700927,0.0091563788248,0.724214748281,166,2.22991840548e-08,-1243.66069222,0.499212318912,0.0102729384655,-1358.08686299,-0.0102729359661,-1437.63127009,2.06311040273,100.881694853,-1588.58647765
648,-3.66566275102e-09,0.796810646635,0.00647912984188,0.752915219205,167,-1.63629362282e-08,-1242.2083807,0.513747533581,0.00476118236599,-1354.02536743,-0.00476118603165,-1432.91709776,2.12318054013,109.821665635,-1588.5965034
645,-4.92370350571e-09,0.816001106347,0.00653420779841,0.7491282381,168,9.15166242788e-09,-1240.87723242,0.511805660617,0.00423109470153,-1360.67316839,-0.00423109962523,-1440.08574603,2.11515530085,104.660399115,-1588.5965034
645,-1.7334428415e-09,0.805030783925,0.00382950696826,0.78566373958,169,2.87935839616e-08,-1246.14747711,0.530850525487,0.00456487204806,-1357.0187308,-0.0045648737815,-1436.51209162,2.19386261103,105.142524507,-1656.22361464
645,-1.14523543535e-08,0.821414195751,0.00245104842805,0.752146200079,170,8.35101817698e-08,-1247.29606525,0.513352603775,6.6962875351e-05,-1359.27126478,-6.69743277054e-05,-1438.75744346,2.12154840134,103.189383668,-1588.56838043
644,1.6762642215e-08,0.821240927218,0.00597581302834,0.750362888712,171,-2.13059443421e-08,-1234.28523178,0.512437952038,0.00134695055065,-1366.18478814,-0.00134693378801,-1445.93863175,2.11776839143,103.706688266,-1588.5965034
643,8.470396708e-09,0.813584333225,8.16326879724e-05,0.754729882616,172,6.31087286873e-08,-1249.48791002,0.51468065883,0.000161759895438,-1363.10021044,-0.000161751425041,-1442.95693619,2.12703689611,100.155898974,-1631.04443705
645,-1.8620456984e-08,0.816626489366,0.00477860874609,0.752924696344,173,-8.75360783859e-09,-1242.16479428,0.51375240246,0.00551941151882,-1356.05065255,-0.00551943013928,-1435.56354109,2.1232006619,104.855297997,-1675.23581662
643,-6.89922773975e-11,0.82809474345,0.00667176743124,0.744632915395,174,2.99314076857e-08,-1244.9015532,0.509510092536,0.00527731153111,-1357.62721767,-0.00527731160011,-1437.45740953,2.10566833466,101.090541996,-1671.81621723
642,-4.1766678886e-09,0.82819873966,0.0089093818654,0.75737281217,175,-1.76963024234e-08,-1247.50446462,0.516042722681,0.0031200109471,-1367.39298977,-0.00312001512377,-1447.28322339,2.13266594009,103.467739743,-1653.76064021
642,3.66087357291e-09,0.830480375143,0.00812915006925,0.744410888094,176,-1.66117291034e-08,-1228.26532177,0.509396979942,0.0049707360225,-1366.01982279,-0.00497073236162,-1445.97763166,2.1052008707,102.664892701,-1588.5965034
643,-1.8494597038e-08,0.816160265285,0.00995949303711,0.827757851022,177,3.56996708861e-08,-1240.26967278,0.553673186603,0.000220640646768,-1360.13574123,-0.000220659141365,-1439.83273618,2.28818253821,105.763294732,-1652.04954005
642,2.65572656865e-12,0.815661986802,0.00654675909777,0.81188578977,178,-3.50306492702e-08,-1247.51857765,0.544954625671,0.00551436780754,-1354.37117082,-0.00551436780488,-1434.28442061,2.25215106808,103.727602574,-1651.13343163
643,8.81091647755e-10,0.823784009071,0.00900396704759,0.749144510168,179,6.38494757066e-09,-1238.89501165,0.511813988821,0.00486311205515,-1357.56868652,-0.00486311117405,-1437.26542474,2.11518971908,101.464895717,-1588.5965034
639,-2.20818887909e-08,0.833420943422,0.00969685190623,0.759148374933,180,-5.45063607582e-08,-1244.15489447,0.516959802849,0.00840333829451,-1363.29705635,-0.0084033603764,-1443.59190132,2.13645598606,99.816498356,-1696.57810862
643,7.61799511748e-09,0.822613232975,0.00651217281308,0.731105224031,181,3.5804886056e-08,-1239.84302101,0.502664007521,0.00289661806207,-1356.13937753,-0.00289661044408,-1435.89451611,2.07737530447,102.445379617,-1699.24346867
644,3.84980764944e-10,0.816143776108,0.00881375971851,0.690660969156,182,3.59752504453e-08,-1233.93878974,0.482739762731,0.00770274531499,-1357.05721827,-0.00770274493001,-1436.71521753,1.99503375332,103.364493496,-1590.54847712
645,-2.57171272847e-08,0.808418883021,0.00902011863328,0.76361139192,183,-1.13514198041e-09,-1240.98142353,0.519272159436,0.0163520246299,-1356.68971171,-0.0163520503471,-1436.08403525,2.14601233462,108.726068403,-1651.16568947
644,-1.91002958152e-09,0.821198425708,0.00701140109968,0.774206475156,184,6.38276247411e-08,-1234.53256851,0.524803140047,0.0027097999125,-1363.14266497,-0.00270980182253,-1442.78559973,2.16887039162,105.435674049,-1588.5965034
644,4.14191542903e-09,0.824769816699,0.00784930178783,0.73248972072,185,5.27395457306e-08,-1241.18815779,0.503360426159,0.00267753028041,-1358.55355069,-0.00267752613849,-1438.1532105,2.08025341561,100.59213363,-1586.19676866
643,2.53067277669e-09,0.829608469141,0.00736979612257,0.72671081199,186,4.99584337232e-08,-1237.39413642,0.500459941089,0.00207731462279,-1356.87238269,-0.00207731209212,-1436.68849996,2.06826649002,99.4289236198,-1588.02978728
646,-7.84485104984e-09,0.818174069308,0.00967794260618,0.723341540235,187,-2.95663825645e-08,-1249.6494633,0.498776592966,0.00469200575917,-1355.81905873,-0.00469201360402,-1435.17636153,2.06130966445,104.974864482,-1588.5965034
644,-2.57860263171e-09,0.821234221053,0.00902669811158,0.661761359113,188,-2.4333670412e-08,-1242.76831352,0.468988432935,0.00411769022709,-1356.95864772,-0.0041176928057,-1436.55564658,1.93820320151,101.200413889,-1678.10037807
646,-4.1080600017e-09,0.807929442846,0.00703065698032,0.658428505796,189,-1.6757424337e-09,-1245.09332309,0.46742796513,0.00403337028977,-1351.52041357,-0.00403337439783,-1430.75949005,1.93175420729,103.014840381,-1588.5965034
646,-3.89462072557e-09,0.811399167778,0.0076524634696,0.607555524248,190,6.45962694446e-09,-1235.65983276,0.44424324878,0.00410909086738,-1361.05366826,-0.004109094762,-1440.33352016,1.83593800309,107.603662139,-1588.5965034
644,1.14009229967e-08,0.826037273189,0.00660801457935,0.623016075033,191,2.41201602025e-08,-1242.06328493,0.451164862195,0.00705775212582,-1362.74202767,-0.0070577407249,-1442.34864654,1.86454317187,103.630516797,-1588.5965034
645,3.6341272835e-10,0.816914563137,0.00956315505067,0.608080581564,192,4.04094914197e-08,-1241.88633617,0.444476563194,0.000475097478137,-1361.30553666,-0.000475097114724,-1440.7944947,1.83690222888,105.478569724,-1588.5965034
643,1.03349586499e-08,0.831155110187,0.00748065035946,0.6323937334,193,2.05373718032e-08,-1241.04711048,0.455415632123,0.00666068156617,-1367.25514384,-0.00666067123121,-1447.085018,1.88211046203,102.960905115,-1588.53644282
641,-1.41845215401e-10,-0.228819357245,0.000612376905505,0.592721358675,194,5.68072178186e-09,-1249.86032467,0.437701908488,0.0030883297876,-1366.29227429,-0.00308832992944,-1446.46986077,1.80890440097,100.238614866,-1690.80962479
646,-1.57250851452e-08,0.812909475388,0.00617410439202,0.600655392545,195,-1.92392287657e-08,-1238.90033825,0.441188463187,0.00214278264482,-1356.2927213,-0.0021427983699,-1435.52374586,1.82331339489,105.257055933,-1588.5965034
648,-2.44919035792e-09,0.806116055774,0.00795282485611,0.604208663839,196,9.56746282199e-09,-1247.65543697,0.442758913955,0.00301125290873,-1353.50419574,-0.00301125535792,-1432.45990241,1.82980364602,108.863281901,-1588.5965034
646,-8.0900542983e-09,0.811802448691,0.000142397915087,0.557371214765,197,-4.36469196341e-08,-1247.28201929,0.422499372058,4.47162214917e-05,-1358.38845668,-4.4724311546e-05,-1437.7042769,1.746076402,105.113097413,-1588.5965034
642,1.24996425778e-09,0.831256751979,0.00841131396474,0.553872422117,198,2.65735410343e-08,-1229.25759523,0.421023717371,0.00641349542698,-1369.50331773,-0.00641349417701,-1449.47105952,1.73997791761,101.831300945,-1588.5965034
647,-8.74041026604e-10,0.804838044251,0.0062626753258,0.622082010645,199,1.68936594713e-08,-1249.53526423,0.450743641918,0.00411182859624,-1355.09089357,-0.00411182947028,-1434.27729565,1.86280238163,106.529934356,-1588.5931697
