dLoss,MeanKLBefore,MaxReturn,LossBefore,MeanKL,NumTrajs,AverageDiscountedReturn,AveragePolicyStd,StdReturn,LossAfter,ExplainedVariance,Iteration,AverageReturn,MinReturn,Entropy,Perplexity
0.0208470407793,0.0,48.5141780411,-4.37496646352e-09,0.00769646356457,58,-121.499075614,1.0,458.170603686,-0.0208470451542,1.07247544179e-13,0,-244.248257305,-1008.49441778,1.4189385332,4.13273135412
0.0156141409354,5.95982426604e-10,45.4751673929,5.15919758401e-09,0.0030267593511,56,-85.8302683306,0.979143195945,428.940558801,-0.0156141357762,-111.821016295,1,-199.778258412,-993.21942173,1.39786115362,4.04653578606
0.0303995772709,-9.6545729536e-09,48.4569530489,6.58653145475e-10,0.00849407008922,58,-147.177368232,0.978897882303,480.481445335,-0.0303995766122,-39.5399376429,2,-299.200046538,-1002.09160893,1.39761058314,4.04552197068
0.00852658047384,1.07253071806e-08,48.7148217809,2.01260160586e-09,0.00752589162012,59,-138.914691631,0.973430850862,470.128956809,-0.00852657846124,-27.6685519901,3,-275.668243012,-1006.7106166,1.39201004504,4.02292819843
0.0096689656703,1.11392833776e-08,45.0592915236,2.45865375318e-10,0.00671512101201,63,-248.960351761,0.965433400834,512.330887937,-0.00966896542444,-3.4543140839,4,-481.689893539,-1003.94979933,1.38376037477,3.98987688594
0.00424352097866,-4.25673871846e-08,52.8257812492,-3.42321393325e-10,0.00436002055802,60,-154.885510595,0.941146759902,483.065834046,-0.00424352132098,-0.535092551861,5,-300.404957409,-999.633891134,1.35828234329,3.88950672348
0.0186347866118,3.07062057309e-08,48.6508118626,-1.24364659239e-09,0.00783728513293,62,-217.218195965,0.936099981083,510.455202155,-0.0186347878554,-134.519290209,6,-423.935256219,-1006.11992243,1.35290554239,3.86864974241
0.00732431445303,-1.3497109097e-08,52.9215429561,4.32735595261e-09,0.00800974642873,58,-118.019712185,0.946168005017,447.98647834,-0.00732431012567,-106.136057718,7,-227.320345354,-1000.20239321,1.36360340266,3.9102581806
0.0196122517593,8.0294674798e-09,49.9915934358,-7.74998010921e-09,0.00880375253408,57,-59.9730134344,0.934145672985,355.994863582,-0.0196122595093,-18.0997459405,8,-109.240334452,-999.550114848,1.35081564708,3.86057311206
0.0162123624494,-2.07342758241e-08,59.117177311,-1.12635125405e-08,0.00695521548942,54,3.57325057673,0.926727120682,194.105026972,-0.0162123737129,-2.28901027306,9,-2.13148756811,-999.901037945,1.34284240826,3.82991422836
0.00972311973158,-3.95724498031e-08,56.3629551192,2.36268116963e-09,0.00768151268427,54,23.2910862934,0.901747967759,7.13719554179,-0.0097231173689,-20847.7787886,10,36.168544427,19.7290294268,1.31551832034,3.72668209987
0.0089621991227,1.16505538411e-08,47.9290442724,-9.75482759947e-10,0.00562210487687,54,6.29170192392,0.889233579446,139.994654791,-0.00896220009818,-0.0124039342304,11,17.0598101524,-1001.14517582,1.30154319926,3.67496349491
0.0198898776326,-1.4877556534e-08,50.0889516079,-7.29110734386e-09,0.00612471806963,53,24.213421665,0.884187535285,6.02319494072,-0.0198898849237,-22455.250983,12,37.9525345132,22.157604091,1.29585243835,3.65410955
0.014638717767,7.021488585e-09,54.6035188099,-1.27877440943e-08,0.00851982007554,54,25.4674941093,0.901795086152,5.60169160469,-0.0146387305547,0.582086434558,13,40.1015952515,26.9647726993,1.31557057126,3.72687682753
0.0158166145117,-1.60999356486e-08,56.0891417111,9.97049755397e-09,0.00932755021647,54,28.000511224,0.893206967296,4.8346382172,-0.0158166045412,0.865726506417,14,44.617896734,33.8843927228,1.30600157453,3.69138443946
0.0122346239604,-2.74341313555e-09,52.6693379855,2.0898505029e-09,0.00612332091877,54,27.0825213346,0.872457969429,3.94496156756,-0.0122346218706,0.900852959928,15,43.4260088344,32.4148101424,1.28249773456,3.60563440541
0.00360561198579,9.45469474933e-09,57.3084475002,1.7233734211e-10,0.00473826652584,54,29.2087199014,0.855649772817,4.35796593987,-0.00360561181345,0.905967766671,16,46.958257405,38.1779232818,1.26304440274,3.53617064427
0.00946271181406,3.62113173336e-08,54.1055429215,4.72689974371e-09,0.00757539107924,54,28.1506475209,0.83924070999,4.13874897401,-0.00946270708716,0.908579469556,17,44.9831067116,34.5607665286,1.2436808206,3.46835639583
0.00968818946979,4.37774011486e-10,57.866783249,1.03546656173e-08,0.00791018363048,54,29.9979488338,0.837517038916,4.22296958883,-0.00968817911512,0.920967258955,18,48.2258199375,39.9373423411,1.24162486269,3.46123292634
0.00482700378467,2.51909467452e-08,56.5796070931,6.24980882666e-09,0.00459231556643,54,31.0188889522,0.831376957189,4.26926778307,-0.00482699753486,0.932670241377,19,49.769554462,41.7669474711,1.23426656498,3.43585761807
0.00861066654662,1.08409987654e-08,52.6835305631,-1.35375508717e-08,0.00636547994464,54,29.5065457532,0.828866006307,3.38856316401,-0.00861068008417,0.943081109679,20,47.1549770195,39.6858757384,1.23124176337,3.42548053263
0.00656520556003,-2.76436564473e-08,58.1222026735,-1.36221904995e-09,0.00602391294869,54,31.2823243254,0.820030695285,4.71271972566,-0.00656520692224,0.9199613414,21,50.0086679283,37.8283349696,1.22052502705,3.38896656575
0.00547036767753,2.32554654978e-08,60.2017365727,-1.16666902231e-08,0.00575875046231,54,31.2083144828,0.816476389224,4.57504342422,-0.00547037934422,0.929791781777,22,50.1196306211,42.2692033397,1.21618124916,3.37427757365
0.00606329252364,-3.50690066431e-08,57.8809465662,-1.1890894885e-08,0.00495944665787,54,31.0404989908,0.813966702981,4.00148699558,-0.00606330441453,0.936001628875,23,49.865576341,40.8624461917,1.21310271396,3.36390571462
0.00763799077049,2.50246459665e-09,62.760157185,-2.79634187858e-09,0.00742293259468,54,32.0059538464,0.810581618144,3.55363676267,-0.00763799356683,0.942176979506,24,51.5783157021,45.1003681463,1.20893529131,3.34991606838
0.00971853295537,-1.66327630835e-08,61.7070096495,-1.57321668101e-08,0.00618005741879,54,32.1139556189,0.805353476547,3.6955826534,-0.00971854868753,0.947273338349,25,51.7907255646,43.6746619855,1.20246453657,3.32830956368
0.0126038233221,1.71346508093e-08,61.2846856303,1.43314493229e-08,0.0075625406146,54,33.7820109252,0.799862316032,3.6614312135,-0.0126038089907,0.951919463037,26,54.436616323,45.632972555,1.19562286212,3.30561607245
0.00602607892089,-2.70979871875e-08,61.7835414784,-8.97768704407e-09,0.00660937565459,54,33.4352579695,0.790572829214,3.54719547832,-0.00602608789857,0.960803358147,27,53.9979642327,46.1119592052,1.1839410372,3.26722511901
0.00692676364859,-4.0929486772e-08,60.6907336784,-1.97164486776e-08,0.00713541176551,54,33.3761713305,0.783985758862,4.00278132593,-0.00692678336504,0.950421218314,28,53.8390415464,44.6187921369,1.17557410969,3.24000252683
0.0119310300959,2.26343782606e-09,59.8671923237,-6.74883957268e-08,0.00862574658355,54,32.9351199309,0.782883270226,3.75840169587,-0.0119310975843,0.95553669446,29,53.1746149201,44.5995178582,1.17416685893,3.23544623748
0.00914333969509,2.89311812285e-08,64.1870289354,1.07086617305e-09,0.00521030633574,54,34.5226450916,0.772622205507,3.26004541597,-0.00914333862422,0.959101046064,30,55.7336027023,50.3800785531,1.16097344531,3.19304001359
0.00746017026396,3.03019199177e-08,62.4761620585,3.69654445035e-08,0.00876927927366,54,34.8837196013,0.748852703816,2.91901773347,-0.00746013329851,0.970805155178,31,56.2190200243,49.04000512,1.12972556128,3.09480704868
0.00904545817334,1.56789816685e-08,63.672335474,4.4489291161e-09,0.00884644311324,54,35.3965492633,0.738696459434,3.36581721485,-0.00904545372441,0.969625928314,32,57.3995324504,48.5388438422,1.11607034578,3.05283401908
0.0101983093753,3.22147626908e-08,63.736724777,1.84464442383e-08,0.00656159636022,54,35.2368366348,0.73617533565,3.32981076971,-0.0101982909289,0.965685922006,33,57.0009509589,49.944786151,1.11265157236,3.04241489177
0.00723060885436,-3.8392096724e-09,63.3796759074,1.45418103033e-09,0.00706438865037,54,35.7534895673,0.726950349882,2.51356938577,-0.00723060740018,0.973376585751,34,57.5262550771,51.39663963,1.1000414349,3.00429050385
0.00567769257592,-3.76572381611e-08,64.1231015567,-2.89324486732e-08,0.00684915131667,54,36.4224303445,0.721528556302,2.69666400417,-0.00567772150837,0.977632189081,35,58.6297176506,52.0232893545,1.09255521073,2.98188368752
0.00997819931787,-5.88822804959e-08,64.3825569122,-9.81709147964e-09,0.00741591622479,54,36.178807816,0.717472642095,3.37813588895,-0.00997820913496,0.968979639104,36,58.4083519466,48.6255437077,1.08691807165,2.96512168371
0.00376606360698,1.5372678519e-08,63.2575066811,-1.62191862114e-09,0.00605988331094,54,36.0073920521,0.70493614241,2.6164630888,-0.0037660652289,0.972188571044,37,57.995845559,52.4599197571,1.06929047479,2.91331169839
0.00522709015971,5.24329696883e-08,64.4201027261,1.2569933441e-09,0.00765249144404,54,36.4326250895,0.702819021446,2.59800577391,-0.00522708890271,0.976924908685,38,58.7895397237,51.6636704386,1.0662826754,2.90456220621
0.0101106068757,-3.7810852227e-08,62.8693406841,-6.49324805492e-09,0.00792621406944,54,35.2112998918,0.697600324101,2.71388032836,-0.010110613369,0.969357393561,39,56.9440799592,51.285217054,1.05882959141,2.88299473206
0.00617915087725,2.95232569503e-08,63.3366893598,-6.96267899253e-09,0.00904210138536,54,36.0006090173,0.697303878561,2.76578268737,-0.00617915783993,0.973936591832,40,58.1244747779,51.2461644035,1.05840455069,2.88176960228
0.00575055461533,2.09951236951e-08,63.5889415115,9.45939397169e-08,0.00891292102985,54,35.6378128649,0.6920145091,3.26164922889,-0.00575046002139,0.967805250757,41,57.5694518988,47.1515874787,1.05079017653,2.85991005927
0.00818797573203,-1.93385629732e-08,63.6408743027,1.13746620851e-08,0.00668376989837,54,35.8067183171,0.687750112248,2.55453467445,-0.00818796435737,0.976523449218,42,58.1233985313,52.4761287927,1.04460881724,2.84228645269
0.0114541451314,1.17454392878e-08,63.8676092864,-1.62504013456e-08,0.0097683027167,54,36.4571790459,0.684233766531,3.33119751935,-0.0114541613818,0.965590368103,43,58.624754145,49.6870212733,1.03948287739,2.82775434049
0.00891376739561,1.00094703637e-08,64.016673383,3.18916023419e-09,0.00657497483127,54,36.1443288676,0.678520794933,2.96263188117,-0.00891376420645,0.973193577745,44,58.0805526885,52.0074765697,1.03109838142,2.80414416364
0.00688552006213,-2.8437803723e-08,66.3325544885,-4.1405102089e-08,0.00925872943317,54,36.5900249695,0.677290644768,3.61281386555,-0.00688556146723,0.970901468009,45,58.8718005343,49.0311228951,1.02928374781,2.79906028349
0.00495720379549,-3.07207146943e-08,64.147068549,3.51776602077e-08,0.00627509688229,54,36.0469766289,0.675525262689,3.26530977512,-0.00495716861783,0.970348854444,46,58.1314660261,51.8967088487,1.02667380943,2.79176443362
0.00832158138705,2.40815454244e-08,64.4070755902,-1.57661573251e-08,0.00996493494768,54,36.2677383917,0.673946188183,2.23765927904,-0.00832159715321,0.976985109002,47,58.5149301936,52.2385516726,1.02433352246,2.7852385429
0.00786766588828,-1.76874283553e-08,66.0466946129,-5.64769607837e-09,0.00627888431557,54,37.4686343786,0.670508092822,3.03876604005,-0.00786767153597,0.974855122382,48,60.1083827628,53.2824670164,1.0192190267,2.7710298184
0.00832387107102,3.20685775712e-08,64.2330873734,-3.88416930172e-08,0.00792468824135,54,36.6302017245,0.669224056696,2.44187642014,-0.00832390991271,0.977390878405,49,59.0803723724,53.0729301928,1.01730217113,2.76572324204
0.00462251928649,3.02186226042e-08,64.7488034126,-4.76885110338e-08,0.00600829342457,54,35.9706488191,0.668576395673,3.48460878911,-0.004622566975,0.96608524747,50,58.0047537369,49.8623902757,1.01633392348,2.76304663302
0.00801413540924,1.73918661694e-08,63.6862881417,-4.18601196102e-08,0.00797341535787,54,35.9200930071,0.66730773254,2.69172269355,-0.00801417726936,0.978888677895,51,58.113574775,52.9326093019,1.01443456187,2.75780358912
0.00976174191765,-2.62004221097e-08,64.1489531258,4.20553624909e-09,0.00986394903359,54,36.8945246003,0.666150698129,2.85561527816,-0.00976173771211,0.976883097633,52,59.4621393736,53.2877739995,1.01269917263,2.75302187673
0.00352698705522,-3.33571550937e-08,65.6670286209,2.78753592261e-08,0.00736623114474,54,37.0581849926,0.664852457617,2.78456221668,-0.00352695917986,0.978327901112,53,59.8098296351,54.9654349493,1.01074840202,2.74765659746
0.00624312949592,-2.71249422923e-09,65.8052536461,-1.54783407691e-08,0.00674735697326,54,36.8754793143,0.662848587816,3.15642071112,-0.00624314497426,0.971150046942,54,59.1529309663,53.5254213214,1.00772984399,2.7393751419
0.0101785073694,1.66161181481e-08,64.5133544797,-1.15294202704e-08,0.00725853248794,54,36.0569103366,0.662292714145,2.96169590541,-0.0101785188988,0.97486143357,55,58.3289845745,52.6395292875,1.00689087881,2.73707786535
0.00817691424679,-3.99353365377e-08,64.3383332366,-3.83104089809e-08,0.0094958630034,54,36.8854151519,0.658706928697,2.50523483121,-0.0081769525572,0.976636581649,56,59.4777804091,50.8983654403,1.00146196856,2.72225877741
0.00645003431589,-3.92200387167e-08,64.8322042424,1.68007070352e-08,0.00915290469785,54,36.6569710716,0.656902332694,2.92022467528,-0.00645001751519,0.973509408372,57,58.958527555,51.6930469673,0.998718605178,2.71480086692
0.00761096281638,5.73487279887e-09,65.076346919,2.5267906825e-08,0.00843384335735,54,36.8604080071,0.65447783368,2.92442221419,-0.00761093754847,0.975991039705,58,59.4125789117,53.0174549168,0.995020971435,2.70478106383
0.0082970265127,2.96480289763e-08,63.8707805879,-1.02607140543e-07,0.00665180530804,54,36.6234358394,0.650099500943,2.01938711524,-0.00829712911984,0.978599015413,59,59.1773428399,54.2345116103,0.988308683771,2.68668659085
0.0108570328893,2.49685915832e-08,65.4694669543,-1.12841063597e-08,0.00942513975157,54,36.4263203898,0.648811446099,2.59797217016,-0.0108570441734,0.979247043638,60,58.7100815844,52.6500061876,0.986325398821,2.68136340621
0.00746022670467,-7.94915910873e-10,64.5600949797,-5.88967233444e-09,0.00908550619561,54,36.9206920213,0.648377128972,2.31696061559,-0.00746023259434,0.980691832947,61,59.557432132,51.2785793207,0.985655770439,2.6795684902
0.00399409656013,-5.9950566178e-09,65.1536532773,-7.25686647955e-08,0.00828781766369,54,37.8290513045,0.647971276786,2.40120116209,-0.0039941691288,0.980876227518,62,60.9437978314,55.6688245707,0.985029623645,2.67789121215
0.00587797222145,-4.97629872864e-08,65.5046520721,3.57807234398e-08,0.00828143433782,54,37.0315270855,0.646854131181,2.52444153397,-0.00587793644073,0.97848273085,63,59.714892887,54.5024323476,0.983304069179,2.67327434947
0.00990083535993,8.72486582981e-09,66.1171011763,8.86515543357e-09,0.00922395617003,54,37.5001033753,0.646052230636,2.69905478698,-0.00990082649477,0.981862837051,64,60.5778837353,52.7525354412,0.982063607114,2.66996030995
0.00472611153028,1.80512673142e-08,65.5717787063,7.06399690056e-09,0.00968536087046,54,37.1298190663,0.64210503275,3.22588323617,-0.00472610446628,0.97522318764,65,59.6713347929,52.2417841385,0.975935146946,2.65364760149
0.00803609767202,-1.12947928788e-10,66.5039351237,7.62201599394e-08,0.00745640952693,54,37.163913118,0.641157742939,2.78689797022,-0.00803602145186,0.978437467141,66,59.7638503587,54.6331356916,0.974458769697,2.64973270718
0.0063428565668,3.69760994601e-08,65.7139557511,2.28958811714e-08,0.00700399931837,54,37.1864915197,0.640766778962,2.59857594398,-0.00634283367092,0.982787227496,67,60.144816853,54.5151641176,0.973848805565,2.6481169581
0.00838465442804,5.89234721571e-08,65.5195682071,4.7589373158e-08,0.00764980702556,54,37.1800897893,0.638868841335,2.7923525628,-0.00838460683867,0.97652037442,68,59.770744777,53.4788246564,0.970882431406,2.64027329176
0.00938684658061,6.08860684093e-10,67.1662513291,3.29153259047e-08,0.00883925236896,54,36.8600936941,0.637378397344,2.50499740226,-0.00938681366529,0.975588626361,69,59.3023704403,53.8618767751,0.968546763795,2.63411368714
0.00737518896792,-4.16943472525e-08,65.3498742593,2.58425064509e-08,0.0098329599402,54,36.8922853991,0.636200445408,2.65774728922,-0.00737516312541,0.975588803952,70,59.6204902628,51.4324037366,0.966696933645,2.62924552825
0.00798756554751,-2.58657853469e-08,65.1488880982,5.06143299533e-08,0.00859901145888,54,36.9295870434,0.634242424906,3.0312454743,-0.00798751493318,0.976259107835,71,59.6608324659,50.9190994522,0.963614509243,2.62115355552
0.0132120856409,2.20380529381e-08,63.3833359073,9.32578497759e-08,0.00950918823291,54,36.8755428486,0.633655584735,2.97684907088,-0.0132119923831,0.975151545765,72,59.410176365,52.1640967391,0.962688819307,2.61872830275
0.00889752932481,3.07506028419e-08,65.1370478955,-2.86820058546e-08,0.0091681915777,54,36.6835304977,0.633623878607,2.75724031442,-0.00889755800681,0.979336826769,73,59.1540555055,53.0629797331,0.962638781208,2.61859726984
0.00591259700457,2.87885822403e-08,64.0813302186,2.2917250389e-08,0.00656935417451,54,36.8335300313,0.633009708567,2.32879742893,-0.00591257408732,0.980207490045,74,59.536918001,51.7336607745,0.961669013637,2.61605907006
0.00733606674906,2.21466900374e-09,64.6830965088,1.13931607712e-09,0.00696743167076,54,37.2801057655,0.629541039794,2.74401432395,-0.00733606560974,0.980064884019,75,60.1155464377,52.026853589,0.956174299854,2.60172399386
0.00640471234391,2.12701564695e-08,65.5150897751,7.20597735673e-08,0.00875697044671,54,37.3716290345,0.627980645447,3.56552762681,-0.00640464028414,0.975224168421,76,60.3417052317,51.292992126,0.953692600864,2.59527530322
0.00735963375487,3.397549031e-08,65.5587237604,3.05331940686e-08,0.00904347230618,54,36.9632385053,0.624000109795,2.43971905875,-0.00735960322168,0.980882426297,77,59.8852626173,52.018931503,0.947333798545,2.57882481873
0.00851173573683,9.0271834452e-10,65.8779039238,5.90051168798e-08,0.00935832178162,54,36.8324132181,0.62379991176,3.01299593533,-0.00851167673171,0.978528039337,78,59.5290829136,51.1089612386,0.94701291694,2.57799745403
0.00804070517213,3.10562231487e-08,65.3164613697,5.55718092466e-08,0.00628478103404,54,37.1343727124,0.62179717996,2.08918929983,-0.00804064960032,0.982677685695,79,60.0306085255,55.0842245003,0.943797216552,2.56972070153
0.00829351887013,2.52135952672e-08,62.9649570468,-1.03209721899e-08,0.00645896267381,54,36.6748764569,0.619493699124,1.96917804875,-0.0082935291911,0.981230123719,80,59.3229560872,52.2334635703,0.940085784334,2.56020103405
0.00679014983509,-1.67868576262e-08,64.996456136,2.8162396064e-08,0.00696548760837,54,37.3738773378,0.618475028093,2.38792251412,-0.00679012167269,0.982078952227,81,60.1007596654,52.753017327,0.938440070289,2.55599114034
0.00603770373267,2.78197401227e-08,65.0205528871,3.58473643717e-09,0.00727730360294,54,36.8199193366,0.61793010526,2.62315404955,-0.00603770014793,0.978169556689,82,59.4518004195,53.371367658,0.937558607,2.55373912067
0.0105251375791,2.59005561443e-08,65.6771773693,2.14490139923e-09,0.0087855819297,54,36.8718992518,0.615927274935,2.60125235945,-0.0105251354342,0.979581351024,83,59.6706550047,53.6755839847,0.934312150615,2.54546196098
0.0071541035523,-4.45634146251e-08,63.852046426,-1.96770469634e-08,0.00851479864388,54,37.0479016046,0.615710583023,2.07898029298,-0.00715412322935,0.982888417575,84,59.9274430766,54.4529250803,0.933960274595,2.54456643152
0.00792739290394,1.04800077505e-08,65.396003122,-2.4816157999e-08,0.00879935052991,54,37.2478104731,0.614898268528,2.83354227262,-0.0079274177201,0.977785391536,85,60.0279324697,52.0268852796,0.932640091318,2.54120935394
0.0061551246739,-5.96933602548e-09,65.1860457857,-1.10171211515e-08,0.00676097386358,54,37.3514798495,0.613177470535,2.52493189058,-0.00615513569102,0.982839676299,86,60.1287910103,55.2447721263,0.929837659734,2.53409775812
0.00811745482547,2.01857837112e-08,65.0396624821,-3.66457500735e-08,0.00887659367538,54,36.8755073075,0.612118888845,2.28397720128,-0.00811749147122,0.980724770748,87,59.7266675781,55.1932704375,0.928109780687,2.52972292438
0.00508765242139,-1.27781439319e-08,65.2303943992,-6.75598123678e-08,0.00872337124213,54,37.286165264,0.611831490004,2.05342105201,-0.0050877199812,0.985349983133,88,60.4710301241,54.7915142238,0.927640155691,2.52853518218
0.00536539534827,4.92795019791e-08,65.9961400586,-6.59228133401e-09,0.00995761614606,54,37.6086111611,0.610809417288,2.87117636058,-0.00536540194055,0.979518272913,89,60.5595690052,52.2094375088,0.925968245405,2.52431123022
0.00642430447746,-4.42666350242e-08,66.0374787066,-7.99241682899e-08,0.00869223118856,54,36.7945063288,0.609005476145,2.52808684303,-0.00642438440163,0.980484806019,90,59.6696320025,54.3489534545,0.923010513919,2.5168560261
0.0119599464724,4.60983119455e-08,66.4215551932,-2.38450322356e-08,0.00960804832411,54,37.6437333686,0.608683801872,2.70114651492,-0.0119599703175,0.980539757761,91,60.7780368692,54.4667836496,0.922482178348,2.51552663274
0.00663794253935,1.95218735621e-08,64.8032949839,2.93466039029e-08,0.00850472062661,54,36.9597326115,0.608226586904,2.47529060806,-0.00663791319274,0.980134679624,92,59.8089822901,52.6390363017,0.921730742591,2.51363708611
0.00265571926858,-2.84833537867e-08,65.5012424158,7.47304152549e-09,0.00722860627673,54,37.4316894396,0.606867563769,2.21242298531,-0.00265571179554,0.984019738418,93,60.5044974114,55.5185149389,0.919493839878,2.50802060859
0.00893811239782,-4.13397858168e-08,64.8457195353,-4.09149693847e-08,0.00794126955678,54,37.3321888418,0.606042406065,2.35286146382,-0.00893815331278,0.981181932396,94,60.4533257722,55.0447283031,0.918133214849,2.50461045347
0.00131118690134,-2.93942403751e-09,66.3416313726,-3.53551665559e-08,0.00671074625878,54,37.8700201629,0.605243027291,2.53181586343,-0.00131122225651,0.980481481099,95,61.2673422017,53.568683928,0.916813329595,2.50130683575
0.00921418661706,2.96921928156e-08,65.388330125,9.70301575914e-09,0.00903042138507,54,36.9575411593,0.604518348037,2.44603779648,-0.00921417691404,0.982157191391,96,60.0461694285,55.2398566825,0.915615276235,2.49831193107
0.00716103817118,1.61560960166e-08,64.9700308168,-3.34944901085e-08,0.0087210800881,54,37.1587453903,0.603867526488,2.54108766725,-0.00716107166567,0.983138006506,97,60.3384797106,55.1807005525,0.914538101095,2.49562226045
0.00722159289575,-2.02475066713e-08,65.334428608,5.80200776868e-08,0.00978561285875,54,37.4336990051,0.601775304931,2.17387968367,-0.00722153487567,0.98174939618,98,60.3483826513,55.1990099863,0.911067382234,2.48697567082
0.00858511326399,-9.60740487166e-10,65.9173053988,2.18748899446e-08,0.00970118849303,54,37.8300752402,0.598471939428,2.61912907692,-0.0085850913891,0.980406964466,99,60.8664082718,53.81196477,0.905562893289,2.47332374864
0.00487871160337,3.43384820578e-08,65.9945273243,-2.24802136248e-08,0.00663569695855,54,38.0325502008,0.597421616954,1.89850221151,-0.00487873408359,0.983129492597,100,61.204478556,57.3387262744,0.903806344408,2.46898304801
0.00914317423275,-2.29766123905e-08,65.5609176155,4.6728398643e-08,0.00837538090576,54,37.2945037236,0.597019867757,2.26755363677,-0.00914312750435,0.982388975929,101,60.5905324947,54.8902537625,0.903133646387,2.46732272651
0.00713842716937,-2.83090364483e-08,68.0199488678,1.50340897778e-08,0.00822098593305,54,37.1855320864,0.595302476404,3.33998730538,-0.00713841213528,0.97514439824,102,60.2263360865,51.1844195639,0.9002528943,2.46022520942
0.00664778399254,1.98089389336e-08,67.2443959867,3.64377965854e-08,0.0070656913629,54,38.0656226592,0.593512475833,2.48956592858,-0.00664774755474,0.982540728596,103,61.2691487567,54.4455050441,0.897241488832,2.45282761794
0.00626201157754,-2.85768219088e-08,65.2000029813,1.84344019105e-08,0.00672697908362,54,37.1573801714,0.593113072606,2.86020833091,-0.00626199314314,0.977892131151,104,60.011277381,51.9269036418,0.896568313974,2.4511769917
0.00375352934597,-3.14206515251e-08,65.929415227,2.26066647345e-08,0.00947181214325,54,37.5705209558,0.592101764241,2.62982309287,-0.0037535067393,0.979930919658,105,60.4770675329,55.8876992021,0.894861773389,2.44699752591
0.0104632572603,4.18230481358e-08,67.4321532451,2.5714448988e-08,0.00765953413955,54,37.3664187234,0.591667337812,2.86737608142,-0.0104632315459,0.979460757538,106,60.3241032294,54.7252213132,0.894127801794,2.44520215819
0.00803668333925,3.15809957074e-08,65.5032812194,-1.71844465424e-08,0.00865442647817,54,37.6878693805,0.590803244106,2.1528898145,-0.00803670052369,0.984579046277,107,60.8888734076,55.5174926267,0.892666295904,2.44163109103
0.00935698867151,-2.30003580626e-08,64.5849692821,-6.2729356466e-09,0.00734805950867,54,37.6021456117,0.588784220785,2.20301729789,-0.00935699494445,0.980903000074,108,60.7913270889,53.9034956738,0.88924302234,2.43328701005
0.00780119414718,2.73928856265e-08,66.1876875786,-7.24260733995e-08,0.00998265167748,54,38.0814250747,0.588787835507,2.26062661126,-0.00780126657325,0.985220150823,109,61.5625315126,57.7396392327,0.889249161619,2.43330194873
0.00552583710287,-8.5714468856e-09,66.1597987777,1.98894278327e-08,0.00954887260241,54,38.2656495876,0.587808601988,2.15442761585,-0.00552581721344,0.985058618288,110,61.7409151305,56.8396911726,0.887584642309,2.42925503966
0.00977977946418,-1.47240452053e-08,66.8646392606,3.73393303079e-08,0.00943323095264,54,38.1305785918,0.58720208946,2.51032530054,-0.00977974212485,0.98291108306,111,61.304497202,49.6679345205,0.886552289861,2.42674848632
0.00654896870539,1.642610159e-09,65.463361411,3.87851766167e-08,0.00644788064994,54,38.1624024753,0.584906878699,2.19820032151,-0.00654892992022,0.984674921782,112,61.5045119739,54.8151708222,0.882635907072,2.41726299684
0.00992610177016,-2.29919667749e-08,65.7979025649,-5.19080417446e-08,0.00920993119543,54,38.2082157607,0.583070595703,2.3827490202,-0.0099261536782,0.979193960362,113,61.4927408034,54.9794711716,0.879491523641,2.40967413253
0.00977464164821,-4.33428386515e-08,64.9703639232,9.4503405962e-08,0.00983508717364,54,38.0171507714,0.581962068917,1.96446294579,-0.0097745471448,0.985758190377,114,61.5002735805,57.0808506647,0.877588526147,2.40509288912
0.0028716999649,-1.03521080597e-10,66.483815631,-1.33495545248e-08,0.006213482032,54,38.6198777487,0.580956407518,1.98381392724,-0.00287171331445,0.988852813188,115,62.2193642739,56.4667621056,0.87585897817,2.40093676073
0.00674877982641,-1.62577135088e-08,67.7568522641,4.57020091478e-08,0.00973196659141,54,38.1478133617,0.580402074903,2.52809085873,-0.0067487341244,0.983199269056,116,61.3954966595,55.6073646188,0.874904350179,2.39864585295
0.00776581740399,4.7571666606e-08,64.6984526009,1.02629261842e-07,0.00686427651578,54,37.6685391626,0.578425147315,2.10700597915,-0.00776571477473,0.984063303255,117,60.8685634424,55.9949033258,0.871492401498,2.39047574232
0.00805660113876,4.49655331858e-08,65.3669060781,1.49565230597e-08,0.00978753093227,54,38.5989325717,0.577700175134,1.75795491694,-0.00805658618223,0.986838467516,118,62.2510013262,55.6171988813,0.870238260168,2.38747962706
0.00584258690386,3.75804126707e-08,67.6500380601,1.75408880331e-09,0.00848322849765,54,37.9862511731,0.576540274093,2.25442265406,-0.00584258514978,0.985740069918,119,61.3716770578,57.7664945808,0.868228451151,2.38268606766
0.00706344968843,-1.06644326703e-08,65.2891779309,4.0871215355e-08,0.00746208564385,54,37.981709909,0.574410081923,2.28724212761,-0.00706340881722,0.983335669418,120,61.3331872168,55.8691395413,0.864526823896,2.37388255569
0.00859169216771,-1.63880884418e-08,65.6583616302,-1.40047097624e-08,0.00912027086928,54,38.2007022161,0.573776421501,2.36016234603,-0.00859170617242,0.984732603156,121,61.5513577824,54.2822812295,0.863423065084,2.3712638074
0.00774458250075,-2.47762677041e-09,66.2512029992,1.17479137911e-07,0.00878936289411,54,38.2455988478,0.573162796128,1.91789441481,-0.00774446502161,0.987209551287,122,61.7419361899,56.7266801119,0.862353042501,2.36872785857
0.00628336537529,1.53000996317e-08,65.3955287586,-3.71227405604e-08,0.00483824555064,54,38.0583535732,0.571857441289,2.58304048135,-0.00628340249803,0.98268587315,123,61.4274396637,54.3962242566,0.860072986024,2.3633331777
0.00494490603639,2.78847847035e-08,66.4358715558,4.0082516376e-09,0.00873796502569,54,37.960205102,0.571084124715,2.57725632899,-0.00494490202814,0.981212242103,124,61.440424206,53.6007710231,0.858719781774,2.36013726805
0.00679693457042,2.1730096722e-08,66.8627676168,3.65079692493e-08,0.00773209265398,54,38.1634723404,0.567911490178,2.35907270394,-0.00679689806245,0.984116285832,125,61.6778475745,56.0670468234,0.85314883365,2.34702562183
0.00858079314027,-3.99694977116e-09,65.8390882988,-1.38266077951e-08,0.00655776373699,54,37.9802272947,0.567223192209,2.16149998192,-0.00858080696688,0.984786641121,126,61.3753826674,55.733098239,0.851936117548,2.34418107123
0.00516569617543,1.96933092056e-08,66.5023703559,7.76144945016e-08,0.00680462971226,54,38.2319448373,0.565198401756,2.04218478784,-0.00516561856094,0.986708777525,127,61.6799481298,57.1047169892,0.84836007728,2.33581315624
0.00729998206978,-3.19614215094e-08,66.5000900897,2.23994269496e-08,0.00969731837081,54,38.0034197747,0.564153140984,2.46643306793,-0.00729995967035,0.983054030257,128,61.4152440692,55.8597491608,0.846508995432,2.33149337427
0.00590252832511,-6.63454446936e-09,66.9280575344,-1.23265353276e-08,0.00662605289983,54,38.6717386731,0.563583129681,2.22147021061,-0.00590254065164,0.986159810249,129,62.3659175554,57.9516339529,0.845498100656,2.32913767069
0.00246976865955,5.01560513122e-08,67.0194347044,-1.93821282909e-09,0.0063667126836,54,38.6325063315,0.561792058967,2.18073141361,-0.00246977059776,0.986359619793,130,62.3462926957,57.6259580885,0.842315033811,2.32173565659
0.00514060947534,4.08451046319e-08,67.9756328395,6.87709947695e-08,0.00646737577055,54,38.7312490476,0.561189745044,2.0448425604,-0.00514054070435,0.988860727886,131,62.5064979016,59.5495209324,0.841242329019,2.31924645495
0.0047261231794,2.98190844239e-08,67.0029235021,-6.03743019316e-09,0.00787755403814,54,38.5312607524,0.560725256707,2.53238683314,-0.00472612921683,0.985636331951,132,62.1392509972,55.7589637755,0.840414301294,2.31732684944
0.00380908387532,-2.88370538559e-09,66.9317767421,-5.92534324058e-08,0.00811634688739,54,38.389850174,0.560392273661,2.43981122123,-0.00380914312875,0.985876711249,133,61.9009853496,56.0718248634,0.839820281404,2.31595071997
0.00367256295136,5.65783020434e-08,66.1884109821,4.3081342485e-08,0.00691117066733,54,38.3483700386,0.558786074053,2.10340575847,-0.00367251987001,0.9851492348,134,61.9549469356,56.8828764347,0.83694996013,2.30931272849
0.0036761560961,1.57420287916e-09,67.2722740831,-1.00889219529e-07,0.00879203760953,53,38.3246829296,0.556027123648,2.44187609581,-0.00367625698532,0.98505654269,135,61.9932169043,56.7908460098,0.832000330824,2.29791072764
0.00820533672964,-1.42506345613e-08,68.0052931382,-7.43062911349e-08,0.00935380152621,54,38.062937312,0.555274982561,2.18644600326,-0.00820541103593,0.984984729407,136,61.630531758,57.1418640335,0.830646709341,2.29480233059
0.00524318311062,2.75235060299e-08,66.2477054911,-4.00110525197e-08,0.00669668587365,54,38.2209034669,0.554375639605,2.43382111965,-0.00524322312168,0.984486213222,137,61.7162062884,55.6454352629,0.829025761026,2.29108558776
0.00631691235936,3.64028278632e-08,66.5811886775,3.26449986281e-08,0.00940773488471,54,38.469752214,0.553861789253,2.42169783688,-0.00631687971436,0.984968031723,138,61.9790996969,55.4205371938,0.828098431963,2.2889619823
0.00458809495995,1.09530305936e-08,67.0026705342,2.44325378512e-09,0.00962910715826,54,38.5944451228,0.553356528854,1.99833628654,-0.0045880925167,0.987840672802,139,62.2635485655,58.6308185426,0.827185765642,2.2868738768
0.00563536543245,-5.39719726689e-08,65.4706286223,7.22494622086e-09,0.00667919389692,54,38.5167346294,0.552785301067,2.38778547338,-0.00563535820751,0.985716732138,140,62.1804717576,55.8745324131,0.826152936357,2.28451314582
0.00393374869769,2.71042800426e-08,65.5739841009,1.45209138557e-08,0.00444337931995,54,37.9149916766,0.552427562438,2.59655135069,-0.00393373417677,0.984464042106,141,61.3849753788,54.0741167565,0.82550557031,2.28303470817
0.00696744418429,-1.388490245e-08,65.3288915659,-5.60289612509e-08,0.00684876644051,54,38.0729699373,0.552066501493,2.1548340484,-0.00696750021325,0.987358003658,142,61.6727385621,56.6535610507,0.824851766962,2.28154254028
0.00208965565497,-1.83615103122e-08,66.6194295505,-1.81988150515e-09,0.00626738091343,54,38.3524743282,0.55012476798,2.46196573238,-0.00208965747486,0.985119796894,143,62.0224846397,56.8332018812,0.821328357595,2.27351787731
0.00665571087807,-4.20996826289e-09,66.8567302292,4.31848345651e-08,0.00834140862342,54,38.6930864316,0.549525922645,2.22875570281,-0.00665566769324,0.986406352729,144,62.2445666632,57.1028110794,0.820239201921,2.27104301042
0.00400358260783,-7.14290515624e-10,65.8950371791,6.53971439148e-08,0.00779923707991,54,38.6267366297,0.547892441865,2.20797381922,-0.00400351721069,0.986404979312,145,62.2236096228,56.8581525101,0.817262247938,2.26429227318
0.00638725444364,3.06225678148e-08,67.2144350647,8.54536181021e-08,0.00764544218926,54,38.5275069606,0.547108583562,2.43033378848,-0.00638716899002,0.986027807807,146,62.0524936202,55.6851319235,0.81583054437,2.2610527974
0.00640383708739,-8.81543427145e-09,68.2627158325,2.91446503121e-08,0.00569332100988,54,38.4772838365,0.546211853586,2.06912025513,-0.00640380794274,0.987579897722,147,62.1036898621,58.2412532442,0.814190164941,2.25734685331
0.00774227820297,-4.80026393079e-08,68.330754055,5.15520343452e-08,0.00791547005667,54,38.3577360701,0.545503585002,2.02984667044,-0.00774222665093,0.987837429559,148,62.0990318594,57.9928471055,0.812892631429,2.25441976952
0.00783575291322,2.5208991894e-08,66.3637600881,4.83005161023e-08,0.00699661122699,54,38.5393383117,0.542941621097,1.88261091935,-0.0078357046127,0.98777671105,149,62.2669966831,57.7706422705,0.808185056585,2.24383186097
0.00890149055785,-9.8409129734e-09,66.3646932216,4.93177049938e-08,0.00718500171664,54,38.4830685696,0.541894335295,2.08521469704,-0.00890144124014,0.987272156317,150,62.1624244423,57.4630539132,0.806254283327,2.2395037101
0.00682129222277,-1.40607325783e-08,69.1110270567,8.55347869431e-08,0.00666735723569,54,38.6493003625,0.540516517088,2.48705154169,-0.00682120668799,0.984665847839,151,62.3043271018,54.3834978285,0.803708449739,2.23380955759
0.00654733371084,-1.17935748944e-08,66.114939199,-8.31613911547e-08,0.0095436931483,54,38.5185307945,0.53983892918,2.12388370916,-0.00654741687223,0.986796257473,152,62.1067891844,57.0225287768,0.80245406999,2.2310092688
0.00848780001951,1.6417305515e-08,67.7610646434,-6.8963169209e-08,0.00888301785928,54,38.9617677318,0.538059813626,1.91994688689,-0.00848786898268,0.988152037768,153,62.8380220396,58.1105878087,0.799152985948,2.22365666217
0.00722559183742,6.33720781407e-08,66.6348094057,3.7746760156e-08,0.00916851810193,54,38.9048717668,0.537202217337,1.8403372547,-0.00722555409066,0.987025368074,154,62.6740432767,58.6562080207,0.797557846445,2.22011244709
0.00644194691809,2.17403745006e-08,67.4001377895,-6.22758888159e-08,0.00934695288812,54,38.7366374212,0.53642783409,2.28701549516,-0.00644200919397,0.984574809179,155,62.3848961699,55.8751241201,0.796115294832,2.21691212917
0.00716380988586,1.04463617756e-08,66.760835882,-5.83540102723e-08,0.00831333441158,54,38.6819367515,0.535305553663,1.86498553377,-0.00716386823987,0.988335814696,156,62.4413666796,59.0041403909,0.794020966428,2.21227404566
0.00444332485603,4.00798936262e-08,66.0551190271,1.94084404863e-08,0.00739761821156,54,38.7559996161,0.534177406557,1.9041101057,-0.00444330544759,0.988070662526,157,62.5775335335,58.0004338898,0.791911260027,2.20761171674
0.00649098895449,-1.20359142652e-08,65.8931751236,5.49775077285e-09,0.00681433391622,54,38.6887614638,0.53302675983,1.96021127193,-0.00649098345674,0.988040416287,158,62.4115338028,58.0618347796,0.789754883188,2.20285640294
0.00837144010224,-2.34420666212e-08,67.0638774179,-2.33522544561e-08,0.00872157947992,54,38.6654189124,0.532443289658,2.34885658817,-0.00837146345449,0.985609934089,159,62.4314571613,55.562197044,0.78865964784,2.20044507746
0.00415945779198,-3.73972520729e-08,68.8539477439,-7.63096180006e-08,0.00794819122189,54,38.7480176263,0.531944822166,2.29037338587,-0.0041595341016,0.988249320138,160,62.5981118926,58.1141883616,0.787723020452,2.19838504523
0.00583581336809,-6.76913443076e-08,66.8288169789,-4.44800846632e-08,0.00843675281298,54,38.8535020543,0.531642524328,2.06764855831,-0.00583585784817,0.989363630876,161,62.7174719255,58.6763139833,0.787154570955,2.19713572948
0.0068319178677,3.43394694902e-08,66.9788235383,-8.66902598217e-08,0.00815596118511,54,39.1632144217,0.531184286367,1.80122823846,-0.00683200455796,0.988051749788,162,62.9437157606,59.4616681336,0.786292270559,2.19524195508
0.0100029668901,3.23028513938e-08,67.3590317758,-1.10849612545e-08,0.0081257618932,54,38.866072177,0.530872389977,2.29588259246,-0.0100029779751,0.986190890678,163,62.6360164378,55.0036420281,0.785704926389,2.1939529711
0.0076483731789,1.53539722048e-08,66.9598274161,3.40247243812e-08,0.00915588689217,54,39.2539192587,0.530843374634,2.22140262197,-0.00764833915418,0.986170754878,164,63.214079883,57.488311973,0.78565026893,2.19383305848
0.00413853058146,5.43283563692e-08,67.1383563556,-3.242676017e-09,0.00851606693528,54,39.0124216199,0.53011635761,1.76740112601,-0.00413853382414,0.985409908121,165,62.6612318829,58.4672591722,0.784279779333,2.19082849243
0.00653892784868,-3.88263586837e-08,66.9903612719,-6.00287961525e-08,0.00966539088031,54,38.6114736112,0.529492802425,2.18939791833,-0.00653898787748,0.986290962927,166,62.3014417776,57.9609671034,0.783102826017,2.18825150636
0.00659517438088,5.25986194599e-08,66.8672966032,-3.05748292017e-08,0.00662547861474,54,38.9006164979,0.528502202454,2.01452490492,-0.00659520495571,0.988510095654,167,62.8532678123,57.4366215401,0.781230226892,2.1841576228
0.0072088070239,4.12743911271e-08,67.5147613624,-1.29415344802e-08,0.0064475102481,54,38.7873156195,0.527054410058,2.10241294869,-0.00720881996543,0.988337363609,168,62.6199319637,57.8328567551,0.778487042326,2.17817428577
0.00448851430122,-2.48128122493e-08,66.7320358551,-4.57114871542e-08,0.00700480863826,54,39.1335706713,0.52655449082,1.85117691086,-0.00448856001271,0.987616133876,169,63.0178331638,57.6657760191,0.777538076776,2.17610825387
0.00501031230725,-1.49254874016e-08,67.3525311447,3.14841391042e-08,0.00839159564254,54,38.8717203781,0.525838675826,2.30508910185,-0.00501028082311,0.987871524312,170,62.781000252,57.756913901,0.776177719968,2.1731499828
0.00771068665329,-5.7559195854e-08,67.0641576015,-8.51308464832e-08,0.00749791334103,54,38.8384686119,0.525421767503,1.84059484745,-0.00771077178414,0.988702435236,171,62.5937301968,59.0516113612,0.77538456096,2.1714270127
0.0036033215184,-4.93290092107e-08,67.0148828666,-3.41605311087e-08,0.00385960642868,54,38.7448361974,0.525003280869,2.10973092782,-0.00360335567893,0.988457184644,172,62.6175160767,56.9739083108,0.774587766069,2.16969751986
0.00743265643045,-2.38715855971e-08,65.2648630854,6.74050998532e-08,0.00757883844303,54,38.5625439199,0.524747275682,1.62926616446,-0.00743258902535,0.988551145772,173,62.3988304944,59.2783616116,0.774100021261,2.1686395192
0.00772950092033,-2.78353332606e-08,67.5522557233,6.09982176063e-08,0.00690185546982,54,38.7600922223,0.523736427479,2.1741877294,-0.00772943992212,0.985872071615,174,62.4734877107,55.8534184528,0.772171811002,2.16446195514
0.00474077690429,-4.70166251487e-08,66.9307858171,-8.56643651516e-10,0.00862251470784,54,38.8283894889,0.523349665324,2.23045937105,-0.00474077776094,0.986750819107,175,62.6211175195,56.5427722124,0.771433071035,2.16286357105
0.00880296484983,6.04748267019e-08,66.1988455917,-6.80154566754e-09,0.00962323062584,54,38.9592581588,0.52276918508,1.82095546995,-0.00880297165138,0.987897258146,176,62.9043665192,57.966921895,0.770323292154,2.16046460215
0.00690547115317,-5.1237044052e-08,67.8322189905,6.87386581e-08,0.00681921685953,54,39.3770884997,0.522353371592,2.04424739189,-0.00690540241451,0.989249658098,177,63.4219329198,56.5352517246,0.769527570146,2.15874615671
0.00773283582076,-1.2886588685e-08,68.8580594562,1.87382679148e-08,0.00453945055502,54,39.0567711784,0.522169491368,2.3428899603,-0.00773281708249,0.986605926455,178,62.9095878981,57.0396961061,0.76917548551,2.15798622914
0.00911158074132,-3.70253462334e-08,67.471407808,1.53706591388e-08,0.00649826240612,54,38.9557774168,0.52174224411,2.00593821719,-0.00911156537066,0.988615441133,179,62.807408304,58.6640686948,0.768356934923,2.156220531
0.0072367783023,5.24409735636e-08,68.3124639578,-8.53015090822e-08,0.00913164318781,54,38.7087469011,0.520965490752,2.26183632931,-0.00723686360381,0.986399488768,180,62.5038830696,58.6305849666,0.766867057222,2.15301041805
0.00649363058105,4.44906270713e-08,67.3073601231,-3.23470285646e-08,0.00920371230699,54,39.0426712543,0.520659066977,2.01054395804,-0.00649366292808,0.988950364887,181,62.9738380903,58.8526112982,0.766278699773,2.15174405091
0.00776933106365,-8.03109323488e-09,68.2828670047,-1.2484021696e-08,0.00701204479814,54,39.1754199475,0.519575537192,2.30337629814,-0.00776934354767,0.98734064766,182,63.004891716,58.0103366022,0.764195457834,2.14726611339
0.00856537356569,1.73132371772e-08,68.020407398,1.76055219095e-08,0.00938128016879,54,38.9473631301,0.517352265479,1.92171310103,-0.00856535596017,0.98898043016,183,62.9391425326,58.0002605356,0.75990726127,2.13807792867
0.00503560065571,-2.71380151684e-08,66.8087439838,4.12043867911e-08,0.00693331287155,54,38.8996397101,0.516610345201,1.76324226384,-0.00503555945132,0.98926538522,184,62.8868729826,58.3949377973,0.758472160238,2.13501177148
0.00996883457143,-4.27734766495e-08,67.4819846086,5.8617704025e-08,0.00960755725153,54,39.0607296619,0.515881265592,2.33643360272,-0.00996877595373,0.988470679181,185,63.0926047298,57.4795305353,0.757059887785,2.13199868132
0.00800919925906,9.17108888832e-09,66.7593049024,8.274098021e-08,0.00896082696239,54,39.006374188,0.515469609644,1.89258724411,-0.00800911651808,0.989351597985,186,62.9384653472,57.8822207022,0.756261602777,2.13029741787
0.00595134873079,6.60045454959e-08,67.074232612,1.20444484894e-08,0.00677038853733,54,39.1254544558,0.514678572774,2.14514879197,-0.00595133668634,0.987464275712,187,62.9916215317,58.1617354188,0.7547258295,2.127028275
0.00898043884176,6.21398241751e-08,67.0346542435,6.10361568239e-08,0.00904516650916,54,39.4880123325,0.514529564348,1.89285663345,-0.00898037780561,0.987869617929,188,63.4132858394,59.0510209393,0.754436270136,2.1264124632
0.0076581788622,-3.27857951898e-08,67.4773122376,6.43018535629e-08,0.00561672090579,54,39.2754297294,0.513579692629,1.86418755687,-0.00765811456035,0.988795430456,189,63.1717974684,58.8943272919,0.752588466543,2.12248689857
0.00713223271327,2.83273233759e-08,67.007147432,-9.96786097495e-08,0.00653457981763,54,38.9717862964,0.512461654484,1.96804532985,-0.00713233239187,0.987963004787,190,62.8091754867,58.8474636373,0.750409141916,2.11786634727
0.00769360039845,-3.1830766023e-08,67.5718187531,1.27495605834e-07,0.00686453841184,54,39.4204606866,0.51100684456,2.13875582538,-0.00769347290284,0.986607561454,191,63.3107340171,57.2695807733,0.747566238779,2.11185400868
0.00863162835817,-1.18628790124e-08,68.730569223,2.6055086336e-08,0.0094496849668,54,39.6055218152,0.510420461455,1.92032792824,-0.00863160230309,0.989505173084,192,63.6850294183,59.7417133667,0.746418074506,2.10943064484
0.0107671343495,-5.0499459614e-08,67.6790513899,-7.64065526863e-08,0.00994441633089,54,39.0359616857,0.508360460743,1.97758110864,-0.0107672107561,0.989185540145,193,63.0311264814,58.9510998496,0.742374018568,2.10091721531
0.00937452303239,-4.60062943297e-08,66.9325475619,-3.89538261185e-09,0.00927140795776,54,39.2916088012,0.508073352339,1.76840057383,-0.00937452692778,0.989941606765,194,63.3523861951,58.3674897518,0.741809085744,2.0997306734
0.00737081498758,6.31480479019e-09,67.6307835697,-8.51762432767e-09,0.00966300196989,54,39.4763030556,0.507196372201,1.5950809511,-0.0073708235052,0.990610762296,195,63.7161257214,60.8050539933,0.74008150472,2.09610635009
0.00875990569149,-4.20565302583e-08,68.3414755494,4.78565303102e-08,0.00968121428498,54,39.32422371,0.506418242691,1.61553841073,-0.00875985783495,0.990707164261,196,63.4863383212,60.6086390159,0.738546148676,2.09289054987
0.00701261271324,5.04552301051e-08,68.2039425476,-6.34917680473e-08,0.00803096769369,54,39.0483833032,0.505897730648,2.12170329464,-0.00701267620501,0.987427849692,197,62.8336825441,57.9460476081,0.737517789739,2.09073941343
0.010227386348,-6.80233847028e-09,67.9881170622,-7.44577810771e-09,0.00931110812348,54,39.0258069845,0.50544041304,2.16504263571,-0.0102273937938,0.98763056166,198,62.9759276504,59.2637011808,0.736613408464,2.08884944261
0.00722194435665,-2.91472015412e-08,66.998665326,7.4846837517e-08,0.00865901575045,54,39.104152937,0.504860838733,1.64518997484,-0.00722186950981,0.989923403146,199,63.1361160004,59.4488375584,0.735466078657,2.0864542177
