MinReturn,Entropy,MaxReturn,Iteration,AveragePolicyStd,MeanKL,Perplexity,LossBefore,LossAfter,AverageDiscountedReturn,MaxKL,AverageReturn,StdReturn,NumTrajs,ExplainedVariance
-3203.18411897,1.4189385332,-1238.34676954,0,1.0,0.03303208420903077,4.13273135412,-0.011685379575548669,-0.059863676630055,-1540.29687906,0.5121531673457685,-1672.23520336,294.124861594,459,1.46327394646e-13
-3538.62915232,1.41793854678,-1246.75300364,1,0.999000513393,0.039958964520207835,4.12860074448,-0.025505424738881094,-0.04920286464921861,-1456.00887411,0.4917773128125457,-1563.64621063,224.524086634,523,-2.33993718538
-3329.65312364,1.41698300516,-1240.47923246,2,0.998046382754,0.045366667978209,4.12465757888,-0.04571962649369732,-0.07864923958978333,-1411.30230303,0.28004844333529266,-1507.36402472,204.398650247,567,0.321073914025
-1766.05280602,1.41605228631,-1243.83713472,3,0.997117914316,0.023604572311222528,4.12082046825,-0.04067048015021041,-0.06285036430567618,-1373.47093837,0.22608121086034824,-1459.08231412,105.57585522,610,0.689093447491
-1923.79092031,1.41509367715,-1228.98400242,4,0.996162525943,0.038134337257029936,4.11687210477,-0.08537610092060496,-0.10650698032537684,-1377.64052401,0.31834172847472647,-1461.71360882,104.486419968,618,0.800534909947
-1843.02725788,1.41416378951,-1241.56462166,5,0.995236637277,0.023857329930743524,4.11304565564,-0.04218004152849138,-0.06673603105323025,-1367.94807857,0.2160564763498917,-1449.52154802,106.072728631,633,0.809759620551
-1677.95530513,1.41322769996,-1242.51289212,6,0.99430544257,0.028676466685819045,4.10919727808,-0.012370406243600567,-0.01635617918928466,-1364.14751432,0.18847944352736365,-1444.74386902,103.265688715,638,0.82433634844
-1669.70059511,1.41236130268,-1247.55643709,7,0.993444352112,0.022086090211675142,4.10563862255,-0.01079976980275044,-0.013663135104941966,-1360.85944006,0.31265713640413584,-1440.72650088,103.858630736,642,0.823931694632
-1605.93044499,1.4115552104,-1241.33638261,8,0.992643866961,0.004743682879549565,4.10233043247,-0.028887633409060396,-0.029444869291460177,-1350.53233458,0.13437413042785465,-1429.5210038,108.017730861,648,0.804063198222
-1664.53270335,1.4107436247,-1246.8521817,9,0.991838578227,0.00248546775130308,4.09900239047,-0.03157887021938384,-0.032061021316086555,-1363.33475151,0.07217621366838325,-1442.90018598,105.375501591,645,0.804183283588
-1670.13511822,1.40992041751,-1232.32052718,10,0.991022425546,0.002430281514293711,4.09562945069,-0.02700660795283319,-0.028695459315948215,-1365.53802014,0.05188928126489321,-1444.94717306,107.029986129,645,0.820447177149
-1669.96695152,1.40909745804,-1236.45055976,11,0.990207189757,0.0017168816642991057,4.09226030019,0.007895767072454868,0.007755486865291451,-1369.0588962,0.021288514257728923,-1449.18871197,101.79104911,642,0.840022483396
-1672.94240814,1.40838861166,-1245.66272582,12,0.989505533692,0.0015436956394139884,4.08936054417,-0.0019520783306362683,-0.0022521913751206973,-1356.96736253,0.010913025735575335,-1436.3121989,103.609153951,646,0.820372448586
-1588.5965034,1.40774230639,-1249.32849139,13,0.98886621767,0.0030283067009881414,4.0867184228,0.01850405783392049,0.01524835144178118,-1349.23754584,0.023698797219753785,-1427.9109048,108.781956391,650,0.801024635229
-1588.5965034,1.40723368599,-1252.58676283,14,0.98836338802,0.0020757679096317476,4.08464036294,0.024893383430759756,0.023518120690722445,-1358.63573237,0.020540355050820178,-1437.65225441,109.083742209,648,0.808030679069
-1588.5965034,1.40687369349,-1255.38236454,15,0.988007648652,0.0006964291098090951,4.0831701877,-0.01068483388791505,-0.009083261449901524,-1358.47897463,0.01784087306250339,-1437.74986637,107.343319915,647,0.818004083424
-1588.5965034,1.40650889816,-1239.4703802,16,0.987647293811,0.0004007444563310944,4.08168093795,-0.011800194091581654,-0.010528419255982883,-1352.43807177,0.0035398741636368976,-1431.43998794,106.209069479,648,0.811465178144
-1588.5965034,1.40613529998,-1237.71079332,17,0.987278379488,0.0005079664305679009,4.08015631416,0.007098559290293319,0.006870552843347424,-1357.71000259,0.003919838158384623,-1436.37576933,115.03289422,650,0.796040811023
-1588.5965034,1.40582313741,-1254.82264319,18,0.986970236237,0.0005632197879760744,4.07888284088,0.004641861569452678,0.004311564959293242,-1340.03414794,0.004598498394897796,-1418.19900653,110.840168956,653,0.782798805131
-1588.5965034,1.40555718149,-1253.12153793,19,0.986707780557,0.0002845990924119182,4.07779818206,0.004639730150761877,0.0040050485287776065,-1360.33231221,0.005469770242915452,-1439.58630301,104.389300184,646,0.815902044334
-1588.5965034,1.40533320772,-1254.25122282,20,0.986486808646,0.0003263989393988903,4.07688496452,0.013168674803190016,0.012636397291170031,-1364.37114544,0.005877555988224047,-1443.95992514,103.190090656,645,0.83023103847
-1588.5965034,1.40518107618,-1230.17885464,21,0.986336744302,0.00012270988205671966,4.0762647889,-0.0006281482057371719,-0.00018620371676186524,-1358.86434623,0.0027422877026166415,-1438.11253427,106.524717077,647,0.817696694415
-1588.5965034,1.40504015962,-1256.00653515,22,0.986197762917,0.00010829798818020435,4.07569041617,0.011227989948630555,0.011059445333916621,-1362.53890918,0.006465864993035037,-1441.81090948,108.86529109,647,0.816071933171
-1588.5965034,1.40495634152,-1256.07461831,23,0.986115105158,5.4907199556762616e-05,4.07534881386,-0.009603712016080687,-0.009597045292422252,-1356.62050847,0.005980742291559066,-1435.71143083,107.804320727,648,0.81269605475
-1588.5965034,1.40484218931,-1253.03274335,24,0.986002544366,5.569502336751109e-05,4.07488363035,0.003524697632980637,0.0034111288696729515,-1360.27587491,0.003461139135649882,-1439.6178991,105.026164953,646,0.82369836698
-1588.5965034,1.40475236046,-1257.9404174,25,0.985913976863,8.066425744263547e-05,4.07451760465,-0.009786319261041957,-0.010024227009721108,-1361.54162934,0.0020011450458449903,-1440.85686072,106.235809545,646,0.819053482589
-1588.5965034,1.40463117863,-1256.48813155,26,0.985794509241,8.537025500663026e-05,4.07402387706,-0.0062219810505115235,-0.006350269274305457,-1367.11322055,0.0015240387946116648,-1447.09242653,100.073243415,643,0.841445182073
-1588.5965034,1.40449545326,-1255.45968043,27,0.985660721002,8.296313480574e-05,4.07347096621,0.00793874341246499,0.007622995002998436,-1361.88154618,0.0054144535189946,-1441.15398761,108.171795273,647,0.815653302341
-1588.5965034,1.40440480764,-1254.87829553,28,0.985571379218,5.6856914380200956e-05,4.07310174062,-0.0007349584477141681,-0.0006438229972938846,-1357.67225822,0.00305588056081129,-1436.64955532,108.649701313,648,0.80900226065
-1588.5965034,1.40431914459,-1253.32145094,29,0.985486955783,0.0001071097511930297,4.07275284124,-0.0010769620250330439,-0.0014745655704347022,-1366.57393924,0.004572576145966423,-1446.40163981,102.227996471,644,0.83582912593
-1588.5965034,1.40423653907,-1253.33623054,30,0.985405552485,0.00012173756334650591,4.07241642328,0.017384847826453227,0.017291596070630567,-1367.41685739,0.005377885656451215,-1447.0134103,106.623867137,645,0.827833768189
-1588.5965034,1.40423580053,-1256.48833375,31,0.985404824725,0.00014219466092476343,4.07241341564,0.011701085041972788,0.011366115037912542,-1361.85671526,0.003456770152860323,-1441.35075441,105.924172188,646,0.824422449846
-1588.5965034,1.40428528729,-1253.43104559,32,0.98545359042,0.00011167195954587285,4.07261495116,0.00836164174622497,0.008403256973873164,-1359.39604068,0.0036872467243730424,-1438.51080081,108.028344625,647,0.812461955693
-1588.5965034,1.40436649116,-1253.20944053,33,0.985533616322,0.00012773469899793398,4.07294567672,0.006222401325843673,0.006006700016339686,-1354.4820563,0.008121168418023256,-1433.41618279,108.05265738,648,0.807369425876
-1621.90716825,1.40446762162,-1258.03349699,34,0.985633288826,0.00014320541293266097,4.0733575964,-0.006566162153888839,-0.006759679105338001,-1360.60581544,0.009635776360144096,-1440.06019362,103.707757236,645,0.825650999003
-1621.61252512,1.40453056319,-1255.02497068,35,0.985695328088,0.0001861140718132136,4.073613988,-0.0002548821719085012,-0.0006940019049939744,-1364.66085095,0.01424037286857054,-1444.32579912,102.371339102,644,0.832457724536
-1588.5965034,1.40458673964,-1254.38365686,36,0.985750702504,0.00026467288244881755,4.07384283559,-0.015035923675369475,-0.015560736834192316,-1361.22006593,0.017881135646268503,-1440.60794806,105.471595401,646,0.822106625723
-1588.5965034,1.40456987804,-1254.4128317,37,0.985734081315,0.0002567369509917218,4.07377414468,-0.030183998435802994,-0.03046065469782477,-1359.61844788,0.017423889925852178,-1438.767421,106.712245422,647,0.815409460307
-1588.5965034,1.40442064385,-1253.99100278,38,0.985586987056,0.00033102194836641424,4.07316624362,0.0026382284934125333,0.00239863144326903,-1362.30989815,0.01257760134619286,-1441.70372284,105.1927914,646,0.824374649392
-1588.5965034,1.40429668574,-1254.22247359,39,0.985464823134,0.0005188174246677188,4.07266137295,-0.016021940680869234,-0.017299802638496647,-1358.55205573,0.01690781430179281,-1437.74905593,106.48980145,647,0.817203814685
-1588.5965034,1.40411219447,-1254.8506047,40,0.985283030241,0.000561066150579735,4.07191007176,0.003305185882692061,0.0026487484671142815,-1354.46338619,0.014642333152630485,-1433.41536308,107.009923685,648,0.810494291587
-1588.5965034,1.40395944359,-1248.45735212,41,0.985132538893,0.0006529880434974334,4.07128813145,0.01662036421738606,0.01572686948050768,-1355.5122494,0.013111048839400464,-1434.42453398,108.233122641,649,0.798550415922
-1588.5965034,1.40389764382,-1249.01524512,42,0.985071659808,0.0005970792543039588,4.07103653455,0.006856585361477715,0.0067339712184141445,-1355.75730915,0.01634992880487904,-1434.85598528,107.320963164,648,0.812777291989
-1588.5965034,1.40387323758,-1254.52405212,43,0.985047618206,0.0005081685739293016,4.07093717707,-0.015956858132980884,-0.01599943757674904,-1358.47496008,0.011695851819865658,-1437.67809942,107.967050609,647,0.815232099376
-1588.5965034,1.40377696025,-1254.79197195,44,0.984952785013,0.0004955456091952149,4.07054525695,-0.010338355483845551,-0.010707472948385003,-1359.54388077,0.016342449549066343,-1438.73022066,108.277917834,647,0.813759042602
-1588.5965034,1.40364116038,-1257.4180014,45,0.984819037635,0.0006920544735096459,4.06999251497,-0.0164414503284821,-0.017566695610490943,-1356.83150423,0.013724908877639547,-1435.81484444,108.729860666,648,0.808848701236
-1588.5965034,1.40344111322,-1256.81895736,46,0.98462204709,0.0004741754632594689,4.06917840597,-0.004537975802279261,-0.00429277408605914,-1353.62669308,0.011695533374937273,-1432.3477158,110.512574636,650,0.80262053823
-1588.5965034,1.40323775149,-1257.94016797,47,0.984421833001,0.0002747561874397016,4.06835097493,-0.006284490443878312,-0.005947464824295463,-1361.05951735,0.0050129124416539335,-1440.10973124,110.335126285,648,0.810186147787
-1588.5965034,1.40302291772,-1254.72612733,48,0.984210368667,0.0004682089130807419,4.06747704964,0.005503626664607343,0.004479842258762574,-1344.90194019,0.007886264831010788,-1423.16342917,111.059506073,652,0.785597476986
-1588.5965034,1.40285441539,-1258.03349699,49,0.984044540897,0.000507364658502286,4.06679172802,0.006160386420557172,0.005609233643409594,-1356.79753475,0.007802978136719959,-1435.88220251,107.195041862,648,0.812406974537
-1588.5965034,1.40273149012,-1251.68931154,50,0.983923584394,0.0006938913981862234,4.06629184729,0.015401645618890009,0.014252441602325009,-1357.80282525,0.005062229361274748,-1436.90925307,109.042010872,648,0.810671940835
-1588.5965034,1.4026959136,-1240.06381787,51,0.983888580437,0.0008103981893872985,4.06614718534,0.0068915711762948285,0.005929249729772822,-1357.34301549,0.0033556557435052165,-1436.58348658,104.954155131,647,0.820091694904
-1588.5965034,1.4026976887,-1258.03349699,52,0.98389032694,0.0007472621033457293,4.06615440316,-0.004621896953993535,-0.00483465287423002,-1363.94006991,0.006284847146341196,-1443.48252111,105.710331916,645,0.826454568975
-1588.5965034,1.40267625338,-1258.03349699,53,0.983869237162,0.0008482056918262391,4.06606724478,-0.01912800588040881,-0.019432473130671275,-1362.54212799,0.031360930530651684,-1441.96596835,107.277578661,646,0.822222490387
-1588.5965034,1.40256151444,-1258.03349699,54,0.983756355524,0.0007934183135911057,4.06560073529,-0.014854448485987553,-0.01461591017587811,-1353.2262315,0.03868722940869832,-1431.94937871,111.059950093,650,0.79870820575
-1588.5965034,1.40238343998,-1257.87218057,55,0.983581189234,0.0008204728438540878,4.06487682007,-0.004832259711802086,-0.005196063292691456,-1353.26073949,0.057948845906321184,-1432.33581165,106.816997444,648,0.769690483853
-1588.5965034,1.40219741015,-1258.03349699,56,0.98339823082,0.0010952279482410651,4.0641207021,0.0038140113305291296,0.002927230272496239,-1356.5457871,0.06962482742805316,-1435.53164397,109.487647154,648,0.80750247787
-1588.5965034,1.40204798504,-1258.03349699,57,0.9832512974,0.0011075186518055486,4.06351346575,0.002518881946520922,0.0017747963649300447,-1359.33691849,0.06785237461801143,-1438.32036829,110.558099791,648,0.805546376142
-1588.5965034,1.40192529074,-1258.03349699,58,0.983130665472,0.0007490338863687057,4.0630149264,0.011746982961043132,0.012192860807135818,-1352.77418264,0.056752518442466086,-1431.80952737,105.578401721,648,0.812745740125
-1588.5965034,1.40187495275,-1251.34777782,59,0.983081177901,0.0007355249738129762,4.06281040756,0.010861587189188112,0.010536814438990648,-1359.76733913,0.046922604908497346,-1439.18571672,103.337310669,646,0.822978856485
-1588.5965034,1.40188581756,-1258.03349699,60,0.983091858948,0.0005881350062092754,4.06285454946,0.0071538032254245916,0.006848248777423121,-1359.99178768,0.041836390562990475,-1439.28397909,105.565563625,647,0.819027963311
-1588.5965034,1.40193309894,-1258.03349699,61,0.983138341991,0.0006134876314095079,4.06304665139,-0.0016048808330257657,-0.0020340599370875095,-1362.60874392,0.021806050200956825,-1441.98933349,107.077407214,646,0.819111003496
-1588.5965034,1.40196753553,-1258.03349699,62,0.9831721985,0.00056834974575299,4.06318657124,-0.005713077106178561,-0.00613397760008117,-1355.21794785,0.014317428748612386,-1434.05917238,108.980135557,649,0.804593192109
-1588.5965034,1.40196839421,-1258.03349699,63,0.98317304273,0.0005531093339956624,4.06319006022,0.001984828974012929,0.0018531666879028547,-1361.07683091,0.03430546193787627,-1440.45265637,106.335267633,646,0.819749580723
-1588.5965034,1.40197980477,-1255.98968454,64,0.983184261353,0.0004700589561060888,4.06323642377,-0.0035875761444442308,-0.0036357390584706504,-1360.91884612,0.03808392729340203,-1440.35047396,107.212636305,646,0.814538738883
-1588.5965034,1.40197078957,-1256.35934891,65,0.983175397788,0.0002591959767857938,4.06319979304,-0.013425443407803257,-0.013308960942367856,-1351.30432929,0.012545206937820347,-1430.15891647,108.597125285,649,0.807397712754
-1588.5965034,1.40188991911,-1258.03349699,66,0.983095891152,0.00016592190958740794,4.06287121347,-0.0035827747723562145,-0.003466190460567718,-1354.23907158,0.010584980547327625,-1433.22388746,106.849812452,648,0.811563608436
-1588.5965034,1.40179704389,-1258.03349699,67,0.983004590152,0.00011492657370514179,4.06249389097,-0.013667363347609101,-0.013752704213687371,-1355.68409263,0.023381338164935365,-1434.29112077,112.262224268,650,0.797793957003
-1588.5965034,1.40163834653,-1258.03349699,68,0.98284860229,0.00010044165671906998,4.06184923504,-0.0026916985954288843,-0.0027068253030283133,-1374.4047043,0.01172251991297998,-1454.71620185,98.0584890383,641,0.850735031645
-1588.5965034,1.40147962494,-1258.03349699,69,0.982692615385,0.0002561411983769446,4.06120458307,0.023961232492521498,0.02356180704378532,-1374.85403016,0.03893178344725362,-1455.19832544,97.8917046416,641,0.855870393296
-1588.5965034,1.40146899297,-1258.0313121,70,0.982682167474,0.0001616767280304989,4.06116140466,-0.012447420448329593,-0.012487564131141894,-1366.74986235,0.027603348314512322,-1446.19811567,106.380258485,646,0.821921258947
-1588.5965034,1.40139084941,-1258.03349699,71,0.982605380199,0.00024288470970832468,4.06084406348,0.009138291519462957,0.008737178727591948,-1360.95773323,0.03771484851895388,-1439.9170038,110.408138805,648,0.792675979838
-1588.5965034,1.40137072912,-1258.03349699,72,0.98258561009,0.0004057136147112104,4.06076235893,0.015305364594835833,0.014708470048403208,-1354.45493549,0.042228293145753555,-1433.17000062,108.659866418,650,0.802805982002
-1588.5965034,1.40143747887,-1258.03349699,73,0.982651199624,0.0005920987097925029,4.06103342285,0.01763308734868843,0.016564733451832726,-1361.09843353,0.06099004470149057,-1440.44541547,105.650945688,646,0.821518451461
-1588.5965034,1.40159539765,-1258.03349699,74,0.982806390957,0.0007188741197187207,4.06167478694,0.01456666105708315,0.013803199979088835,-1358.11618439,0.062099241907021235,-1437.2387514,107.25746072,647,0.81519511282
-1588.5965034,1.40181886851,-1258.03349699,75,0.983026044081,0.000852302580665471,4.06258255429,0.0061757844896951665,0.004957541486297852,-1349.00854185,0.07561670968874779,-1427.53817518,109.016682639,651,0.798725829013
-1588.5965034,1.40205575972,-1257.96652519,76,0.983258941895,0.0004914918084003793,4.06354505839,-0.005979558734895354,-0.0053651194410281895,-1362.57213204,0.033456812157222016,-1442.45142378,98.9239660002,643,0.837245705767
-1588.5965034,1.40223658903,-1258.03349699,77,0.983436760014,0.00014444133306288585,4.06427993291,0.021861865019046675,0.022179151415817017,-1363.1695026,0.012752465849723551,-1442.51009719,107.595470411,646,0.821750396311
-1588.5965034,1.40252140238,-1258.03349699,78,0.983716895818,9.39964843141682e-05,4.06543765893,-0.012959592905918861,-0.012989153598491628,-1357.9121073,0.017981133162584716,-1436.87871509,110.983724061,649,0.806779129804
-1588.5965034,1.40270561053,-1258.03349699,79,0.983898121183,5.0800705804562244e-05,4.06618661467,0.004888440131228865,0.0045473693275733295,-1353.35576609,0.0021897946296339423,-1432.25535629,107.768761477,649,0.804942232787
-1588.5965034,1.40290006882,-1258.03349699,80,0.984089466934,1.4652899880240764e-05,4.06697739526,-0.012657209435547882,-0.012656138502266793,-1352.59807003,0.0012630075314123274,-1431.5499666,107.176062774,649,0.809129805882
-1588.5965034,1.40300375855,-1258.03349699,81,0.984191512196,7.098539721716145e-05,4.06739912091,-0.005592622236121917,-0.005981426759277595,-1360.91363843,0.0006165390132849089,-1440.01898508,108.263223371,648,0.813705250452
-1588.5965034,1.40306567847,-1258.03349699,82,0.984252455135,2.90748313500265e-05,4.06765098171,0.0051925161486799515,0.0051385957006031754,-1359.61239338,0.0019187239079752113,-1438.70442845,107.374129065,648,0.81535674221
-1588.5965034,1.40315155013,-1258.03349699,83,0.984336978163,4.237105428894225e-05,4.06800029267,-0.02347273471795577,-0.023587347812381584,-1360.5431899,0.011207826555837738,-1439.63488591,108.945531698,648,0.813161974281
-1588.5965034,1.40309430918,-1258.03349699,84,0.984280635393,2.2705031132475182e-05,4.06776744315,0.003277853886413509,0.0033160628526760793,-1367.97923385,0.0031732851864176848,-1447.65142916,102.88018077,644,0.834322243324
-1588.5965034,1.40306132733,-1256.69391465,85,0.984248172525,2.598407252868537e-05,4.06763328283,0.005963681811485934,0.005811294715685125,-1355.60249572,0.0013209837797470286,-1434.70462196,104.869614363,647,0.813883742259
-1588.5965034,1.40306595227,-1258.03349699,86,0.984252724632,2.0255271832200414e-05,4.06765209547,-0.017294311182361376,-0.017302488240416785,-1351.94192814,0.0009432326664299481,-1430.42884468,111.505660385,651,0.798262901929
-1588.5965034,1.40297016202,-1258.03349699,87,0.984158447331,1.1710234793850852e-05,4.06726247271,0.02311481071539124,0.023078994826867885,-1361.67183898,0.0005741365598271823,-1441.06375318,103.601100329,646,0.827190985243
-1588.5965034,1.40301732233,-1258.03349699,88,0.984204861645,4.186053615985436e-05,4.0674542906,-0.006835293866454726,-0.007170363153820158,-1356.90510302,0.010048705369046718,-1435.91905038,107.31012989,648,0.81025006429
-1588.5965034,1.40302046089,-1258.03349699,89,0.984207950633,1.9281092142669997e-05,4.06746705656,-0.019243057826540347,-0.019373046599197787,-1349.02052168,0.002048486796075541,-1427.74683331,109.418953687,650,0.798153190179
-1588.5965034,1.40291218347,-1236.5062368,90,0.9841013889,9.128579693275331e-05,4.06702666554,-0.00446759010000543,-0.005006585323549947,-1351.91738411,0.005679392075946265,-1430.73428288,106.088765062,649,0.810055449727
-1588.5965034,1.40278827472,-1258.03349699,91,0.983979457688,0.00018701923692912326,4.0665227566,-0.0015452626948156856,-0.0021014406218149728,-1358.81513832,0.04237224420372937,-1438.12283402,103.122555533,646,0.823246925448
-1588.5965034,1.40266710221,-1258.03349699,92,0.983860233643,0.00011620077596335824,4.06603003565,0.004139124589832518,0.004227990973234927,-1354.19925919,0.013258233155597834,-1433.25886108,105.257132526,648,0.813493610564
-1588.5965034,1.40258175767,-1258.03349699,93,0.983776270129,5.054918984348551e-05,4.065683037,-0.009077550877445995,-0.008818231224523434,-1361.76822523,0.006184578030006299,-1441.37631051,102.767699432,645,0.830182314168
-1588.5965034,1.40245115271,-1258.03349699,94,0.983647792466,4.4427357423209824e-05,4.06515207334,0.0024684943560272744,0.0024570954898328152,-1352.76166273,0.004094396186225209,-1431.54025142,108.638577768,649,0.806102296586
-1588.5965034,1.40234759337,-1258.03349699,95,0.983545931819,1.9944612997508653e-05,4.06473111065,0.008561885304048281,0.008436143213684594,-1352.99306233,0.0012899950693890053,-1431.86725076,107.896627679,649,0.80650991047
-1588.5965034,1.4023049388,-1258.03349699,96,0.983503979981,3.2171504622139065e-05,4.06455773497,-0.03338312576314108,-0.03370612949868241,-1361.48913323,0.0017424021094630433,-1440.88448116,105.809584313,646,0.821528411237
-1588.5965034,1.40207165739,-1258.03349699,97,0.983274573551,8.66500411619336e-05,4.06360965983,-0.0008741166238705442,-0.001140516511782759,-1348.27490143,0.003474702136283512,-1426.74215111,109.364080508,651,0.794633693059
-1588.5965034,1.4018554285,-1258.03349699,98,0.983061984169,7.310137318007802e-05,4.06273108502,-0.009837318165938266,-0.009911033870293092,-1357.49321555,0.008525370990870317,-1436.61000112,106.118002017,647,0.816452901122
-1588.5965034,1.40160201191,-1258.03349699,99,0.982812891509,3.755363065199442e-05,4.06170165197,0.010351934299916524,0.010322793354690581,-1359.08447759,0.010508665553098324,-1437.97707017,109.528482882,649,0.808266805683
-1588.5965034,1.40143454707,-1258.03349699,100,0.982648318688,0.00018503378629840578,4.06102151672,-0.0022001495585115332,-0.0027338033621376007,-1360.70208881,0.04433260782319347,-1439.94998065,107.680609999,647,0.818511627674
-1588.5965034,1.40126994326,-1257.27140215,101,0.982486584338,0.00011383632687113171,4.0603531121,-0.005509384607570427,-0.005293454382378904,-1380.23710719,0.03917468190641468,-1460.73849955,95.4963749174,640,0.85922352426
-1588.5965034,1.40108813605,-1258.03349699,102,0.982307977435,0.00011192721448093554,4.05961497775,-0.0002233529104621337,-0.000553091363891607,-1357.84700263,0.007273455382446496,-1436.61565302,109.98098113,649,0.800737288763
-1588.5965034,1.40092232338,-1258.03349699,103,0.982145111828,0.00012832270680819476,4.05894189795,0.0016877062952228565,0.0016120652281428718,-1358.34856151,0.0015428627028776197,-1437.21503253,108.370289843,649,0.808757662099
-1588.5965034,1.4007825449,-1258.03349699,104,0.982007838671,0.00029627953354939573,4.05837458487,-0.012961713764977234,-0.013817252508814708,-1356.53327165,0.0004871604913253315,-1435.38036896,111.63601773,649,0.805058937386
-1588.5965034,1.40057796872,-1258.03349699,105,0.981806963807,0.00019511798143689223,4.05754442302,0.010633039795564894,0.01078564967932557,-1360.24238839,0.0004286263061142291,-1439.1888522,110.506100059,648,0.809352286916
-1588.5965034,1.40045792496,-1258.03349699,106,0.981689111087,0.00017068777359667862,4.05705736939,0.00938032400108443,0.009333741748424563,-1364.8018779,0.0004956261419067388,-1444.46276115,103.604020284,645,0.832411145402
-1588.5965034,1.4004067134,-1258.03349699,107,0.981638838538,0.00019041338640195908,4.05684960645,-0.019214516928148656,-0.01955277121907384,-1354.25759111,0.006554310516977118,-1432.90728099,110.83429269,650,0.798673227519
-1588.5965034,1.40024377293,-1258.03349699,108,0.981478902872,0.0005158360649282246,4.05618863531,0.0033609356193079793,0.0022732500362516654,-1366.99253086,0.047452048771577084,-1446.48782346,103.409655695,645,0.826948580592
-1588.5965034,1.40011699198,-1258.03349699,109,0.98135447794,0.0004703747570361,4.05567442049,0.013983298034212296,0.013426966601352354,-1360.35555652,0.02092668398219477,-1439.50101211,109.397346034,647,0.813004730887
-1588.5965034,1.40008834636,-1258.03349699,110,0.981326366835,0.0003417076129354802,4.05555824485,0.006228063506773044,0.006054775639899298,-1358.79595493,0.00407606035136783,-1438.12707479,105.950530118,646,0.818955711196
-1588.5965034,1.40010074413,-1258.03349699,111,0.981338533165,0.00025927058885646395,4.05560852502,0.004337158714170995,0.0042448293347106935,-1356.47228522,0.0076606198099117995,-1435.65955729,105.277484308,647,0.820180466889
-1588.5965034,1.40013872905,-1258.03349699,112,0.981375809942,0.0002387033066289841,4.05576257992,0.002495784332471767,0.0025153831245792483,-1363.32835637,0.004189361994110172,-1442.71652297,106.795161494,646,0.821414337485
-1588.5965034,1.40018855295,-1258.03349699,113,0.981424707125,0.00022084175379100314,4.05596465885,-0.005505439264653812,-0.005758241292376057,-1359.90940122,0.007463290407113686,-1439.12788859,106.590962735,647,0.818742223355
-1588.5965034,1.4001992911,-1258.03349699,114,0.981435245867,0.00011686541570116158,4.05600821263,0.0198011352472833,0.01990164746547434,-1354.1566232,0.0027621599687471035,-1432.94272133,110.327842763,649,0.803341659213
-1588.5965034,1.40033196172,-1258.03349699,115,0.981565462133,7.343962250555857e-05,4.05654636148,0.006205187316070793,0.006185408021387632,-1363.59785302,0.004878814271229135,-1442.86134356,107.023210833,647,0.818047199987
-1588.5965034,1.40049053616,-1258.03349699,116,0.98172112566,0.00010437273775789388,4.05718967702,0.016611054651959157,0.01643408849058942,-1360.78969634,0.0041088877756678185,-1439.8570435,109.107159892,648,0.807364027956
-1588.5965034,1.40073678157,-1258.03349699,117,0.981962899752,5.540666615881695e-05,4.05818886439,0.005523220204994716,0.005560087550049565,-1364.62409402,0.002254157375991727,-1444.02945604,108.103233881,646,0.821937160068
-1588.5965034,1.40099386199,-1258.03349699,118,0.98221537564,5.0894146765723324e-05,4.05923227941,-0.004444887155131386,-0.004514468710836412,-1359.20881028,0.0015119391211860858,-1438.29529798,107.419403113,648,0.814635877194
-1588.5965034,1.40119825004,-1258.03349699,119,0.982416149244,4.7631908811221196e-05,4.06006202278,-0.005270852143342125,-0.005333374118053297,-1354.75189256,0.0012277821036603478,-1433.68373436,106.790546103,648,0.811617893683
-1588.5965034,1.4013496626,-1258.03349699,120,0.982564910652,3.701712060901463e-05,4.06067681371,0.024357400904991784,0.024268953417003556,-1365.20689484,0.0016478202681222305,-1444.50900447,110.331222204,647,0.817590321678
-1588.5965034,1.40163793488,-1258.03349699,121,0.982848197705,7.517361438491667e-05,4.061847563,-0.0035776055235729734,-0.003908622054290923,-1358.41293429,0.001244552823682351,-1437.48535495,109.83567854,648,0.81198995287
-1588.5965034,1.40187592133,-1258.03349699,122,0.98308213009,3.520031099480247e-05,4.0628143427,-0.016215784566175367,-0.016166161097759462,-1357.25076385,0.0033209448580190926,-1436.2956103,107.62869863,647,0.812730774518
-1588.5965034,1.40198793336,-1258.03349699,123,0.983192253281,7.226612493742084e-05,4.06326945226,-0.021535024454873732,-0.021785842460768937,-1361.97469214,0.0039776164571343475,-1441.45999177,104.142688597,645,0.826094717221
-1588.5965034,1.40195323041,-1258.03349699,124,0.983158134209,3.348084288257701e-05,4.06312844731,-0.010422837807925583,-0.01041991921684521,-1358.05642071,0.0013009886032709674,-1437.43360981,103.006981389,645,0.824412475862
-1588.5965034,1.40185634865,-1258.03349699,125,0.983062888731,2.3351987774825398e-05,4.06273482333,0.0027948698107453894,0.002732013299258438,-1362.92890249,0.002616869931743213,-1442.38201937,104.983335331,646,0.826142432968
-1588.5965034,1.40178645289,-1258.03349699,126,0.982994179205,1.876984623238526e-05,4.06245086532,0.0010716920984104338,0.0010166302318933766,-1361.74462735,0.00058082251553759,-1440.97715949,107.216534347,647,0.819503227152
-1588.5965034,1.40173007994,-1258.03349699,127,0.98293876648,4.105855933637883e-05,4.06222185941,0.00435345361874951,0.004089251984571492,-1363.81103271,0.005468624240227666,-1443.23453106,106.205838705,646,0.824780646908
-1588.5965034,1.40170687324,-1258.03349699,128,0.982915955983,7.157062692736357e-05,4.06212758976,-0.0010083817705385933,-0.0012368024257856161,-1360.25095347,0.0020086632983321306,-1439.47876563,107.026816633,647,0.815580942001
-1588.5965034,1.40167945138,-1258.03349699,129,0.982889002967,6.979575752012446e-05,4.06201620019,0.005210420206409571,0.0051353718477392335,-1363.69674369,0.0005221921321173773,-1443.00468249,109.293990015,647,0.817366979886
-1588.5965034,1.40168812199,-1258.03349699,130,0.982897525255,2.7616220729582396e-05,4.06205142051,-0.002053032250180287,-0.002073163305608883,-1360.19916948,0.0017509342489449992,-1439.32344621,105.889611629,647,0.815916425308
-1588.5965034,1.40168272777,-1258.03349699,131,0.982892223303,2.1555428589885417e-05,4.06202950897,0.017380257484204204,0.017330557254986414,-1356.91516906,0.00029848502161736873,-1435.9328534,107.688112132,648,0.811906632177
-1588.5965034,1.40178975722,-1258.03349699,132,0.98299742735,1.5837942664009657e-05,4.06246428903,-0.011075621433051798,-0.011239929283952897,-1357.00102082,0.000184106519166196,-1435.99479145,107.718123357,648,0.809911320629
-1588.5965034,1.40181483774,-1258.03349699,133,0.983022081743,8.545930506972565e-05,4.06256617901,0.011099815405914698,0.010486944644038137,-1353.24845823,0.01170405995153434,-1432.30988967,104.855860888,648,0.815292750241
-1588.5965034,1.40190918631,-1258.03349699,134,0.983114832841,7.014995414248722e-05,4.06294949438,-0.0020832066289946773,-0.0021298673660775165,-1351.55164459,0.01127794990845898,-1430.47527054,106.293149138,649,0.809486058395
-1588.5965034,1.40198091677,-1258.03349699,135,0.983185354654,5.5194853913592275e-05,4.06324094209,0.017998894049027457,0.017955052612112277,-1356.34868643,0.010789679083992443,-1435.25678521,108.886436667,649,0.80827270376
-1588.5965034,1.40216198823,-1258.03349699,136,0.98336339758,2.121034858833775e-05,4.06397674568,0.020381920237129546,0.0204193818071054,-1354.50847006,0.0021760688357380566,-1433.35669173,109.433659798,649,0.805825963064
-1588.5965034,1.4024561446,-1258.03349699,137,0.983652702739,2.30571885400595e-05,4.06517236618,0.023224724089579023,0.023076769210049947,-1352.96315931,0.001827010896044215,-1431.88729397,108.210816352,649,0.806174694327
-1588.5965034,1.40286891422,-1258.03349699,138,0.984058808495,9.53704359075859e-06,4.06685069217,0.0022188276214848424,0.0022060040413100497,-1361.78925284,0.000648404861286039,-1441.26624596,105.390986462,646,0.822811292394
-1588.5965034,1.40325613579,-1258.03349699,139,0.984439931081,1.5799602503888834e-05,4.06842576943,-0.0047758873190069835,-0.0048223165781864355,-1367.58833026,0.0005754174403573339,-1447.01726936,108.538799029,646,0.822674359027
-1588.5965034,1.40357492099,-1258.03349699,140,0.984753805986,1.5269686457990995e-05,4.06972293009,-0.005293026611711784,-0.005334516855601183,-1363.19070586,0.0004176140891427871,-1442.49586336,107.04011757,647,0.820645790379
-1588.5965034,1.40382840371,-1258.03349699,141,0.985003455701,2.2737928247675827e-05,4.07075466529,-0.005161862568237665,-0.0052125980957743465,-1358.01556099,0.00030307492420547123,-1437.20134693,105.694224295,647,0.818189339052
-1588.5965034,1.40402365549,-1258.03349699,142,0.985195798154,0.000105554916534155,4.07154956498,0.0070905659420252,0.006699688501648063,-1363.41715468,0.0003359205328586825,-1442.88570394,104.814462724,646,0.826593884078
-1588.5965034,1.40424626487,-1258.03349699,143,0.98541513639,0.0002772246102400163,4.07245603099,-0.002565118187054993,-0.003259288885335229,-1363.01005884,0.0033646190339084205,-1442.43673908,105.604110926,646,0.826298442913
-1588.5965034,1.40443050935,-1258.03349699,144,0.985596710413,0.00013544731521815094,4.07320642764,0.0031506495812015983,0.0033492310456651447,-1359.04232149,0.0029025916752444467,-1438.21009933,107.492661977,647,0.816893016618
-1588.5965034,1.40461766979,-1258.03349699,145,0.985781192397,4.358992094558499e-05,4.07396884212,0.01430913141272595,0.014392366398478308,-1358.2882011,0.003072734167381472,-1437.48869918,105.55308682,647,0.818054565772
-1588.5965034,1.40488045829,-1258.03349699,146,0.986040278396,0.00012504173724870625,4.07503957495,-0.0006161131018306314,-0.0009853717865742175,-1355.03911969,0.013648939318722207,-1434.18713967,106.473611942,648,0.816896903123
-1588.5965034,1.40511376205,-1258.03349699,147,0.986270352133,0.0002483027455004534,4.0759904079,7.136786524858899e-05,-0.000502749988713686,-1361.68137293,0.020427894022529505,-1440.92909564,108.027605164,647,0.818430391281
-1588.5965034,1.40532497576,-1258.03349699,148,0.98647868796,0.0002369075807105921,4.0768514039,0.007232294779291284,0.006968141183834652,-1358.71798764,0.031036390998038888,-1437.68556325,110.460055433,648,0.807602730546
-1588.5965034,1.40556373148,-1258.03349699,149,0.986714243506,0.00021668291996284407,4.0778248917,0.009040268100570206,0.00889012012522721,-1362.36541763,0.03031369651670217,-1441.69129685,107.72205404,647,0.821065217887
-1588.5965034,1.40583940948,-1258.03349699,150,0.986986296414,0.00012850645999039746,4.07894921328,-0.004552557729601065,-0.004649426917546226,-1360.66675434,0.022287766028960668,-1439.71960158,109.673904349,648,0.812292981842
-1588.5965034,1.40605785957,-1258.03349699,151,0.987201927213,0.00010296660759276298,4.07984035744,-0.006216584731150819,-0.006318477114125539,-1355.80159079,0.01159946811538896,-1434.71093094,110.528472109,649,0.805064777829
-1588.5965034,1.4062133178,-1258.03349699,152,0.987355407803,0.00010664851372237355,4.08047465149,0.007331127608350235,0.007216165710587447,-1363.20109745,0.006883275879140977,-1442.62527312,106.184610741,646,0.823078922986
-1588.5965034,1.40640294346,-1258.03349699,153,0.987542653475,0.00011440762816143367,4.08124848755,0.012533001876741104,0.012398374101331705,-1361.37543475,0.007918477511347246,-1440.74332354,105.393244986,646,0.822205957904
-1588.5965034,1.40665821152,-1258.03349699,154,0.987794773757,0.00018522937769465555,4.08229043294,0.02203018622040538,0.021595816106428065,-1360.32383628,0.006225261551657016,-1439.49606456,106.887180967,647,0.816557397367
-1588.5965034,1.40703479274,-1258.03349699,155,0.988166828763,0.00010379096351481597,4.08382803633,-0.003057942030534443,-0.0029218833876809105,-1355.93656441,0.005052817306667469,-1434.82527182,108.899131501,649,0.808057033123
-1588.5965034,1.40735426153,-1258.03349699,156,0.988482567654,6.368066866449172e-05,4.08513290035,-0.010700431550915442,-0.010901667466521072,-1355.59194092,0.008209601765991198,-1434.41674606,108.827391705,649,0.805451564594
-1588.5965034,1.40757011509,-1258.03349699,157,0.98869595817,5.555150267095285e-05,4.08601478602,0.0003815513219488261,0.0002696760400440957,-1356.8562937,0.0027526880331208564,-1435.74696604,108.587409866,649,0.805966651038
-1588.5965034,1.40776763185,-1258.03349699,158,0.988891261474,8.207305473784207e-05,4.08682192211,0.01678824245392214,0.016598259400601178,-1355.36599788,0.000500539813939568,-1434.13717388,110.114128003,649,0.802727373193
-1588.5965034,1.40805868971,-1258.03349699,159,0.989179127941,0.00017254290404976585,4.08801159689,0.000779673241958708,0.00037417912985994683,-1360.07327952,0.000409716744499038,-1439.2080372,107.611807015,647,0.815081090287
-1588.5965034,1.40832681655,-1258.03349699,160,0.989444388973,0.00016044772244723057,4.08910784947,-0.0052579854011148616,-0.0054342576388679165,-1362.6306035,0.00028656839676554843,-1442.05782856,104.644635472,646,0.825493957923
-1588.5965034,1.40853307935,-1258.03349699,161,0.989648495597,0.0003272975397243404,4.08995136731,0.0004739528175992402,-0.00038325187247332756,-1357.96303774,0.0004695334511195127,-1437.12047707,106.54576215,647,0.815930475588
-1588.5965034,1.40872257276,-1258.03349699,162,0.989836045234,0.0005777764693909503,4.09072645958,-0.0019207593162780803,-0.003128816503266687,-1356.71803249,0.0007986440297581311,-1435.75230052,108.381613738,648,0.811355649586
-1588.5965034,1.40888052507,-1258.03349699,163,0.989992404471,0.0007838489250294216,4.0913726503,-0.006028374113130527,-0.007075809982387703,-1358.77088125,0.0010761685489401249,-1437.98399239,107.158279972,647,0.815833961722
-1588.5965034,1.4089816844,-1258.03349699,164,0.990092556502,0.0007976820999431292,4.09178655174,-0.0117008103181768,-0.012156959679919437,-1355.86848879,0.0010876244813363984,-1434.69583392,111.002875101,649,0.803630381444
-1588.5965034,1.40899240578,-1258.03349699,165,0.990103171723,0.0007147272635454438,4.09183042159,-0.018665724566875704,-0.0188332444048789,-1357.68745187,0.0019878397350414617,-1436.64828755,109.567029194,648,0.809047157329
-1588.5965034,1.40887400209,-1258.03349699,166,0.989985946788,0.0005335993303735211,4.09134596243,-0.015870694707351723,-0.015723031593415013,-1350.22906429,0.0010917613451960507,-1429.05452127,108.369597896,649,0.804162498631
-1588.5965034,1.40865870638,-1258.03349699,167,0.989772830011,0.00044919041088941746,4.09046520804,-0.0036249390032031714,-0.003661162827828785,-1353.71281153,0.0006068882968573806,-1432.61060353,109.229399763,649,0.807199697957
-1588.5965034,1.40843942462,-1258.03349699,168,0.989555814675,0.0003249599404216868,4.08956834196,-0.009636208013343113,-0.009548503035898576,-1359.09714215,0.0005405604485436213,-1438.08311307,109.577106668,648,0.810236300727
-1588.5965034,1.408175336,-1258.03349699,169,0.989294518746,8.929930104083008e-05,4.08848847608,-0.010968697769619442,-0.010659384688781075,-1359.77716854,0.0004418071862969924,-1438.75644826,110.26854707,647,0.81019222457
-1588.5965034,1.40786166842,-1258.03349699,170,0.98898425779,8.652481428823062e-05,4.0872062509,-0.009842484783218572,-0.00989383385194803,-1364.23537373,0.001369765632788171,-1443.47134396,107.494429042,647,0.819380263894
-1588.5965034,1.40751087273,-1258.03349699,171,0.988637387222,0.00015519991477229078,4.08577272803,-0.026816261596919768,-0.027130858570985565,-1363.65609566,0.002467095856659827,-1442.79754342,108.886302577,647,0.814686826097
-1588.5965034,1.40701367407,-1258.03349699,172,0.988145960213,0.00025658249291390294,4.08374179222,-0.014416231160844327,-0.014885984384534255,-1360.99834972,0.00570116343940358,-1440.17730111,107.905978686,647,0.774986163018
-1588.5965034,1.40646730064,-1258.03349699,173,0.987606210984,0.0002466914960129265,4.08151115366,-0.01538092257666123,-0.015489981452424974,-1360.02176286,0.006733839404979988,-1439.22841217,107.574998495,647,0.814585400433
-1588.5965034,1.40587029773,-1257.45674862,174,0.987016783159,0.00020553872296422078,4.07907520681,-0.015963357111179022,-0.01608203853468627,-1356.1165476,0.009496711978478798,-1435.14678055,107.276386413,648,0.811540916134
-1588.5965034,1.40522395893,-1257.43011963,175,0.986379042038,0.0001677842408016492,4.07643959408,-0.006266031813353801,-0.006247555628369251,-1361.15816214,0.011538059818818737,-1440.47596518,105.936355787,646,0.820839949988
-1588.5965034,1.40459774135,-1258.03349699,176,0.985761547511,6.633346934549977e-05,4.07388765509,-0.0028911362518750216,-0.0028601606410342626,-1362.43821697,0.008261655392453302,-1441.72050659,107.596564786,647,0.818100469694
-1588.5965034,1.4040125532,-1258.03349699,177,0.985184860279,4.522198233214378e-05,4.07150436168,0.008523654533811561,0.008496249534081924,-1355.85934704,0.00507610210152796,-1434.69071176,110.109751649,649,0.805449614127
-1588.5965034,1.40354365929,-1258.03349699,178,0.984723021385,3.137209483242577e-05,4.0695957056,0.004846696029738236,0.00482167739511149,-1362.54360657,0.0032642928600734936,-1441.7927114,107.353280879,647,0.81861706864
-1588.5965034,1.40315405353,-1258.03349699,179,0.98433944235,2.4289654157800767e-05,4.0680104765,-0.021317198410385457,-0.02136478803690972,-1356.97335183,0.00203154572580771,-1436.06914094,106.885958442,648,0.815011836892
-1588.5965034,1.40265763066,-1258.03349699,180,0.983850915005,1.8040970137772454e-05,4.06599152422,-0.022620751764159425,-0.022659895825318143,-1357.99571791,0.001769015176232699,-1437.05294934,108.570198071,648,0.813523013531
-1588.5965034,1.40205742865,-1258.03349699,181,0.983260582886,1.0082429147046718e-05,4.06355184017,-0.019347345733285833,-0.019375588365814943,-1360.18371475,0.0008025801902258531,-1439.44781933,108.39036238,647,0.817655232801
-1588.5965034,1.40138592644,-1258.03349699,182,0.982600542873,5.057596749157496e-05,4.06082407211,-0.010418600015959349,-0.010634892910480632,-1360.129526,0.0007716280649114199,-1439.14321134,111.031012558,648,0.808164569948
-1588.5965034,1.40070919766,-1258.03349699,183,0.981935813748,3.6802878410687705e-05,4.05807692521,-0.0009861242057340697,-0.0009846952187542882,-1356.79691483,0.0002993883393751298,-1435.61370007,110.517104349,649,0.803360114054
-1588.5965034,1.40009154453,-1257.24878363,184,0.981329505281,4.2735133639161704e-05,4.0555712152,-0.00022448827776312417,-0.0002710085879891711,-1356.90758411,0.00025252028327011483,-1436.01080768,108.291183749,648,0.814162643126
-1588.5965034,1.39953245482,-1257.24265463,185,0.980781007401,0.0002503904697249257,4.05330442081,0.004322638673343912,0.0035215260790948883,-1348.38863713,0.000420221664748293,-1426.67412296,115.197211632,652,0.78544098276
-1588.5965034,1.39905783607,-1258.03349699,186,0.980315620796,0.0006035172064664836,4.051381103,0.003226258715909285,0.0019698977299303544,-1356.48919892,0.0007855840269862316,-1435.7091522,105.158888459,647,0.818272495202
-1588.5965034,1.39865187629,-1243.88811892,187,0.979917732847,0.0005508167675894642,4.049736739,0.009060560734644663,0.008873692200657302,-1357.86481156,0.0007352878162946649,-1437.07599088,107.672751594,647,0.813868915201
-1588.5965034,1.39834886304,-1254.63091995,188,0.979620849771,0.0003808910993929833,4.048509801,-0.00629104225883269,-0.006176802399176975,-1354.73831526,0.0005239943232100905,-1433.5800708,110.252643445,649,0.804578439531
-1588.5965034,1.39803166575,-1258.03349699,189,0.979310165966,0.00018732131059076112,4.0472258283,0.006731524442008885,0.006948147463828321,-1359.66978399,0.00027444971251431097,-1438.76430286,106.617865409,648,0.815381238463
-1588.5965034,1.39779256171,-1258.03349699,190,0.979076036948,0.00010803204268665529,4.04625823597,0.017717114420711864,0.01773377831245503,-1356.63643927,0.0008357112412600877,-1435.83192023,107.665327255,647,0.81700106754
-1588.5965034,1.39770125671,-1258.03349699,191,0.978986646489,3.5959900530504725e-05,4.04588880921,0.013362840996507292,0.013375323857929678,-1359.0475906,0.000438684055887633,-1438.29018377,106.664122133,647,0.817743103901
-1588.5965034,1.39771228171,-1258.03349699,192,0.978997439873,3.3298737164379444e-05,4.04593341537,-0.02098681768911936,-0.021189739923074973,-1358.58325462,0.0004428479095383228,-1437.64021353,107.622472826,648,0.812710382196
-1588.5965034,1.39757622665,-1241.95309118,193,0.978864251386,0.00029625776030816557,4.04538298313,0.03443974237241885,0.03312092585116551,-1354.8162716,0.0013208580618222984,-1433.67954361,109.092403509,649,0.803422470381
-1588.5965034,1.39769173487,-1258.03349699,194,0.978977324777,0.0001451004811320244,4.04585028508,0.015832049442763202,0.016006886098314053,-1355.81678935,0.001547166731915437,-1434.88941757,107.157075531,648,0.814819439543
-1588.5965034,1.39790423474,-1258.03349699,195,0.979185379438,0.0002188058439615091,4.0467101191,0.01542154258441233,0.015169248334565387,-1359.49984454,0.002021665356710202,-1438.77410934,104.195077149,647,0.82256293225
-1588.5965034,1.39820116459,-1258.03349699,196,0.979476171978,0.0003180793519450822,4.04791188655,-0.00675217389752087,-0.007169578397357497,-1359.08791127,0.0009012730917491094,-1438.09074348,110.868671778,648,0.810025473664
-1588.5965034,1.3984225884,-1258.03349699,197,0.979693075331,0.0002488220653531096,4.04880828984,-0.01290862333658579,-0.012876275142258089,-1362.04815699,0.0005671775788194458,-1441.40951776,107.515230096,646,0.820149598689
-1588.5965034,1.39853322766,-1258.03349699,198,0.979801473844,0.00011062291663863675,4.04925627177,-0.019860186125170792,-0.019693377277170764,-1356.82350982,0.0008479705832744773,-1435.77394565,110.346929689,649,0.805017886793
-1588.5965034,1.39849633238,-1258.03349699,199,0.979765324466,0.0002514683612629799,4.0491068761,0.000707839952736898,0.00015525426066480865,-1371.26901491,0.0009254653922471413,-1451.13481868,100.239306444,643,0.840363357251
