AverageReturn,AverageDiscountedReturn,LossAfter,StdReturn,MaxReturn,LossBefore,AveragePolicyStd,MinReturn,Entropy,ExplainedVariance,Perplexity,Iteration,NumTrajs,MeanKL,MaxKL
-996.71147563,-858.749702056,-0.0711532453797632,1.45629841872,-990.377370011,-0.030899542977390868,1.0,-998.65589216,1.4189385332,1.42197364994e-12,4.13273135412,0,312,0.04968750068534763,0.8014860798547999
-994.993409833,-765.538246843,-0.06030809339547037,2.86283978942,-985.897932429,-0.022066180369536992,0.999000505019,-998.731445125,1.4179385384,0.0993961971662,4.12860070988,1,174,0.044342185021141324,0.921008519383392
-938.513928689,-630.344715252,-0.03240164069534786,227.075500853,17.9493793661,-0.016878379951750185,0.998024169039,-998.366759869,1.41696074771,0.0119089458832,4.12456577556,2,111,0.03771722329668176,0.6458476355550465
-639.448923409,-366.605832047,-0.06484146952692106,478.922684607,27.8429528178,-0.04986905315205384,0.997076251592,-998.100275209,1.41601050229,0.0592881458129,4.1206482874,3,72,0.03313036788363878,0.4471343949862982
-65.0565889576,-36.4176857506,-0.016996584556068565,289.094971593,48.4449220406,-0.004839750168814084,0.996134866197,-994.192169288,1.41506591047,-0.436264669976,4.11675779447,4,56,0.03259453110622743,0.8901378419902851
-74.5757993278,-30.1933373057,-0.06107261295642126,317.283309613,64.9524433706,-0.049187141314689854,0.995301669284,-983.328566518,1.41422913064,0.070778797043,4.11331441546,5,55,0.012925514039123523,0.3404679008001695
-5.7659608625,-10.2764699544,0.006325973576834506,190.821259572,52.0724191825,0.002451341269846108,0.994416089026,-986.520065653,1.41333897392,-0.103511631409,4.10965455016,6,55,0.004426744751791333,0.1468689053846336
-81.1845054718,-68.2799133479,0.01401838874046112,312.11723862,59.1175111736,0.013595337368154829,0.99365883736,-999.996875884,1.41257717999,0.0300183986719,4.10652503246,7,58,0.0021186577231771166,0.1609524191273119
-50.2882158847,-42.792442465,0.003849111656030848,260.671298171,54.988376328,0.005706560007924043,0.993081887178,-999.346193032,1.4119963793,0.0298449537285,4.10414065235,8,57,0.006398657735735073,0.3299213058121932
-62.6442149272,-54.2314007185,-0.0037283700433407467,289.053263738,57.794273461,0.014654709082374815,0.992604664128,-999.988470119,1.41151571627,0.0484390620959,4.10216841769,9,57,0.04756976866411518,0.4854831571035268
36.993950439,22.437880668,0.03220553084286171,13.0567720532,63.38480964,0.0072123697598610835,0.992269337565,3.19076006418,1.4111778343,-13.8790963196,4.10078260309,10,54,0.04217266512896401,0.3984490893979816
41.597481871,25.8928044698,-0.020725523112718698,9.526064356,65.0007518658,-0.020425761179422748,0.992010958743,24.9391361994,1.41091740857,0.642855685537,4.09971479283,11,54,0.021319345111389124,0.3033529265748788
44.6278421017,28.2864313601,-0.027064555641694327,7.51552249629,65.3678901224,-0.03175869009715877,0.991672708315,29.2017872958,1.41057637593,0.789181469534,4.09831689468,12,54,0.013964591009730501,0.2903942951834238
41.6121116178,26.3686664025,-0.032451645872390335,7.26364559407,56.8291521387,-0.030640002315058857,0.991222021312,27.1596789917,1.41012180111,0.76203981357,4.09645432637,13,54,0.005262276562886006,0.18544439626345904
44.1649859448,27.8817551269,-0.037477493120055924,7.4099208673,61.2737268191,-0.029646026820113296,0.990684718856,29.6351344477,1.40957959349,0.814731520056,4.09423379967,14,54,0.00813786447969519,0.18116107650094454
44.9493390982,27.6860491393,-0.03451956818018637,8.15667158792,61.8375327417,-0.030421067204089606,0.990079395519,24.0372592614,1.40896839163,0.791779831214,4.09173216093,15,54,0.010042593802679184,0.17530395191854647
48.6690374549,30.3081947574,-0.006606910976963883,6.78445356053,61.3972695766,-0.003234088477200694,0.989415251828,32.0180467389,1.40829736813,0.837658252266,4.08898743348,16,54,0.014934161728460375,0.2922808430027567
47.9894026157,29.1013844257,0.010840078423668902,9.05621942608,72.4749141239,0.007217597778492062,0.988798467289,32.9491968316,1.40767379085,0.748842375299,4.08643842867,17,54,0.011881264784426391,0.1669654262478036
27.7754599494,13.4216429914,0.008255296334990342,141.220123738,65.6523159782,0.006002463279429438,0.988273367753,-997.946055977,1.40714260171,0.000119826570679,4.08426833336,18,54,0.007815058150539343,0.11474926116655647
44.792824717,27.2812857963,0.01834699810100875,12.3369893529,67.0938418202,0.017341281928910015,0.987825133678,16.1169308687,1.4066889461,0.0592485273801,4.08241590234,19,54,0.007169441087285944,0.16132686785148512
20.1696815619,8.64646596633,0.00458381047279637,139.272540029,65.8097976519,0.0062559896661452214,0.987503636012,-990.726792364,1.40636343303,-0.00429404958251,4.08108723886,20,54,0.008353402478487695,0.12882941300198972
33.1702663586,20.3185851214,0.03335487415182017,12.2316293627,61.4050245279,0.03910554989607636,0.987241050443,4.16581912293,1.40609748921,-0.0869602322665,4.08000204324,21,54,0.0032547048395542696,0.06703425624745561
37.3020664057,22.1774734896,0.038820640504416117,13.4330577777,61.4713383508,0.05001254475437982,0.987190829156,9.18982892866,1.40604661758,0.468810190334,4.07979449216,22,54,0.016291742333716483,0.1662132155333588
47.565564792,28.8292436808,-0.018538290820641623,9.27015788146,65.521783822,-0.009113605305681612,0.987355721369,29.2199415281,1.40621363538,0.692129902618,4.08047594737,23,54,0.01863086969752228,0.210850685748432
49.9999272593,30.5243066689,-0.00478058731222785,9.95695200943,73.2007342497,-0.0025676493842083804,0.987467478361,19.5543859595,1.40632681715,0.74959415694,4.080937809,24,54,0.016203845136557975,0.3449538627960848
52.6342797629,32.7022750723,-0.025218203930112284,8.58890364081,67.9529164932,-0.025557485521591032,0.987558421294,31.9843391232,1.40641891005,0.820257596972,4.08131365171,25,54,0.011158073504610806,0.15449805074676884
49.6071932337,31.1509827793,-0.03245444446675223,5.82055883457,59.0110495128,-0.03533766389323979,0.987532534759,30.5852063436,1.40639269705,0.850116714769,4.08120666961,26,54,0.005623095578716218,0.1296986270684642
46.4753666143,29.3938273006,-0.04107067192103871,6.58396208773,58.5953133629,-0.03896902368806968,0.987365397806,31.9005177918,1.40622343569,0.851615927685,4.08051593749,27,54,0.00569783194190763,0.24658821241670642
46.4146832925,29.244146569,-0.056014680567083114,7.81992719965,64.9946146023,-0.054606913342639056,0.987064729575,29.6121140645,1.40591887365,0.80915922568,4.07927335646,28,54,0.00692382861571343,0.29804148720881063
49.5525372464,31.1772793431,-0.04111208360290983,7.19768378998,66.8486277537,-0.03601050236808072,0.986606251743,32.0912161367,1.40545427966,0.855310715292,4.07737859075,29,54,0.017944951688728995,0.4076087369486291
50.2043357134,30.9856451797,-0.04781985965983573,7.72433683515,70.2917802377,-0.04767082633281588,0.986068345457,31.9905205445,1.4049089223,0.822301075808,4.07515556858,30,54,0.015701759980533168,0.38614126129691956
52.0425037484,32.3010308836,-0.012235723874269942,7.73710160826,65.5655271387,-0.010955229965601124,0.985431898125,27.021879451,1.40426327455,0.824134852263,4.07252530273,31,54,0.0026142050680563363,0.12016387535815597
50.7909901122,30.864774581,0.007220125644801645,10.4454343515,73.7135612111,0.008619501737946109,0.984814620486,28.239762692,1.40363667513,0.749614436647,4.06997426008,32,54,0.003848191588258934,0.15445015425101327
52.6518906706,32.1826137132,-0.0139474099304886,10.3703342343,71.3910966616,-0.009744497825719655,0.984284600971,29.1327580437,1.40309833809,0.780505569556,4.06778383181,33,54,0.007933065514830025,0.2258863675973644
54.6977737098,33.6888447991,-0.005058944840020938,8.59116364668,70.125353065,-0.002955880443059507,0.983767425048,28.7985456928,1.40257276668,0.836345837852,4.06564648266,34,54,0.01082529611880311,0.3248377319170346
53.870404852,33.4207224145,-0.005990411429186462,8.28075597777,69.3941111587,-0.008066202848233037,0.98328581348,33.3634724669,1.40208308845,0.822717338061,4.06365611143,35,54,0.004314790452066189,0.17839213163621465
56.2673996561,34.5816930848,-0.02014575320236403,8.08612916983,79.9348683415,-0.02014103923203427,0.982817934912,30.8186162914,1.40160714349,0.849915624151,4.06172249501,36,54,0.004360301619136406,0.12573901625388184
57.0535723233,35.3163378022,-0.01810594290102647,8.61403277937,76.289374417,-0.016301938321196554,0.98232012483,37.7445482596,1.40110050215,0.85534110014,4.05966517967,37,54,0.006850993151718948,0.1968997344407056
55.7119561158,34.4054531279,-0.0059651621894376014,8.78884838287,76.5940775128,-0.0044402414686015934,0.981808108611,30.9084838087,1.40057913474,0.842222302506,4.05754915419,38,54,0.009564854284842923,0.24902998226314196
56.4191821307,34.6644909378,-0.009642484959545816,7.99189682169,72.2208846183,-0.01050486679157974,0.981325549781,30.8085458294,1.40008751376,0.855549942017,4.05555486818,39,54,0.0026640097903267526,0.19157793826801875
55.4189829597,33.9501387903,-0.021329350773321168,8.50369874579,73.2942329797,-0.012890733541730471,0.980847190819,35.2507219761,1.39959993287,0.859377311362,4.0535779391,40,54,0.008780100076830378,0.34002283087252533
56.7143486505,34.86526024,-0.047955725504313214,9.16595819961,70.2909137501,-0.04538706940749481,0.980363639772,35.1623964843,1.39910681805,0.830043348929,4.05157955253,41,54,0.012627279423366309,0.3046406335549843
53.9169398042,33.5536330946,-0.03765063587246418,6.58016026676,64.9897701534,-0.040762449345841736,0.979769335725,36.4264736288,1.39850042647,0.86824663913,4.04912345356,42,54,0.010825585948111394,0.3788512773266936
53.425550773,34.0118059101,-0.024829273479752605,7.51873387161,70.4447449262,-0.02454927144394121,0.979093506051,36.6147765949,1.39781040399,0.85515027135,4.04633043107,43,54,0.0005119112518092766,0.027347760391076847
53.7980761529,34.2437856837,-0.04563771602084201,6.59206785957,66.2662351163,-0.042209954927925994,0.978394536697,41.7215832949,1.39709625466,0.869101773919,4.04344177851,44,53,0.00536322875966458,0.28372399753562977
55.5391759879,34.6162749706,-0.051600791403585415,6.65213957816,69.9493880898,-0.04581039598339093,0.977623842321,44.0796833698,1.39630823097,0.883748841076,4.0402567057,45,54,0.015411862715718554,0.7923874398472982
39.4428205646,21.4835742405,-0.016615513865768948,141.106698042,73.4544730724,-0.016780649443086316,0.976782552065,-986.234666253,1.39544731452,0.00447942405421,4.03677987908,46,54,0.012268347583556619,0.5850364659637463
57.3287627043,35.3478378372,-0.01411963317942128,7.71856150413,69.5662881539,-0.01565408410316451,0.975961498599,38.1554582389,1.3946063917,0.497982712876,4.03338668568,47,54,0.0031034819749998326,0.12230115680083976
60.7710979017,38.0195540871,-0.004711442511444987,7.26333864414,74.4533382334,0.0013675285184994352,0.975162136057,44.4067983286,1.39378700479,0.875155571592,4.03008313503,48,54,0.004866412371151294,0.23639587468158138
60.0070835039,37.3474804178,-0.03053146768012832,7.46814221678,73.611034044,-0.017656936135724853,0.974441074277,42.2485050401,1.39304730369,0.8823956161,4.02710318041,49,54,0.02506836765375222,0.6803064413286625
57.6441903991,36.2407854869,-0.045332874583876255,6.57776581663,69.3676828712,-0.04798202953305016,0.97372489311,43.3667473257,1.39231206736,0.889663129942,4.02414339604,50,54,0.0033770708729470122,0.254220450521863
53.3874139499,33.8148239925,-0.06650197894266356,7.0762513056,67.7588036882,-0.06243454145348855,0.972924198334,40.3468402445,1.39148942827,0.87012579763,4.02083433964,51,54,0.003885209613762658,0.3054897285410287
57.3732614791,35.7798193121,-0.04110570739382193,8.98133611451,70.1446299449,-0.03492884079628846,0.972019189198,31.2309204443,1.39055880046,0.854669200583,4.01709418001,52,54,0.018843964698353352,0.788534014179551
57.8040139825,35.394088612,-0.027468692537464763,7.76770619845,72.7018357907,-0.026473019511434458,0.97109111291,40.4989765388,1.38960355221,0.866742418583,4.01325869003,53,54,0.029116789861509822,1.0639623731847112
55.2413478735,33.9402979497,0.021399314116753367,9.39884430259,78.9704982423,0.018785209693627083,0.970165915942,34.3459681111,1.38865035846,0.794217197022,4.00943509952,54,54,0.0038104730915237846,0.22729829919216787
54.3315558895,33.2068790033,0.018904362356243348,9.16541097851,74.8952450481,0.03584205569822518,0.969393785612,32.1903380471,1.38785416706,0.78304854234,4.00624409229,55,54,0.026629713699887286,0.8400534693781071
59.1388507722,36.1098140496,-0.02419067138538012,8.37836556479,75.4647673733,-0.009633522818013027,0.968824574171,42.777661778,1.38726681172,0.845510605788,4.00389169432,56,54,0.059542547215807755,1.6254098839498987
59.2285988804,37.1480259504,-0.017144798923417845,7.27650106515,73.6708698569,-0.026880447434073577,0.968275716204,40.514488517,1.38670013173,0.865764041083,4.00162341179,57,54,0.02205820100593285,0.7820891095016252
55.0481910334,35.190368456,-0.05459606848689396,7.47091064421,73.2302081513,-0.05015551403497285,0.967689983649,40.700771328,1.38609502538,0.853349700482,3.9992027365,58,54,0.0013956546106992716,0.05090694376592617
55.2347869786,34.8311961487,-0.052997672980299865,6.69543578407,68.2605684852,-0.04479447432257971,0.967004843338,41.0104160022,1.38538675829,0.879963279431,3.99637123565,59,54,0.01023130152526947,0.3668075540119994
60.2092626501,37.639572751,-0.07584435520924242,6.53777042134,71.7120567806,-0.06621378998283106,0.966247999958,46.6094657508,1.38460378422,0.880322838651,3.99324340529,60,54,0.029532154785744412,1.535623338781893
60.1071557427,36.5284748988,-0.02754628657516981,8.56085634656,75.0545797236,-0.027673204977627177,0.965378580641,44.6366874607,1.38370359017,0.86037142538,3.98965032881,61,54,0.03637591540008177,1.2757962393737081
51.482593128,31.4714304746,0.020048494881478807,10.4907078681,76.2202184203,0.018862599718268154,0.964507478768,31.5359903921,1.38280084057,0.646234181732,3.98605029879,62,54,0.00041385486134539086,0.006497199013736764
52.0522837553,31.2220374035,0.0032245490687068923,8.40333416493,71.4274133374,0.0271626564371865,0.963780784705,33.3607237486,1.38204712121,0.758579583542,3.98304706745,63,54,0.03840086845047344,1.035420876997739
59.6823701522,36.5356734677,0.010219935625855077,7.96688404676,74.2680572707,0.014474817744731989,0.963213462527,34.141160516,1.38145830556,0.85175644633,3.9807024773,64,54,0.04712600270320955,1.4507760018105853
59.4435068194,37.0629314045,-0.023388549973655682,6.88600900498,69.2642206698,-0.029072709654020874,0.96274676586,41.3469964605,1.38097366764,0.899111048608,3.97877374535,65,54,0.0192546689046033,0.5749754910839742
56.849911205,35.7766038393,-0.04556534416506537,5.85446875474,70.0240534116,-0.04442472085682406,0.962233041994,48.6381848159,1.38043992295,0.91032958199,3.97665066262,66,54,0.004755096860804238,0.20484687526302597
57.2129751838,35.9834553789,-0.04979361340534841,6.36732245282,68.9368171493,-0.04691922993593114,0.961633375228,43.6067840813,1.37981652542,0.90052775607,3.97417240098,67,54,0.006995396908202621,0.28647640759309506
59.0391297468,36.970112815,-0.04953875869308706,6.13721783256,74.0081362404,-0.04707548426457639,0.960951671096,47.6218120878,1.37910737171,0.907122384909,3.97135510094,68,54,0.007785700877977191,0.33802318728820635
59.4612222226,36.7783718619,-0.011474476795107769,4.7287999477,68.5848931226,-0.011221377760307055,0.960197923487,50.6994133738,1.37832268773,0.937106140125,3.96824006456,69,54,0.0050556576292805026,0.22093672582777474
60.7889055901,37.3759445254,-0.010413101325008558,6.52141595387,78.1212101387,-0.01012904902287611,0.959480491996,47.8563810762,1.37757523804,0.914372337439,3.96527511294,70,54,0.005808458035986575,0.24910621615333836
59.9391919689,36.6890203398,-0.02789289098889644,9.45926817968,75.8660585375,-0.028618245473824484,0.958799096061,23.5458689502,1.376864814,0.841506288842,3.9624590866,71,54,0.009862246959773247,0.4848925701766206
58.0194050014,35.534159296,-0.011530047894213125,9.05155220687,74.8316593832,-0.012478821783090115,0.958095430219,38.2508788265,1.37613064124,0.861644788057,3.95955102471,72,54,0.002727745534182519,0.08445003076396376
55.1062114236,32.9336830493,-0.004004126360482328,8.08026820831,72.0533917409,0.005668718432192347,0.957419233704,37.0986343762,1.3754246205,0.854072584966,3.95675648617,73,54,0.013818993178414988,0.3416202195344912
58.5806329607,35.8157864229,-0.03240460111177779,7.00712696845,73.9323034512,-0.027417566063133163,0.95682504421,42.2709732894,1.37480381204,0.890169297311,3.95430086062,74,54,0.02664816754627646,0.854294771716044
60.1235105343,37.2328840515,-0.02728417202637561,6.5591142334,73.3662627198,-0.030745861872834672,0.956202412524,43.1826759226,1.37415287344,0.902536574395,3.95172769113,75,54,0.007474816829174318,0.48951227009948184
57.5539323619,36.0488279347,-0.03775244479235224,7.01751837381,73.0412035808,-0.03017483896990424,0.955544503097,39.5222819467,1.37346459253,0.890237506798,3.94900872821,76,54,0.012663976876366712,0.35552105892097985
58.9413720943,36.7076094348,-0.05060389282481574,6.37204860571,73.7134543701,-0.04318575464884694,0.954856636052,45.2740295209,1.37274446412,0.896277498512,3.9461659585,77,54,0.020840747167406106,0.6217968520920445
60.0021123904,37.038622951,-0.046173240761935255,6.28209321895,70.3497610483,-0.047480693887407596,0.954105781897,44.4085151294,1.37195780202,0.908053864632,3.94306288,78,54,0.020398580173562452,0.7302425110006344
60.6258412947,37.042717113,-0.0036227440493863607,7.52308851849,74.4650954989,-0.006757944982390361,0.953288371839,43.2027334649,1.37110070585,0.898238835855,3.93968474382,79,54,0.01508263954106754,0.5491000217048164
59.25237482,36.289799889,-0.0016757094457025056,8.60077346739,78.3699230486,-0.002232395826848907,0.952527466783,42.4573534979,1.37030219733,0.859112994579,3.93654012764,80,54,0.00616281381599815,0.38552673613190896
59.2760855282,36.5628830939,-0.007153437654061863,6.64780216411,72.933887452,-0.0067093400483660874,0.951831708436,44.1316263814,1.36957149653,0.878972227732,3.9336647453,81,54,0.0017490134868922795,0.14163683026029808
58.8674064235,35.8645720549,0.006029698155962765,8.94615297158,78.4455027011,0.011364031482163266,0.951180817394,38.4989336144,1.36888743265,0.858296585398,3.93097478748,82,54,0.007489748540257767,0.17402326453273645
60.0277299308,37.1752487865,-0.016169931166682867,7.66647295312,74.9762108265,-0.015759430629807572,0.950628572037,39.5610311182,1.3683066748,0.875663504098,3.92869250578,83,54,0.008625177011508093,0.3180494894055591
60.1876769021,37.526956387,-0.024983613204882595,7.93066153546,78.8444344443,-0.025138962651012096,0.95007901865,39.7978358159,1.36772841288,0.88105675719,3.92642134927,84,54,0.0029000721951987197,0.1392752807152917
59.9467167403,37.4005606135,-0.05222429137730212,6.8260505453,71.6908974059,-0.0484833393498691,0.949503073376,42.7339866256,1.36712202131,0.880226680033,3.92404112217,85,54,0.012974229125207034,0.503135498242137
61.0897951496,38.238549639,-0.031278948864351876,6.13481847223,73.3493341666,-0.032511798059012685,0.948836143526,47.4543435306,1.36641937568,0.907662710127,3.92128488027,86,54,0.026521559939883633,1.0773760019291765
59.8083291352,36.7559313951,-0.01839721118091433,7.04061515501,71.0670924041,-0.019895048334692165,0.9481338309,40.91705384,1.36567891835,0.877747520755,3.91838241087,87,54,0.01378879743736271,0.662490075788913
63.120508305,39.0408558983,0.00594400104093744,6.2829238888,76.1898655467,0.007864545610491078,0.947436820545,42.0542464967,1.36494350879,0.911769015809,3.91550185431,88,54,0.0017036675801953762,0.14644102253469232
63.2857233834,39.3567075795,0.0036050439935955384,5.08353758318,72.4836986769,0.0058339191534552675,0.946831641508,47.1693509984,1.36430455073,0.922580180887,3.91300081194,89,54,0.012849793019713247,0.5918669210161503
62.0078096956,38.6595671316,-0.010017697976470227,5.66189137374,72.3936358012,-0.0065815599984767395,0.946302994966,50.1668010023,1.36374606265,0.906431708112,3.9108160578,90,54,0.01737268548516228,0.8140408382571725
61.0862095167,38.0751780066,-0.02082476604458546,6.45029965135,74.8147132752,-0.02399799269702548,0.945803605432,43.8383111134,1.36321819647,0.914134984369,3.90875221501,91,54,0.003809080025584511,0.24644715940544346
59.4694402839,37.3729558049,-0.03225844226144789,5.39428017137,72.4148665665,-0.03153907780494897,0.945275962489,46.3999105496,1.36266016288,0.922851294687,3.90657160848,92,54,0.0005216026402000219,0.02357372863726196
59.5492561566,37.4491346553,-0.04166094059761382,6.96892736439,75.1416591167,-0.03895852435554539,0.944699972664,45.3300400038,1.36205064206,0.893602747747,3.90419119727,93,54,0.0044662616664546085,0.2541723009094913
61.2199230097,38.0271205152,-0.03757031315219071,6.08000680222,74.9519493369,-0.02940941061765692,0.944058970076,45.8622663422,1.36137188672,0.911017422696,3.90154210577,94,54,0.030780563259108537,0.8860390456655547
60.9503699329,37.4123528774,-0.009337596378967201,7.51173924507,75.8425641004,-0.009057632536045513,0.943388058656,42.0511747606,1.36066096722,0.881890475361,3.89876940911,95,54,0.027991287048703656,0.5692860471238773
55.717602537,33.9802039396,0.019074645538825204,11.5771125075,74.0522101483,0.024534973847200464,0.942752452155,22.5272792523,1.35998699142,0.720447979543,3.8961426182,96,54,0.0164476852378269,0.6018426335075038
57.3113820698,34.7323644154,0.02574983061305444,8.43979768313,76.5175456681,0.03415606943740933,0.942259015167,35.2828570985,1.35946345403,0.813006785112,3.89410337569,97,54,0.0266515349926895,0.9228491611156557
59.6303240509,36.3306697675,-0.01571513422717123,9.53147454059,75.234317487,0.0015899485811957405,0.941925960676,36.5764746347,1.3591099277,0.840147978969,3.89272695095,98,54,0.04636165569251544,0.9810194036939268
59.6670420026,36.5055682439,-0.010137368629736238,9.30581173839,75.0410696075,0.005140070463229535,0.941629859064,23.292775451,1.35879552065,0.842840777543,3.89150324253,99,54,0.08062510768686784,1.301445766584502
62.7098745309,39.0116604867,-0.015869750069117065,5.82961601507,75.4777007817,-0.02818062458531769,0.94137879401,51.0482364814,1.35852885692,0.90285841304,3.89046565811,100,54,0.06323717800698048,1.2478982406766905
60.1430338646,37.5417770045,-0.021693172155247797,6.02466231078,77.674720119,-0.022183228798341774,0.9410612198,49.3933323353,1.35819144993,0.914328850802,3.88915320922,101,54,0.027798607370418085,0.779391241626084
58.1660528171,36.4967295678,-0.051700716548242286,6.16241027707,70.4108971345,-0.045465699057079,0.940702645327,44.6367014241,1.35781034528,0.915483825772,3.88767131725,102,54,0.03554008750989087,1.005486816342286
57.66083414,35.8926843972,-0.03311790314608719,7.36085258142,78.2409819324,-0.03434975767726037,0.940235566503,40.3342256492,1.35731370075,0.889699308275,3.88574100595,103,54,0.04924928917775481,1.0491753125020982
54.1069764109,32.7444326449,-0.010163644325855065,9.18987210739,73.6152605131,-0.012392611074797541,0.93970553727,39.1527624962,1.35674982219,0.79711207712,3.88355053752,104,54,0.002200378252397603,0.09015358978111543
55.2986635073,33.2853948922,-0.008496253377987633,9.10812402589,71.2572923436,0.01523263739237355,0.93918672284,30.4085305263,1.35619756653,0.830078226231,3.88140641686,105,54,0.04714633134686891,1.0523403050349625
61.628835572,38.432570303,-0.020001852641483596,8.9231444396,81.2582370794,-0.019592705070391934,0.93876775785,45.4414007211,1.35575137361,0.847289021319,3.87967494711,106,54,0.02597331257465017,0.7477621890154506
57.1201155437,36.2238728769,-0.02106700017640642,6.82557729591,76.9168514506,-0.022505303620242178,0.938326139639,44.3357625998,1.35528083964,0.876848489325,3.87784985768,107,54,0.0014979246280340816,0.10689253792861644
56.6130459372,35.815556377,-0.011461316019165207,7.32192749725,71.9988966085,-0.008078656811911852,0.93785482193,37.2908876432,1.35477841719,0.89120038064,3.8759020282,108,54,0.0036861115374883886,0.10693802734022666
58.2110089178,36.9891069227,-0.03741236978652993,6.78945488629,77.3677296141,-0.03496152444685116,0.937402528252,44.2599037624,1.3542960368,0.893331075816,3.87403281994,109,54,0.006274379999613359,0.26473871636551716
58.0845657377,36.4278347042,-0.04608120499967637,5.2660588906,70.692802452,-0.0383082996621014,0.936882636441,46.0923271683,1.35374127402,0.902905898575,3.87188424675,110,54,0.023961734981100356,0.6622786416250361
58.322263691,36.0031583757,-0.03301381041175809,7.95442841229,72.1201545105,-0.02039519878456465,0.936292364212,41.9202778187,1.35311103685,0.868846063758,3.8694448102,111,54,0.029906307234763518,0.9694348349217773
62.2524057722,37.9317802439,-0.004597751585783089,8.06638304138,73.8865269259,0.00037868831401574815,0.935693874996,36.7627149719,1.35247162058,0.887263994714,3.86697141506,112,54,0.056807906738949115,1.2140811365544575
64.6067821204,39.47887578,-0.007483803264568854,6.90048510318,77.2935808174,-0.01363348170675385,0.935154265157,46.2744032323,1.35189475937,0.911087030855,3.86474135256,113,54,0.05363710236218192,1.0836959987847126
61.3450672214,37.5752630553,0.005555527307966707,7.71994239885,76.1478896776,0.015691947292291484,0.934622494,38.8869525921,1.35132595225,0.877168705213,3.86254368522,114,54,0.056307997293171666,0.8877853674885434
63.0178491131,38.6999886327,-0.004003899427884031,6.03800898345,73.1344940125,-0.003241841012672814,0.934194136218,47.0346242759,1.35086752548,0.912492397996,3.86077339759,115,54,0.04051472159669282,1.2964451878054855
62.1144981881,38.6386443343,-0.014318672435553344,5.41657500095,73.217425912,-0.02209356961466929,0.933796342992,51.722804721,1.35044162049,0.91411856631,3.85912942505,116,54,0.02244707645073716,0.8088633593010364
58.7567001409,36.6769457489,-0.025194380580122994,7.58619817723,74.9738124548,-0.026313426489185134,0.9333649007,44.3774894043,1.34997948332,0.878044038225,3.85734638996,117,54,0.019515857684322027,0.7479651798433673
59.7010500733,37.3163143418,-0.02326046819433359,6.65789198396,71.810296507,-0.02622378867203992,0.932889666555,46.4179525785,1.34947019144,0.894326375066,3.85538237491,118,54,0.013749013588203471,0.5305709062502832
59.6894825864,37.4073073328,-0.03951010790769282,6.30252441724,74.7676776176,-0.037771849380135177,0.932375306389,43.4816068075,1.34891867711,0.892313067366,3.85325666252,119,54,0.006064858023774852,0.24154796407503687
60.9656270268,38.357881637,-0.03810489654119992,5.8655346045,72.2452642818,-0.03402060566911058,0.931790026087,43.199447007,1.34829074963,0.920973901992,3.85083785627,120,54,0.009272063125963457,0.22778769474540195
59.9550309672,37.2414434694,-0.030383172041623212,7.75468443913,75.7894617737,-0.02347549824692158,0.931153023995,41.7931850549,1.34760688319,0.877427379844,3.84820529775,121,54,0.03444385586595755,1.3127575035636225
55.4777686552,33.452811336,0.01485206753299827,10.8489425046,73.8475729896,0.010763309368901656,0.930502258932,25.5603664946,1.34690775796,0.763822895011,3.84551586057,122,54,0.007774828145974857,0.36646861094628413
53.7653618003,32.8693998142,0.010756287682785913,11.6105890404,77.3813298177,0.03342708667539686,0.929950212797,27.311414043,1.34631430431,0.704498351256,3.8432344022,123,54,0.03080575407672905,0.9238275948169195
59.7849381956,36.6660736875,-0.010442167906857794,8.70768217649,76.1573575649,6.769030794946862e-05,0.929564303669,35.3776271872,1.34589923992,0.847750306294,3.84163954345,124,54,0.05374235990031738,1.165456770921677
60.8550932189,37.781760356,-0.01758733951228111,6.23801206645,77.1860427429,-0.022077572927442418,0.929215863049,45.9444925801,1.3455243267,0.903477265097,3.84019953197,125,54,0.022648894807951712,0.7532119656827011
57.5814901982,36.0862536183,-0.05070038958816946,5.86088610712,71.2900386228,-0.04899945013392686,0.92882896456,42.7298033996,1.34510786905,0.904853207123,3.83860058445,126,54,0.0012767469522439686,0.09222191363194056
58.6638616008,36.9197422358,-0.05839612923979988,5.08338803314,69.5753207598,-0.04837440403117354,0.928323469342,47.3560732942,1.34456349238,0.930550604136,3.83651150852,127,54,0.0208743227373111,0.5175569596040261
61.4502915495,38.0764934525,-0.045654538351390425,5.74515411723,78.4621751708,-0.04643374482878258,0.927715358136,49.4731676092,1.34390821381,0.917089748386,3.83399834827,128,54,0.030740477964995443,0.7647500313687293
59.2286434336,36.1987231201,-0.016054127317130025,8.09570648314,77.6307938899,-0.013984060833693905,0.927022507466,36.5670806585,1.34316109939,0.877367185762,3.83113498258,129,54,0.007366538097817321,0.44403082367723035
60.2521039145,36.9269977419,-0.0027946033103745,7.41020065273,72.3951659073,-0.004138416542710797,0.926352280642,37.7606626513,1.34243784918,0.886417076894,3.82836511517,130,54,0.005617716231715849,0.33810931334037153
61.6275688856,37.8448139775,-0.022242800663304658,7.99003213918,74.7541200198,-0.009792667891683237,0.925733673209,39.8004304982,1.34176983758,0.898312491381,3.82580857684,131,54,0.019071409075750213,0.8325686147348891
62.4266804715,38.4658731375,-0.015348006639494894,6.58135952353,74.1855334086,-0.01863346572290367,0.92514347034,44.2611727458,1.34113208278,0.924757310403,3.82336942694,132,54,0.01919509563881941,0.7808933547258728
63.2600850302,38.8035315748,-0.018785846370891993,6.20824141328,72.5644914361,-0.019566858703836697,0.924550750606,40.805647705,1.34049119874,0.918359250153,3.82091987551,133,54,0.008127844272213624,0.3888908999719475
64.5339528294,39.7184729574,-0.015618483579513676,5.48228006627,73.5495322829,-0.013843561114852637,0.923952745079,48.9232961299,1.33984418287,0.931878596366,3.81844847931,134,54,0.017569344188687414,0.6972084125368033
63.3932582374,38.9854127807,-0.007962650325736597,6.54441267278,76.7493809709,-0.008311160217822121,0.923368025557,47.4802804919,1.33921113684,0.915307275375,3.81603199061,135,54,0.03626572585343161,0.9977390735448912
62.9055105975,39.2674902178,-0.03636497363550221,6.77594972934,76.3460412909,-0.03825715154998018,0.922812965206,44.0861766669,1.33860983028,0.921585154433,3.8137380753,136,54,0.016816232204686265,0.6980790833845663
62.1406410186,39.1928145154,-0.04421717880731882,6.21625867206,74.3192220093,-0.04508339656535527,0.92219048253,45.2117659858,1.33793505355,0.927284681527,3.81116552163,137,54,0.006186225142870915,0.22095259654059293
60.976718977,38.2727869316,-0.044204711132086905,6.34044933664,73.6067581907,-0.04096523837980071,0.921487779526,41.8276202151,1.33717276974,0.92027618507,3.80826143889,138,54,0.007503444584703484,0.4254689727124624
63.1628682815,39.3829598348,-0.04477106400549023,6.15548335478,76.7098483955,-0.03767519336955371,0.920726264679,46.3153005606,1.33634603097,0.926143121638,3.8051143026,139,54,0.032348320608228454,0.9891300103856796
62.14739203,38.1726935513,1.4859679432008418e-05,8.03832812435,74.1909131835,-0.0009542862084762863,0.919922294174,35.5343276035,1.33547245784,0.88386986261,3.80179170849,140,54,0.025511764518271817,0.7930475680214802
57.640726637,34.5308341068,0.013060159117324235,9.77010961303,75.1765561924,0.018927768452527843,0.919193486687,28.6224313991,1.33467989488,0.82763351699,3.79877974294,141,54,0.01624953427171988,0.5524182711886628
61.2443082967,36.9756920565,-0.025882274643744395,8.80248621661,74.2619994257,-0.0018311622379456902,0.918597762245,23.685515155,1.33403159006,0.862806405202,3.79631777386,142,54,0.05159094787915648,1.2345519825947167
65.381215978,40.5145607764,-0.014297951526235322,6.46826820972,77.0556205123,-0.020495778719431878,0.918054003147,47.7155111196,1.33343947007,0.908581740721,3.79407056358,143,54,0.025835767707789708,0.8620548086883826
64.2525356055,39.9893731636,-0.0327788348229867,6.59199647927,82.7396105155,-0.03678420623766053,0.917497570806,46.7111348586,1.33283318652,0.904880810941,3.7917709782,144,54,0.012836497663304854,0.6664487996434809
63.1891415261,39.5112439875,-0.022778972441964796,6.57035922859,76.2609872574,-0.024369594125473848,0.916879466054,45.8555472084,1.33215927406,0.913428373704,3.78921651731,145,54,0.005738893104912691,0.29512000480254724
63.7398961883,39.9390984532,-0.02266013522522327,5.99528046255,77.079887981,-0.02299604852225708,0.916244212824,50.234936781,1.33146619125,0.930980601271,3.78659118637,146,54,0.0023109422853388366,0.17268102923326015
63.3538052525,39.5310660749,-0.015847381900257595,6.07474520496,79.0376745738,-0.015305909821498029,0.915597768594,47.6573405651,1.3307604052,0.913446068962,3.78391960603,147,54,0.0009326195054878446,0.035847163268910125
63.2751810869,39.4641205518,-0.02150268143934219,6.63482232829,77.1067386631,-0.01712070528273717,0.914965257607,49.505577612,1.33006934895,0.909075141792,3.78130560805,148,54,0.013412728761312645,1.2051767683705028
65.0109124338,40.1921033888,-0.015715942595468872,7.25449064066,77.7789838188,-0.014269627959195575,0.914339505419,47.8925532431,1.32938520684,0.917985409422,3.77871954236,149,54,0.017496022375590062,0.6548689651030066
63.8931724793,39.324219788,-0.016571444717236337,7.54377242292,76.3704538102,-0.013370691342681477,0.913728777016,45.142009488,1.32871703877,0.902195120438,3.77619556594,150,54,0.005902315517558637,0.31247197560174217
65.1312658571,40.2806371253,-0.021964345561978002,6.40148452464,80.7665925922,-0.021515634779480063,0.913134376318,52.6359371492,1.32806630506,0.925748322042,3.77373906754,151,54,0.021377938002945292,0.8379428402809922
63.3260554628,39.3032069169,-0.005699440909518808,6.96414974112,78.5922789768,-0.008924785960324628,0.912528790543,47.3783710868,1.32740289046,0.910425970426,3.77123634422,152,54,0.031498113689515196,0.9846398647728453
63.8342348911,39.7534204045,-0.034530741780073995,7.53369337741,85.2215163944,-0.036135542760668465,0.911953196308,47.0941031153,1.32677192314,0.897994702499,3.76885756788,153,54,0.02759668276945547,1.0288085928782928
66.0290547414,41.2487288671,-0.033812657030296,5.98381305979,76.4758429836,-0.03324593733498805,0.911318891488,46.3794737321,1.32607613577,0.930387279564,3.76623615646,154,54,0.030694616061755886,0.9329698058802989
62.3660851893,38.8507863526,-0.04198949399098409,5.98971563799,73.2997761263,-0.04434374647955482,0.910641068046,49.2956524341,1.32533207609,0.924915096516,3.76343489426,155,54,0.013829385084188076,0.5782447748260134
62.244025804,38.8191684298,-0.030064284435264845,6.32523822814,72.9335690495,-0.028563272001308863,0.909891235352,45.8673515401,1.324508325,0.925851790605,3.76033603718,156,54,0.013204573916993971,0.6308137317756062
61.2086311149,38.1982620521,-0.03659271911906813,5.69956297787,71.8900485804,-0.03255813041048339,0.909124713604,48.2687547425,1.32366553767,0.927042326727,3.75716820872,157,54,0.011926181955747498,0.4987268677129609
61.2013635588,37.6985108057,-0.02479572611460073,6.85588091191,75.9013348048,-0.026223189799388764,0.908331232159,48.6508335849,1.32279235943,0.905709412589,3.75388896307,158,54,0.00508491380091689,0.13153118702327904
61.6568360406,37.7443677563,-0.016399289350487428,7.73572331721,79.2592523578,-0.014846817389744605,0.907532864887,42.1834998281,1.32191303446,0.90731552134,3.75058952561,159,54,0.0039198256872047515,0.31077542383295315
60.8331824168,37.4537926874,-0.03348416429480485,6.73946004644,80.9887029429,-0.03191645101868838,0.90676526271,45.2802729672,1.32106686457,0.901827190945,3.74741723203,160,54,0.0019757787585845685,0.08793036553597622
61.35120173,37.5619304577,-0.02982924451205964,7.55369453839,76.4567762572,-0.027681944380610654,0.905972821333,44.0452719053,1.32019256129,0.900093669528,3.7441422847,161,54,0.00478360703261669,0.17659314034188017
61.115417861,37.3125386674,-0.006824533306234616,7.50418452154,82.1533762612,-0.0031100470842226123,0.905171037285,41.2192914801,1.31930717154,0.888057114399,3.74082872663,162,54,0.012365878595121485,0.5273813542697724
60.5197567388,37.5275221169,-0.022599860973324042,7.60289553678,76.6815960169,-0.020214983014461146,0.90443762242,45.7997945648,1.31849659308,0.895087331008,3.73779772002,163,54,0.029109816429983962,0.9293723107885319
59.1692172273,37.340268008,-0.01875227731858278,5.95651441964,76.0289457888,-0.016963905954577915,0.903711723484,47.5123318474,1.31769367381,0.912459001561,3.73479777473,164,54,0.011740565389601998,0.5770993430708838
60.1549650117,37.791338421,-0.03179886501837112,4.98475162512,75.77719699,-0.026678938640233473,0.903002695238,49.380311923,1.31690879239,0.931740680892,3.73186755147,165,54,0.020841372010597464,0.6345602857807084
60.9580344215,38.15730023,-0.03838727530294843,5.86916951505,71.9033567828,-0.035561856036550855,0.902278633664,48.4431777251,1.31610663308,0.916067056414,3.7288751995,166,54,0.07163680486592032,3.0180869355022923
62.2473170311,37.6156721394,-0.0060410638681337005,7.47802106382,78.8962150115,-0.015753347805730566,0.901514179235,43.3135151264,1.31525902523,0.885851646811,3.72571591471,167,54,0.02908951447622572,0.7234949370251548
62.4191259236,37.5362553887,-0.01967911761840378,7.35979477668,73.3887836634,-0.011570063622171237,0.900774358327,40.5628002641,1.31443804576,0.900554000754,3.72265843365,168,54,0.035858537685358925,0.9708988882331501
64.0004971444,38.8086602969,0.006450174271254929,6.1776367054,77.830326992,0.004826916682999725,0.900069854357,52.6104430523,1.31365563049,0.925627297507,3.719746908,169,54,0.03178189515199339,1.3511899922258592
66.0487300705,40.4430245984,-0.027593409628216062,5.11723661432,74.6421321795,-0.030497971397822742,0.899449940021,52.612133469,1.31296665295,0.929852544499,3.71718496859,170,54,0.017798088667185817,0.5874446530548741
63.8575617712,39.5734197869,-0.031189426880317624,5.68886000439,76.6291823181,-0.03012594724798845,0.898794036138,50.756565485,1.31223715915,0.928660509965,3.71447429404,171,54,0.02034338034940189,1.0029593914255082
63.2619330785,38.5344001445,-0.005044566222324051,8.48864245213,77.5787498508,-0.004501518325179286,0.898107080036,40.1104351691,1.31147255822,0.884388407152,3.71163528903,172,54,0.014097014050334875,0.7084486465553492
61.825257292,37.9932133254,-0.016447823763414703,6.85573940116,76.5658149165,-0.015416385421029424,0.897472783615,46.4486366741,1.31076604946,0.899447603193,3.70901391232,173,54,0.017300623320619428,0.9193634128694042
62.8502914853,39.241622077,-0.02978897317032508,5.48996236998,74.5909262667,-0.02972268039718536,0.896851036302,46.2150850936,1.31007303371,0.921661928939,3.7064443977,174,54,0.017493386985158538,0.9066786142093596
62.8580763102,39.3409925078,-0.024120441831288832,5.58642154447,72.8661435578,-0.02674822564185085,0.896195772301,51.6114657871,1.3093421392,0.921085688329,3.70373636762,175,54,0.02772690948860187,1.0728498894801313
62.7086986258,39.0217461385,-0.03401185259183632,5.71950591509,79.997115314,-0.03856573902051227,0.895519689324,46.5448215702,1.30858746244,0.925029571256,3.7009422983,176,54,0.01353434687191762,0.771016303250944
62.353332578,38.4437643724,-0.01414400745000304,6.23106167385,76.9418996573,-0.01567364738740622,0.894788954426,49.0930899957,1.30777113958,0.923286528922,3.69792236728,177,54,0.0069807110063853,0.5136569508306542
61.178976516,37.7284599686,-0.02785503784659791,7.52982839171,77.3731498902,-0.02760027380799674,0.894079779022,42.2049478068,1.30697826369,0.882274732372,3.69499153585,178,54,0.006689211352500578,0.3066328361142548
59.214263456,36.5283381089,-0.02102242939116497,7.96600031572,74.7075361611,-0.0201163847771559,0.893352881471,42.3296010801,1.30616492106,0.870602134381,3.69198746355,179,54,0.007926731000352722,0.7024823332325073
59.2056235334,37.2304764771,-0.02267849847351894,6.87962591397,71.5993144901,-0.021226680476711876,0.892633245459,44.2897624286,1.30535905136,0.897449999453,3.68901340124,180,54,0.004307326376023159,0.2396987481173886
59.8240705112,37.6471381251,-0.04921668909870541,7.15006207092,70.9860060434,-0.047670351282417235,0.891916661193,39.7494418419,1.30455595328,0.89798256614,3.68605195098,181,54,0.004033084570378851,0.38970689292418326
60.6724259298,38.1277382099,-0.026573201435166654,6.92050932193,72.3728211876,-0.020266519518570118,0.891122994569,32.315378645,1.30366571321,0.907395491261,3.68277194003,182,54,0.019904764044277993,1.2581303666262538
62.1883417112,38.3004832368,0.005901697251349274,6.78463393936,76.5446070497,0.01004403780727866,0.890343208364,45.1787549349,1.30279026999,0.910522914907,3.67954929314,183,54,0.04350949037920967,1.3310566580651946
56.0186123454,34.0005354351,0.01534149856109475,9.40988168766,74.1201392534,0.018266942523294742,0.889672481772,35.7511244225,1.30203665121,0.79790586795,3.67677736032,184,54,0.0031180492691505707,0.15647291843941336
57.7422980299,35.2167066842,-0.016527706185868178,8.18426925721,76.424358718,-0.002913498334854784,0.889127090647,42.7799120112,1.30142343863,0.856439769078,3.67452340532,185,54,0.025015790368713386,1.0413035571647158
61.3859331296,38.080554813,-0.04292611770369626,8.35403857948,76.1829845557,-0.03106108151512754,0.888625683572,44.1204188909,1.30085934772,0.851346259964,3.67245122458,186,54,0.052970298438135784,1.512075590398293
60.9513849449,38.0779746556,-0.019492933462686227,7.77986652886,80.5851424653,-0.02565006967317009,0.88807486665,38.209401527,1.30023930295,0.889325771842,3.67017484621,187,54,0.018881063292568806,0.8897893710256382
57.5048239824,36.2750901684,-0.03298856411029399,6.46119094677,72.913680133,-0.02957784369874165,0.887496552661,42.659355278,1.29958789124,0.887683121726,3.66778482986,188,54,0.0073091693190748324,0.4208832352147054
60.7533576562,37.7565807988,-0.03286031581264807,6.05038467915,75.7498911121,-0.02528391042605194,0.886881392857,48.0383155067,1.29889451041,0.915913492657,3.66524253965,189,54,0.021987314569714544,0.8311320048322771
60.6478991046,37.5410246024,-0.013439802100711848,7.69461900755,77.9729295579,-0.0117935178911889,0.886246473689,41.3472136808,1.29817835315,0.886884204226,3.66261858929,190,54,0.0204547599762097,0.7169823810710642
61.8165372421,38.1358272696,-0.03495084879198906,6.04063672151,76.7080175474,-0.0377750372757749,0.885636066875,44.092234778,1.29748936071,0.919048083035,3.66009594192,191,54,0.022856964182160773,1.028218692247599
63.6560918935,39.1918555114,-0.025668444889277338,5.60685257432,77.7382542198,-0.026815148150006025,0.88496705993,52.4052805481,1.29673367812,0.92785489377,3.65733111594,192,54,0.04780292980012262,1.5402486744742254
63.2244461791,38.8734377796,-0.031591367101919954,6.42172662602,75.8862773557,-0.02305744897392648,0.884279175087,48.3992300166,1.29595607592,0.918847349735,3.65448827268,193,54,0.09925104802387401,2.8655169084564003
61.9601162552,37.7927190582,-0.005110165813724651,7.78053772003,77.4923410129,-0.009142105105670003,0.88358595926,40.7324071304,1.29517183526,0.890522092927,3.65162339789,194,54,0.06983804128015046,1.65583951035892
60.0518213863,36.3096417471,-0.0037193295196178543,8.89136447,76.694530595,0.010018448554256881,0.882931545737,40.5005163865,1.29443092718,0.85325170532,3.64891888261,195,54,0.05094913116248354,1.4349570067400002
62.0131193111,37.7248883082,-0.007611933820775535,7.54563353791,76.6411114074,-0.005355800317389624,0.882373838177,43.7745978426,1.29379907324,0.885026178889,3.64661402709,196,54,0.05165161034573929,1.7244970809314668
64.4964440231,39.8123011207,-0.012485654687931544,6.540208991,77.0718274027,-0.016091563944857282,0.881853551866,49.8977997604,1.29320925547,0.92227435763,3.64446382354,197,54,0.008125438135737316,0.192411217531411
64.7128650276,39.9796289652,-0.02573948976729603,5.97616118552,75.4541190969,-0.025623183973917246,0.88133266617,46.0817859488,1.29261840953,0.93650147118,3.64231114289,198,54,0.016987590208263816,0.43906164333198366
63.1149420133,39.2251400116,-0.02352323879358542,6.04636090092,78.8050364539,-0.027355480406278415,0.88078113965,52.3377946319,1.29199242665,0.925301471007,3.64003183195,199,54,0.017744123197753075,0.6007296625124233
