LossBefore,MaxKL,MeanKL,AveragePolicyStd,Iteration,MaxReturn,Perplexity,AverageDiscountedReturn,AverageReturn,StdReturn,ExplainedVariance,NumTrajs,MinReturn,LossAfter,Entropy
0.013829167855291839,0.620515888546073,0.043396822177015765,1.0,0,-1000.35272763,4.13273135412,-919.936654361,-1004.52845921,1.14186429114,1.23462351453e-11,512,-1006.9335384,-0.010005698327557475,1.4189385332
0.04226295953043207,0.45864393818883575,0.05620842215138767,1.00100048868,1,-1000.02149446,4.13686610505,-901.300525603,-1003.92314339,1.2768578329,0.218115921143,424,-1008.2512465,-0.006164572484480153,1.41993852173
-0.006616219945670252,0.2834041972357199,0.02630363060189798,1.00191737753,2,-998.417435733,4.14065536037,-871.127990606,-1003.11098576,1.61289106157,0.146456401296,329,-1009.03054604,-0.043376953351652606,1.42085407492
-0.00966964616223494,0.32638153903099804,0.023213171214958823,1.00252467674,3,-997.981747688,4.14316516486,-837.109850619,-1002.56468733,2.13547321655,0.175961065256,260,-1009.15759703,-0.045429640573947605,1.42146002831
-0.03192122942008233,0.2079627805424663,0.023919294913413054,1.00288857914,4,-981.965557866,4.1446690757,-749.898295929,-1000.52210749,3.90039029668,0.086994021925,164,-1007.20863736,-0.0701173817133536,1.42182294842
-0.02535585703920594,0.27823636513663974,0.022173663710800116,1.00282890731,5,19.0728682039,4.14442246804,-630.426700666,-960.36713289,190.57527809,0.0554887989015,108,-1007.52910431,-0.05036278075273188,1.42176344668
-0.036134708506928466,0.2046364952680665,0.020704836060554784,1.00256580195,6,45.2244537917,4.1433351243,-263.557413642,-491.146248587,508.769878384,0.0882047807055,65,-1002.6107885,-0.05436630391687339,1.42150104911
-0.022358923948181147,0.22798475677276042,0.01633056353865215,1.00211029408,7,48.4935661664,4.14145263262,-102.803377022,-192.085628372,425.700725895,0.0629942573281,58,-991.360353037,-0.03847711038100303,1.42104660374
-0.010071091144933465,0.15089594384922314,0.011810390301206654,1.00157851336,8,54.3038641192,4.13925492579,-10.6138089218,-15.1676490857,232.100071507,-0.523031191742,55,-990.641877842,-0.010533051158296374,1.42051580202
0.014005775655307725,0.08854869353328977,0.007078789574937603,1.00104541665,9,50.8703787735,4.13705178031,-95.1780578514,-113.878720565,367.75556525,-0.325012630365,60,-990.490789957,0.020156492985704797,1.41998340379
0.025098371091724185,0.042789414408504256,0.00434407150348812,1.00066667709,10,45.5097849726,4.13548655143,-95.7292823047,-114.968869363,367.460520083,0.0760172746082,60,-990.243160818,0.029168308399759795,1.41960498816
0.02726426735011936,0.02580521704641388,0.0022420561914771684,1.00049475359,11,47.424484002,4.1347760378,-182.826544926,-225.316606506,450.179680636,0.114019141159,66,-990.76144764,0.03129440711633322,1.41943316444
0.035059105833430325,0.012566126095340316,0.001060540776616165,1.00050301219,12,48.5973000075,4.13481016839,-255.450581628,-317.574417113,489.752252731,0.184114196941,72,-990.416606049,0.03754730899557231,1.41944141893
0.027724323397552156,0.026645070136763056,0.00027247055315088233,1.00069401527,13,45.7228124193,4.13559953277,-325.650860964,-410.088552616,510.202360739,0.236527385766,80,-990.275827525,0.02935737452568651,1.41963230775
0.0399319509256093,0.003400193235352229,1.5715323158710723e-05,1.0009991862,14,45.9522132735,4.13686072227,-360.758204406,-449.848565449,513.849380828,0.28497756869,84,-990.594071266,0.04016024098053932,1.41993722055
0.04937646503799103,0.014884772115956894,1.468710917099151e-05,1.00144136912,15,44.2906994285,4.13868814546,-343.839194947,-430.42738749,512.431221705,0.253326403775,81,-990.545964056,0.049174460565126504,1.42037886454
0.03954291416763744,0.012965283591917526,0.00010814978999844491,1.00201393813,16,46.9203134292,4.14105441938,-354.515962241,-442.976270787,513.728176473,0.267155261066,83,-990.25849893,0.0386691348916685,1.42095044608
0.03645521541598702,0.023271557230268847,0.0001393169490906748,1.00266624594,17,46.3376034085,4.1437502323,-292.699695597,-366.08423504,503.3556569,0.208808631284,76,-990.712809126,0.03628184375969218,1.42160123101
0.0444752334404524,0.014901157402741384,0.00023791877785942864,1.00337737627,18,46.6148570596,4.14668914293,-357.608571055,-449.249365637,513.364039213,0.258823044894,82,-990.255766216,0.043677209591466724,1.42231021895
0.03590196243313993,0.012285867967417492,0.00038126823839159345,1.00415444841,19,44.2875756763,4.14990057331,-262.57165199,-327.24563315,492.582567166,0.170133197717,73,-990.795913707,0.03489117330740759,1.42308437572
0.01533494910746827,0.005524738340372232,0.0007703318264598282,1.0049691956,20,46.2073222276,4.15326770459,-246.895327441,-307.836683223,486.703020082,0.188975847931,71,-990.480137868,0.012713095741174445,1.4238954231
0.036026507139998554,0.010333784391231775,0.0011062855061100343,1.00576311503,21,48.054100929,4.15654876031,-182.594939943,-224.325194987,450.559343543,0.117255867109,66,-990.100103823,0.033524361484238936,1.42468510502
0.03359625644916964,0.0015591818461988226,0.0015397397493256346,1.00659350586,22,47.7596806141,4.15998054252,-182.68371509,-225.046335361,449.837497756,0.142312523162,66,-990.25757567,0.029946358946030757,1.42551039698
0.019291128765865133,0.006552310691489548,0.002236469503075546,1.00745009656,23,48.4858513362,4.16352060178,-139.922496194,-171.269801253,416.35934513,0.109871751785,63,-990.778420318,0.01401728366476893,1.42636101487
0.002338548169050322,0.009912080698382376,0.002488182793421945,1.00829330788,24,49.117226766,4.16700536761,-106.580476747,-128.630447469,381.622877061,0.0780306861886,61,-991.071572394,-0.0008563662986606398,1.42719764056
0.022842422356874913,0.019787837812273293,0.0026970448876847096,1.00907037594,25,49.0567167156,4.17021678117,-116.751860122,-141.893481874,393.194087591,0.0918715347501,62,-990.570133871,0.019663003520063085,1.42796802035
0.011790894775543289,0.02509991573423076,0.002757456984936641,1.00985350246,26,55.7832612586,4.17345323269,-16.3743479166,-12.5864217732,232.486986004,-0.154020663074,56,-990.069077818,0.009678958159139397,1.42874380647
0.003982042405105809,0.029350882958420067,0.0029088404813202248,1.01060855038,27,52.470091369,4.17657364288,-16.5402954427,-13.0330729573,232.23745308,0.0218890536019,56,-989.712220902,0.0010293746914218935,1.42949120774
-0.018095675602418617,0.03345702968675285,0.0025957377041801676,1.01131151917,28,55.1161353918,4.17947882405,-11.9987564384,-14.1411302068,233.665489613,-0.00761114004489,55,-989.734792578,-0.019264117090831492,1.43018655552
-0.004216817701807754,0.010132543895856827,0.002104876048974663,1.01188035365,29,57.0473323372,4.18182966417,-16.1969033989,-17.0390718786,231.092858027,-2.99849614133,56,-988.99838154,-0.005702944017935309,1.43074886947
-0.012698113518996778,0.004386975857875706,0.001707738922995549,1.01238277157,30,50.2744990805,4.18390602242,3.19557627954,-1.11148691913,192.779451316,-10.1130607168,54,-984.745369469,-0.012868587444894542,1.43124526533
-0.025531402063492862,0.018226603290566013,0.0013825629039197712,1.01279071675,31,49.9501573941,4.18559195027,-4.76108288005,-3.21990966901,192.316530557,-0.52516287291,55,-995.500857232,-0.026433077521861834,1.43164813964
0.02468040044091601,0.008372890032497804,0.00141778698859045,1.01306017253,32,50.8637899804,4.18670553864,-7.95540869445,-7.33197168113,191.65727045,-162.424188506,55,-994.875602257,0.022111290574626366,1.43191415704
-0.024542397023301264,0.02274357220088888,0.0008543987716727981,1.01339658673,33,47.0747120455,4.18809584814,-38.0026553626,-62.3344716784,291.529706836,-0.122918613783,56,-1003.73042232,-0.02348938551830348,1.43224617912
-0.024791859941219248,0.008555085913839622,0.0005609119035210801,1.01360595432,34,42.2451931522,4.18896110816,-140.054058749,-245.623665943,449.130556537,-7.50676678248,60,-1002.71844832,-0.024715720138513038,1.43245275764
-0.0038181179558927137,0.00582555211250772,0.00044327237110787304,1.01369999088,35,40.4655070622,4.189349736,-15.0970343379,-29.8371789683,231.196885401,-9.03496652269,55,-992.797001984,-0.004100625609069477,1.43254552762
-0.004874194679096798,0.03464956075072032,0.00046315149358009143,1.01377090428,36,36.4715032154,4.18964280203,-98.7284474607,-147.619968917,382.413333352,-3.18634417368,59,-1002.70502761,-0.005160898402816373,1.43261548019
-0.015824798158517877,0.031115873916456684,0.00034057655836765624,1.01381646516,37,35.1266308088,4.18983109287,-30.4476678238,-52.0476315832,262.677995457,-21.2803815667,55,-989.929480198,-0.015765261652601406,1.43266042116
0.008983658002627718,0.0039249889760222395,0.0002058086546801368,1.01379569885,38,44.3464026978,4.18974527131,14.5203826304,21.94269368,7.14268110207,-69972.3125136,54,10.0667036959,0.008112196990696728,1.43263993765
-0.03128216647676583,0.022900318108326247,0.0002501203815996292,1.01381239476,39,43.0388351877,4.18981427102,-15.148660909,-13.063391061,191.918590024,-0.00909826902691,55,-1000.21621085,-0.03139738323279203,1.43265640623
0.014015640863103838,0.0048684245085836055,6.816145440853048e-05,1.01370435633,40,45.6852954224,4.1893677772,-26.5717207406,-32.1782046087,230.234841225,-6.90110913465,56,-999.715140582,0.012409182751529866,1.43254983405
-0.014751436221216871,0.02728734529297208,0.0001149989502186171,1.0136618979,41,42.458434927,4.18919230794,-123.163322172,-261.99254963,454.528537873,-1.62656993032,57,-1001.52743197,-0.01575056869446761,1.43250794875
0.003989244888708251,0.043751146422400605,0.000840302633276447,1.01356460917,42,36.8153261626,4.18879023975,-79.9737486645,-118.796752896,349.225210175,-0.265694067884,58,-1001.48691299,0.0017149772745327452,1.43241196665
-0.010663001003493327,0.01636669981990901,0.0003273449402740328,1.01349220281,43,37.0815492128,4.18849100371,-64.1069414971,-104.851358855,332.850413046,-0.0270140098387,57,-1001.70982439,-0.011943331613296467,1.43234052676
-0.010253380936987369,0.03928764661640902,0.0009932152471148542,1.0133831575,44,42.4576322532,4.18804034874,-21.2135617484,-46.9876750384,265.150191255,-0.0121836820915,55,-1001.42460731,-0.013369159097575457,1.43223292733
-0.003945171111407706,0.04605545938742758,0.001001307817018392,1.01324216842,45,45.8902853827,4.18745767875,-30.4222666132,-65.0182383106,291.49265179,-201.752526031,55,-991.857505458,-0.0052124010648322665,1.43209379053
-0.0043173734389121594,0.027430338975931584,0.0009277888449408955,1.01309768339,46,43.7205407933,4.18686056095,-50.2191079778,-61.8916049511,290.24404172,-0.33813510375,57,-998.665778949,-0.006253152726759878,1.43195118363
-0.007584964882204822,0.01101046934022512,0.0006222864972247696,1.01294833413,47,44.398265484,4.18624334055,-24.8835951775,-24.8812787695,231.859060843,-174.579953036,56,-1001.62157436,-0.007776894187430289,1.43180375433
0.0034158755844686905,0.013581959882734605,0.0005905617250302234,1.01278074398,48,44.53466685,4.18555073548,12.6514577701,14.748135549,137.037401648,-2.43102527742,54,-982.007421209,0.003241947006714144,1.43163829277
0.009123504022757387,0.013311727152704053,0.0004996122479524423,1.01264300468,49,46.1249712164,4.18498149598,9.48036480061,14.3964435422,138.188372589,-164.258439242,54,-990.422333047,0.007829627012932085,1.43150228242
0.004467429677182651,0.0070857188104828835,0.00035971495426927646,1.01255717798,50,46.04966864,4.18462679727,14.1502923424,15.055032286,135.865070436,-107.589616777,54,-972.987941028,0.004602109149185207,1.43141752368
-0.012713928343236263,0.004912356135838861,0.00022986405199139668,1.01249856926,51,49.7683315408,4.18438458318,23.973468836,37.8642775023,6.03014350363,-250.571536378,54,21.3457497,-0.012678101073277638,1.43135964012
-0.03342281576714331,0.07585859486488032,0.002143178523087909,1.01239005515,52,52.1301610959,4.1839361235,23.9538850173,37.7011398096,5.92883715198,0.520379425538,54,21.4671009797,-0.03702803115357843,1.4312524598
-0.02337712126504963,0.08755651834990379,0.003587853170116091,1.01214928067,53,47.6217755904,4.18294106729,13.331191167,18.544283052,138.300238158,-0.00408988134963,54,-987.51681813,-0.02615493612317366,1.43101460374
0.015204702347326132,0.08677672871773467,0.003042665771853219,1.01183192083,54,50.0061777145,4.18162950433,11.116477834,22.2579614874,138.522808917,-0.483265370908,54,-985.611662924,0.01636714070041979,1.43070100414
0.01229913467737651,0.0579698097138647,0.0014367057951517384,1.01161076605,55,53.2524594229,4.18071553103,11.8010546892,23.6298876033,138.813511017,0.0124927533488,54,-986.107384001,0.013117526148435579,1.43048241156
-0.0013601243260116856,0.05538636842366529,0.0013718417118456713,1.01146409648,56,54.2166263432,4.1801093851,27.614278455,44.2046007874,4.90618677927,0.0369986598776,54,31.3985858049,-0.0014977400134133085,1.43033741488
0.009477184812489726,0.07581095586749802,0.0048993691115548745,1.01132496615,57,54.1561880325,4.17953439683,11.9799255013,23.5585809201,139.294890338,-0.00284631154275,54,-989.985692988,0.008995960330275376,1.43019985201
0.011062545626025096,0.07924392983944537,0.002617215196894622,1.01124082395,58,55.21316611,4.17918665971,-2.47796474547,5.2636979662,192.876646914,0.00792129807844,55,-990.376740012,0.011362133488722231,1.43011664859
-0.015412810778117344,0.08336047214325715,0.002660077125329952,1.01121390603,59,52.9051856797,4.17907541516,27.2625886789,43.3355497245,5.16924494121,-1.9087131264,54,32.5708894671,-0.017311122474901176,1.43009002953
0.01253972817244547,0.08639503677282866,0.00187295625821044,1.01112058317,60,52.0183180824,4.17868973688,11.2122025044,22.3790108094,138.690530693,-0.00364671791181,54,-986.696487257,0.012282012911834426,1.42999773732
0.017352178304069633,0.11984674956293934,0.0015595984939093782,1.01109256483,61,54.821135778,4.1785739446,-2.68790245549,4.85741812754,193.22181857,0.00972858616581,55,-990.479927472,0.017268631560441887,1.42997002675
0.003179604012201821,0.13236036523313818,0.001639040348913021,1.01114563027,62,52.6177067063,4.17879324981,10.1639193044,21.3906963545,139.034245981,-0.00320251562838,54,-990.111385829,0.002391682705465128,1.43002250864
-0.03300098100724156,0.15114170250256267,0.0015468965355066946,1.01120824697,63,48.9713833103,4.1790520278,9.9486282913,20.272446789,138.042270449,0.00657263369388,54,-983.859611593,-0.03467172838604204,1.43008443321
-0.0192805472156508,0.0741958264675511,0.0008825576052198592,1.01111528059,64,54.0001660888,4.17866782273,25.0085507635,39.8576183494,5.6509105943,-0.0387468818637,54,27.2802568671,-0.019034692104674455,1.42999249304
-0.02915897785562822,0.01204711860393718,0.00025529804524471595,1.01094437547,65,46.5491934922,4.17796151776,23.1518897504,36.642992399,5.00626904979,0.793222708876,54,27.0286210881,-0.029891144340552057,1.42982345241
-0.05382770928485462,0.024726066266775856,0.0017512675442078703,1.0106604948,66,56.7371636754,4.17678831522,23.9251296931,37.8931453675,5.84828632688,0.791978281502,54,25.2048639086,-0.05849851178776286,1.42954260557
0.017020959881653527,0.017752235793855216,0.002285429214247167,1.01018062914,67,51.8351728501,4.17480515935,-4.66641480249,1.16970394475,192.651195526,-0.0103405202112,55,-990.047480663,0.01999696692086752,1.4290676888
0.011499950400090218,0.007168342602918869,0.00046144431949218063,1.00982141784,68,51.886834335,4.17332063555,9.8200744331,20.5370753477,138.737723293,-0.00421722125145,54,-988.614613919,0.012535203423625341,1.4287120344
0.0067177863671320556,0.005904448015348377,0.00015375123122377283,1.00954666884,69,54.4396881969,4.17218517178,10.8076657675,21.1541946744,138.82204148,0.00556331695979,54,-988.761037078,0.006757604599125627,1.42843992057
-0.006535766995700052,0.0040353909700547065,0.0001009551280710799,1.00932733332,70,53.4958370688,4.17127871698,26.115114403,41.2819443817,5.43460985603,-0.189848380377,54,29.0577507847,-0.006839103914149122,1.42822263556
-0.005136635275034729,0.006154617158778155,3.8156973489308254e-05,1.00909971505,71,46.7542976716,4.17033803182,-4.85202814428,1.1064189375,192.287975473,-0.0116115791421,55,-988.487711756,-0.005321323448435448,1.42799709531
0.0031943889569672453,0.0017724090606220794,6.737600134062314e-06,1.00887061095,72,47.6514146068,4.16939120613,24.8789091514,39.289854704,4.3549925414,-2.42302668449,54,30.1280612387,0.00318491609817548,1.42777003142
0.01367105692949396,0.0013924757696931415,5.795343261680568e-06,1.00867735422,73,53.6523316595,4.16859252798,10.5325512742,20.8685868707,139.16458594,-0.00328032897111,54,-991.100172313,0.013659737730186599,1.42757845557
0.015812810141266294,0.0011568194514230898,6.395518270012567e-06,1.00856428544,74,49.5092326428,4.16812524508,10.2724133944,20.8652131934,139.099292895,0.00865017890938,54,-991.101257855,0.0157938280828441,1.4274663532
0.0018845587050701149,0.002487020068298238,8.4038025677949e-05,1.00853367322,75,53.7797455963,4.167998733,25.6499053452,40.478662368,5.53857412912,0.0912659336993,54,26.161603849,0.001220125789226492,1.42743600047
-0.05452402084594385,0.006728475241498819,0.00048048516730247494,1.00851451323,76,49.9853112093,4.16791954991,26.0829556798,41.1994098444,4.90271247936,0.851299920307,54,27.8862238035,-0.05656795752299842,1.42741700242
0.014696111552870228,0.00540309736430041,0.00028280206263105726,1.0082577318,77,52.2985561377,4.16685834123,11.5522259796,22.722755531,139.132196735,-0.00375607093538,54,-989.825203812,0.014960516992455195,1.42716235648
0.013685475537197912,0.002679639457358926,0.0001501674718034845,1.00809072805,78,52.72339157,4.1661681596,11.5349902741,22.8845980779,139.188719186,0.00849987076811,54,-989.720449566,0.013894492226597235,1.42699670679
0.0061461516474743865,0.002384889455554262,2.2521157316863912e-05,1.00800054542,79,48.011009262,4.16579545901,-4.23838648181,2.49929799511,193.029036129,0.00681203988071,55,-991.022928257,0.006308991830080411,1.42690724394
0.02480502823464581,0.0007447643854985343,6.37190933943201e-05,1.00794633457,80,50.7045778133,4.16557142016,-56.7966852844,-64.6368107067,313.638258641,0.0241672713968,58,-989.311108638,0.02416938918012014,1.42685346192
0.02693525407628747,0.0006572011504679658,0.0002759971684308694,1.00800820208,81,50.5844661011,4.16582710196,-57.6831320644,-65.9394704531,313.621243118,0.0552357979966,58,-990.881531238,0.02585259446061313,1.42691483981
-0.016992994346013267,0.005820895135372265,0.0004437747323905098,1.00818352431,82,49.9810939779,4.16655166164,26.5698633512,41.7044133102,4.021448256,-22.8760202384,54,34.2832034918,-0.017877843733544927,1.42708875405
-0.02411079420609394,0.01876612599350917,3.5034922701860003e-05,1.00826598106,83,48.3045757487,4.16689243322,24.9120350374,39.7525145092,5.90828351756,0.807305334847,54,24.3512738373,-0.024330753532427432,1.42717053815
-0.017912489974246437,0.0269237826093668,0.00011842570021062035,1.00823268956,84,51.2426618922,4.16675484841,3.57198997614,2.40471156154,193.471385131,-0.00639798764653,54,-983.83899745,-0.01914248217180352,1.42713751903
-0.008520892666926674,0.035889327121144864,0.00022929693259672829,1.00812266473,85,48.1300597324,4.16630014535,26.1013058166,41.3472445779,3.14394354635,-2.37069472582,54,34.6941020428,-0.00898151689053954,1.42702838666
0.0014436314655034094,0.020708174471077208,0.00013534514307592924,1.00798488867,86,51.4474628877,4.16573075389,-2.92570146465,4.31008324651,192.965014865,-0.00995387234077,55,-988.601996336,0.0013954124609091676,1.42689171134
-0.001548911239897766,0.024398248035465087,0.00016308280080164342,1.00786667861,87,47.5799318637,4.16524222346,-4.24981598631,1.92764750403,192.597812333,0.0117290719134,55,-989.315201839,-0.002019155683303982,1.42677443082
0.006886019173133722,0.03367812312282305,0.00033301275963208937,1.00775263452,88,52.5729713086,4.16477090987,-3.70064261902,3.16885834617,193.144711531,0.0142599604367,55,-990.72651102,0.0060965617658334265,1.42666127047
0.022311143758147876,0.01853169647826253,0.0004118457689997137,1.00768089345,89,48.4500591054,4.16447442332,-3.07314991085,4.16652625872,193.236153734,0.0146948499525,55,-990.269011277,0.02176920009007353,1.42659007878
0.01918908592430278,0.023799771391688027,0.0004684799983736284,1.00771817885,90,50.2047268604,4.16462851387,-3.42852240826,3.19313178862,191.95294671,0.0142281089462,55,-984.617083473,0.018763154016523276,1.42662707929
-0.02914592637846885,0.11552171541004906,0.0010640992043676127,1.0078395065,91,53.518297437,4.16512992842,25.4131524277,40.1089492475,5.03805856368,-2.49241997433,54,31.3405192525,-0.03104557113642268,1.42674747043
-0.03802277947337266,0.13361410984904445,0.002035147984439752,1.0078155639,92,51.8724099052,4.16503098009,7.61419355526,20.631291912,140.482035501,0.00425128652054,54,-1001.2576851,-0.03864723242384072,1.42672371379
-0.04676465804985515,0.1416488400605807,0.00264197042423239,1.00762304792,93,54.1226888475,4.16423536329,7.9562827669,21.5168815469,140.581397688,0.143250611356,54,-1001.21847478,-0.048114929168567425,1.42653267252
-0.0014973418586027973,0.2432877369377744,0.005137487447723602,1.00724632735,94,52.3564196852,4.16267847836,27.7462835779,43.7148784458,4.63438028971,0.487427507451,54,29.9747535258,-0.00033427087887035606,1.42615873207
-0.014413219762548963,0.4151606954747896,0.009514780760687912,1.00689887458,95,51.9524296736,4.16124254939,27.5339825499,43.5545134252,4.41490356208,0.889416467888,54,32.4008688006,-0.014421117070225361,1.42581371943
-0.006768991231678425,0.1985629683511981,0.0010119329906116837,1.00652104865,96,53.9552963236,4.15968109634,27.4731767701,43.4333959192,5.26112812674,0.873368837471,54,34.6573564417,-0.007029047618321475,1.4254384118
0.029941575545757347,0.293229006171309,0.006666942886607937,1.00614915404,97,56.5886910185,4.15814415583,-54.4982643232,-61.423903253,314.484094765,-0.0151892121499,58,-990.519266911,0.030813173827811114,1.42506885835
0.010834674057242283,0.15585868860997962,0.003127712574430481,1.00594933217,98,51.6375889602,4.15731834571,-56.1180860183,-63.6159457876,314.465052705,0.0549615049238,58,-990.705073607,0.011369236581121562,1.42487023798
0.023424736236784885,0.19553119718081188,0.005791312706806681,1.00581725061,99,50.4040427152,4.1567724881,-29.4915246554,-29.3182807254,263.850024549,0.0192296355576,57,-990.066349455,0.019633172014051094,1.42473892894
0.0056955227370191,0.03159532569930901,0.001227493688369154,1.00580316962,100,53.8774717499,4.15671429518,28.1868143653,44.7237043495,4.57480100069,-9.21776531171,54,37.0183804544,0.005068016303162995,1.4247249293
-0.0003156737445354058,0.22544341878005464,0.013287249887999276,1.00581602348,101,56.1830611659,4.1567674167,-0.533170834527,8.14254205927,193.508653062,-0.0102393691982,55,-987.692737967,-0.006706778671193104,1.42473770891
-0.007216002395965504,0.22648090594106238,0.009109053213566701,1.00582622649,102,51.6871930751,4.15680958302,12.458878509,24.1198951619,139.277894812,-0.00799141254735,54,-989.321619671,-0.007175259716684672,1.42474785288
0.0019582996211942125,0.34718862978845694,0.004620866796149572,1.00580271297,103,52.945247625,4.15671240795,27.5594949032,44.154221922,4.90553381522,0.157619475438,54,34.8227204892,0.0011916248992512723,1.42472447528
-0.026909408358079694,0.19634940430491393,0.006746661287771207,1.00579037354,104,50.9373025754,4.15666141242,26.6389470817,41.9656133043,5.18793587616,0.868851338724,54,29.7352520826,-0.03365786636886569,1.42471220697
-0.035691413170113886,0.502704826768907,0.03624820173681535,1.00565690235,105,51.3912828491,4.15610981182,28.0863592353,44.9930029794,2.95838007734,0.936259571071,54,38.3316313743,-0.05387874201285012,1.42457949537
-0.011505547556796699,0.8638888840446849,0.05820605182002838,1.00537672601,106,58.5021717232,4.15495191827,28.2833265415,44.9922935033,5.74861166798,0.851369445553,54,33.8217831534,-0.013528631878419252,1.42430085622
-0.002403727068008696,0.7217899462814202,0.01651905990634645,1.00507164435,107,48.5054193286,4.15369109774,-45.3679669647,-49.9449874013,291.59491682,-0.0163479223379,57,-991.157815224,-0.002177342328229825,1.42399736008
0.045583326779220064,0.18841282836737497,0.002547736248895496,1.00478488735,108,50.5922449414,4.15250600809,-236.072341501,-293.274017998,481.777404784,0.0773916671202,71,-990.775261712,0.04630079480634663,1.42371200937
0.03679099884537908,0.17868464516951535,0.003143480555619074,1.00473487636,109,47.2499897158,4.15229932611,-183.489433211,-226.092109471,449.578303028,0.134890979322,66,-991.056456141,0.03406733429764994,1.4236622353
0.023562966363916582,0.20332334463829946,0.00821935846402379,1.00485361002,110,49.5188239517,4.15279002044,-58.2122017191,-66.5213980143,313.567841559,-0.0940593675261,58,-990.817670667,0.0178759156489065,1.42378040244
0.03683860824324075,0.13930465578365117,0.0032507509321959673,1.00506506116,111,51.6634889968,4.15366389118,-140.945417066,-171.890071625,416.863587822,0.0826537406143,63,-990.523306031,0.03323924277123188,1.42399081009
0.0056153498080796,0.18441001633265366,0.009259391291916098,1.00541630265,112,48.4424243222,4.1551154779,-82.6079358997,-97.6898925952,349.653379856,0.0396808067955,60,-990.42239821,0.002077933643401081,1.42434022044
0.02394330790350843,0.28966105591651814,0.019417542668582775,1.00575879222,113,52.1183605468,4.15653089527,-57.8491116319,-66.0556356105,313.924599863,0.040299152426,58,-990.992585162,0.020403450726973197,1.42468080696
0.01894172980096062,0.2794440879604862,0.01255244336807755,1.0061729938,114,57.5303524092,4.15824267914,-56.5396061709,-63.4559876303,314.453154318,0.0459964340511,58,-990.329173622,0.01396896536301076,1.42509255212
-0.0008489681189169931,0.2972762210138757,0.011797979931466264,1.00663047681,115,54.5811570784,4.16013333352,27.6832759674,43.8263486877,5.59952018364,-19.8701502196,54,23.6070728538,-0.0022024911739428944,1.42554712509
0.0024222834561512573,0.2809336476143425,0.008580244589934016,1.00704049428,116,51.6943831459,4.16182782557,11.8381694163,23.195045549,139.125673734,-0.00295664392711,54,-989.024261361,0.0007241795670784127,1.42595435892
-0.04728788805542054,0.25596308393851896,0.005194195647627184,1.0074221682,117,52.347254731,4.16340518137,9.62868290487,1.53034695655,190.418116348,-0.00633766126968,54,-968.923927649,-0.04528219858372676,1.42633329265
-0.0326310057887629,0.20967471179577132,0.0027668280346925993,1.00755189927,118,51.0102008796,4.16394132503,6.42997688053,-3.10110507116,190.945880346,-0.039408990909,54,-975.951984967,-0.032421576453634596,1.42646205964
-0.02030366552423911,0.02087211605930045,0.0005502369299278066,1.00752476802,119,51.8942796211,4.16382919884,6.64061979314,-2.84463468498,192.875702118,-0.546269739892,54,-985.691945329,-0.020223685044249623,1.42643513138
0.0017415586554157235,0.10459044927144398,0.0006703760937827696,1.00741104971,120,46.3401441535,4.16335923163,21.4361152778,33.3941848402,8.83284705781,-36.3031276223,54,15.3657585258,0.0011129032332580122,1.42632225602
-0.01423961249150126,0.15673300439719418,0.0012377668095101089,1.00731595575,121,48.5160366443,4.16296623383,19.7554141171,30.6464360166,8.48148739901,-1.58698142902,54,13.9533080283,-0.015398144624461225,1.42622785716
-0.025745830452051723,0.2620861008142008,0.007743699266438709,1.00716711129,122,43.1680235129,4.16235109965,1.6324856294,-5.66158631285,191.227833044,0.0147933484026,54,-980.225329126,-0.026498880225680446,1.42608008281
-0.008676352245466328,0.27339725294138906,0.014036009023876618,1.00691951743,123,47.9970023,4.16132786075,21.9038540359,34.0897780752,7.29837051631,-3.55307495766,54,19.9764656056,-0.005524251377179712,1.42583422064
-0.06333407497769991,0.34139259835430114,0.042720837670475555,1.00665742882,124,48.6209542268,4.16024471894,24.1924289151,38.1749988557,7.466667907,0.767974197187,54,13.2156289387,-0.07833028268287015,1.42557389921
0.02426843970319404,0.288569407815218,0.07623066593056349,1.00615508418,125,52.2507178945,4.15816866349,-2.19154266002,5.04152661485,193.118771802,-0.0105885309493,55,-988.682740306,0.028847196640951523,1.42507475222
0.03163049508745983,0.27783958993124047,0.009705010287501321,1.00580787856,126,48.7551996738,4.15673375596,-96.290928096,-114.428237638,367.666062404,0.0253037266504,60,-990.505750416,0.0345608152060596,1.42472961106
0.03404654176882507,0.25765027000185003,0.0014443355015633956,1.00563233118,127,46.5226816437,4.1560082658,-228.743920246,-283.999053888,477.563794455,0.118975335715,70,-990.758419434,0.03448272940782911,1.42455506212
0.03373829297956567,0.24581398193368825,0.0015697978582608616,1.0056205333,128,44.2969504148,4.15595950833,-201.172669834,-248.218100284,461.477144057,0.159943223546,68,-990.422820535,0.03499554740857135,1.42454333025
0.033056073400198595,0.1966353866045598,0.0012236690930986006,1.00575348356,129,48.7827910892,4.15650895604,-315.9168164,-395.861205505,507.797266432,0.217550010188,78,-990.968755354,0.030243162937689486,1.42467552869
0.010468108780224472,0.12086658154509192,0.0023554700337951443,1.00601279682,130,48.3591120482,4.15758062808,-220.06128554,-273.009407622,473.56793116,0.141737354961,69,-991.115708669,0.005897757604238007,1.4249333253
0.032683767138671715,0.06542922509809894,0.00318082862645386,1.00629153519,131,50.1918667404,4.15873257886,-116.579218561,-142.270925886,393.53569534,0.0402011159102,62,-991.387791473,0.028735064814847805,1.42521035931
0.02099080226919046,0.004928325165705721,0.0048980403825293626,1.00668012041,132,50.6391680132,4.16033849718,-230.255610175,-287.769867953,479.937497707,0.146915905489,69,-990.72037575,0.013246384780996164,1.42559644048
0.013145763894808708,0.004520693159218155,0.0042940732482949,1.00711939742,133,50.0109650218,4.16215391107,-17.9029557461,-14.9434549271,231.892199124,-0.931576154827,56,-990.636362419,0.01206882284838171,1.42603270736
0.01882438952782159,0.021837411887270543,0.004408446481881342,1.00757199765,134,53.3730445384,4.16402438621,-30.9680390328,-31.5955080845,262.818164389,0.0282381731419,57,-990.350275726,0.015957219264113653,1.42648200717
0.012637649385302381,0.024572141694795935,0.0036526762594930886,1.00806043626,135,49.7019399129,4.16604297178,-11.8502452882,-16.4783459084,232.586914231,-0.224447362315,55,-989.761768595,0.012105841952288822,1.42696665766
-0.014239993900804417,0.015452784522946253,0.0025110887811516814,1.00855558193,136,54.4046307301,4.16808927584,-3.93313731258,-19.0242989625,234.051623019,-8.50149086966,54,-988.182718156,-0.013990232145684603,1.42745772357
-0.012774206946682866,0.01942786682464358,0.0018881206212535866,1.00894138102,137,55.1487237746,4.1696836798,-16.9363598267,-21.4827115528,232.643378412,-59.6305752979,55,-998.48141671,-0.013118864329278416,1.42784017677
0.0012849365547057453,0.006471931500053263,0.001639517706882599,1.00923465923,138,46.5879568728,4.17089571989,-100.055087468,-175.028024357,410.262809102,-76.097066632,59,-1001.11519354,0.000813285488707777,1.42813081368
-0.018993293884617176,0.018145763590287974,0.0011504232695574805,1.00950525893,139,50.0037183251,4.17201403572,-15.8407242371,-28.8345307567,231.259783222,-3.26605744884,55,-998.917811471,-0.018960152710929372,1.4283989014
-0.0427278750754972,0.020964504742566715,0.0005563523167512288,1.00966691146,140,44.0233456582,4.17268210221,-77.6607517108,-153.578400801,383.021460168,0.000498772264798,57,-999.383275585,-0.04213588006270195,1.42855901903
-0.006013451774138855,0.030435917129517,0.0001097776811653949,1.00962770253,141,41.2046458416,4.17252006222,-160.447090626,-275.478657917,462.837422678,0.038554498094,61,-1001.79152677,-0.0061989447803391835,1.42852018474
-0.021640233222421788,0.030887867396171186,0.0004059414225145884,1.00956638626,142,41.9881709013,4.17226665855,-155.900787362,-295.768666942,470.647885245,0.0483886335368,60,-1000.2320277,-0.02332671124547157,1.42845945134
-0.011058480932706059,0.02881542303778184,0.0006093130795311275,1.00941791574,143,47.2860086126,4.1716530698,-84.3300431888,-151.978184513,386.694067085,0.0280129729965,57,-998.584862386,-0.012252635497831075,1.42831237687
-0.006517506265226935,0.04829851007189079,0.0008991940764777834,1.00923613585,144,44.4813968307,4.17090182236,-7.78769543141,-30.4477912376,232.042522128,-0.267189481823,54,-991.617726828,-0.007709469048002666,1.42813227678
-0.026852657630215448,0.13450145113031262,0.002601905230820096,1.00904374697,145,39.9242483859,4.17010673079,-75.8952567953,-150.492652844,386.213915045,0.0169056638958,57,-999.705004245,-0.030467745020929096,1.4279416304
-0.018975838246724854,0.1966142177021576,0.003985380899712657,1.00875459779,146,48.4134109738,4.16891175491,-15.2744727441,-43.164737464,265.144256301,-0.159025081068,54,-983.059448632,-0.02214084306831019,1.42765503171
-0.02369906011590503,0.16822300850452596,0.006378780558617857,1.00841189856,147,45.5342607285,4.16749547104,-53.8494133993,-111.002987355,355.320469203,-3.22685945449,56,-1000.15539621,-0.024697953134433306,1.42731524891
-0.008669306829895597,0.12762129357311575,0.015564110306278802,1.00800098476,148,50.8379553933,4.16579727471,13.895070301,18.1242524766,137.184543162,-0.584236713614,54,-979.512789227,-0.009905539353174673,1.4269076798
-0.005134653373320112,0.12220642927502295,0.04239382020599161,1.00759250932,149,52.7587118181,4.16410915543,10.5982635304,21.1027396373,139.039874016,-3.03294105121,54,-990.262799641,-0.005103830619002126,1.42650236449
0.018957465753059448,0.09859795837506792,0.04695230574513181,1.00720140037,150,49.3730565741,4.16249280721,-171.111582421,-209.541842461,441.088311585,0.0054999637947,66,-990.548200675,-0.011766597328144416,1.42611412731
0.022022225156167842,0.09851420354389545,0.013655225693490793,1.00693175255,151,50.1650662331,4.16137842521,-30.6061938526,-32.1874205251,265.526914198,-0.239511349953,56,-990.339335185,0.01871769824962859,1.4258463716
0.009870683958353492,0.0948668112627951,0.002178202364523444,1.00678506048,152,51.370902173,4.16077218631,25.6775563187,40.8787320614,5.21766099373,-10.3636871188,54,31.6472098799,0.009634639556980459,1.42570067876
-0.008945493421528502,0.07983039691263448,0.0010407355739599211,1.00669582767,153,53.7208887054,4.16040341109,2.65261137797,4.26142946762,191.026172529,-0.00147720036167,55,-985.950331432,-0.008631888833884837,1.42561204339
-0.031387215669670836,0.07548386351508946,0.0006643647933446848,1.00657606263,154,55.6193673361,4.15990845434,-22.2094039365,-32.8881663031,264.410244241,0.0204767756817,56,-992.985849209,-0.032447440007417054,1.42549306786
0.007332659528920986,0.05324884260878904,0.00028667325966780265,1.00633143088,155,57.0158750779,4.15889745703,10.4078363816,21.5132617525,139.056622017,-0.0749597833387,54,-989.746161393,0.007378560948078999,1.42525000478
0.006168519173320117,0.03801067768287391,0.00019482769660814466,1.00614276479,156,57.3211015658,4.15811775077,10.0854611038,21.3363688279,139.034465384,0.0127761057262,54,-989.7343066,0.006017807750773912,1.42506250812
0.010562445898538287,0.030877974590759846,0.00018417515676007206,1.00599957084,157,51.687798114,4.15752596866,11.136427514,22.2562250909,138.897599038,0.00736660902578,54,-988.37821734,0.010352442620417974,1.42492017829
0.011724014420231969,0.02540301709313459,0.0005199963277134181,1.00591692425,158,52.6072679726,4.15718441247,-17.7480400238,-14.8167719236,231.575493807,0.00939548049216,56,-989.501727034,0.0102936972724938,1.4248380212
0.0015488134161387658,0.018496185299205974,0.0007160978180809447,1.00589416883,159,49.8064983764,4.15709037044,-27.7341106174,-35.5952083076,263.453909847,0.00899329200845,56,-989.879967254,0.0006202305993446451,1.42481539937
0.0008982234051778857,0.00892549218244809,0.00046332869830817896,1.00588048725,160,49.9977728855,4.15703382815,-7.33091643508,-17.7509709695,231.383643101,-58.3838608842,55,-989.498282851,0.0011089223375580057,1.42480179787
-0.004018485752962845,0.007743490810420479,0.00040386332864717384,1.00587212869,161,56.2309512467,4.15699928449,12.8046211903,17.5535863702,138.631232683,-898.468121785,54,-990.19180335,-0.004715635682266764,1.42479348815
0.00012512735793800454,0.007788438064235905,0.0004448429293415424,1.00584664595,162,56.4824180478,4.15689397114,-0.655281070561,-19.1129153259,232.282699595,-29.0696602496,54,-983.341082727,-0.0007302513125055138,1.42476815385
-0.008297245830018358,0.0067370148309408885,0.0004894696586256537,1.00582419609,163,55.9515520897,4.15680119192,6.98308202547,15.0506467588,137.860432548,-16.3411316069,54,-986.775463157,-0.009562175404728854,1.42474583423
-0.014639291317147654,0.002841910581308499,5.8840225281043765e-05,1.00576667352,164,46.8530773282,4.15656346659,-15.9417140381,-24.9888278907,231.97811919,-0.0175436740802,55,-1000.03266711,-0.01428718233596565,1.42468864311
-0.0023177257039803095,0.0041479318729978655,5.6739808708809615e-05,1.00564895166,165,50.7228257328,4.15607695375,-27.9700802937,-41.2764321011,263.137584548,-86.1665978376,56,-1000.57192828,-0.002719372217795166,1.42457158937
-0.0022286958974892133,0.0020418332889941956,6.430472346668903e-06,1.00553221048,166,49.8188295901,4.15559449384,-38.8632940298,-59.5018746027,291.576879707,-24.1177374511,56,-994.602148837,-0.002259729266191885,1.42445549722
0.0058734902269003565,0.0016965050236120846,8.917357252781074e-06,1.00541672682,167,49.7510280617,4.1551172309,-43.9085167861,-97.727317558,337.377104838,-7.84183772645,55,-988.840307493,0.005359015669569652,1.42434064232
-0.0024305003836915147,0.0026328622115987903,2.1836146496006663e-05,1.00533915413,168,45.3640062695,4.15479664378,-24.8824379194,-43.3357983483,265.201251254,-166.283389291,55,-1001.76604747,-0.002760702023588187,1.42426348458
-0.014354081464425147,0.0022770619312985066,1.841083859220295e-05,1.00525805271,169,49.3721549069,4.15446147342,9.92523787779,13.3830103172,138.499591472,-12.0757717755,54,-992.711947242,-0.014396647954041504,1.42418281062
-0.028040330866996078,0.003324971814145856,0.00018109647767656066,1.00511944795,170,47.537738389,4.15388865716,-8.27074388402,-23.6918259118,233.640567128,-0.329106132304,54,-989.488989232,-0.02893267453560301,1.42404492133
-0.013677751020210979,0.004329325374270606,0.0002524445770846911,1.00486732349,171,46.643193056,4.15284669451,-20.8569836887,-42.9692868615,263.857420018,-0.911255330992,55,-1000.71189858,-0.014165041569942822,1.42379404957
-0.0011120550368262454,0.005074642668728667,0.0001457874558574461,1.0045776585,172,47.2431297457,4.15164958695,2.64852603608,-3.86113560627,191.831746058,-23.4723005146,54,-981.792462136,-0.0017033206628759119,1.4235057461
-0.019160464063322055,0.002554127319936386,0.00025948753328154515,1.00431112488,173,52.369757718,4.15054807507,-40.8847963263,-55.3831646066,290.41068719,-0.670766823162,57,-996.881151951,-0.01983723303360355,1.4232403918
-0.01455206035670073,0.007504458812693985,0.0005242688428356675,1.00398347298,174,49.0173098863,4.1491939778,-12.8529324581,-20.4515079259,232.035721137,-0.642094543184,55,-998.838659956,-0.015886518863820004,1.42291409316
-0.0063902574583625275,0.006020762058186344,0.00024039905212977811,1.00362149975,175,49.1874263052,4.14769803969,13.1925715636,17.6535689284,137.36555089,-118.281050304,54,-981.19320418,-0.006087468975056397,1.42255349111
0.004996867699276379,0.006769771348244465,0.0001036532130813706,1.00326556312,176,50.6178243478,4.14622704924,8.98009974778,17.9540321541,138.116193208,-5.33823427876,54,-986.642605813,0.004465083864257405,1.42219877596
-0.018534320841442,0.0029444716769377946,0.0001184105705602892,1.0029673961,177,50.5550474823,4.14499480503,-3.98143672409,0.126039786521,192.555489843,0.0199544960831,55,-993.887642832,-0.018659316879596002,1.42190153528
-0.0008521554114910061,0.01734694452340642,0.00010682816578272205,1.00261351088,178,49.4948209564,4.14353229247,-13.1252843291,-17.2328990572,232.555398498,-1.07941774319,55,-990.897450703,-0.0030675113060210546,1.4215486348
-0.024269692076156753,0.018521853965985175,0.00036398863861928553,1.00229021081,179,51.0489098086,4.14219618014,5.74498833996,1.51476559376,192.907609521,-0.474217263681,54,-988.476214862,-0.025373752284737757,1.42122612548
-0.009364698756134004,0.019775342198037973,0.0005903246150369547,1.00188756913,180,48.0702910382,4.14053217026,5.762391856,1.07024956472,191.281089795,-1.84195987947,54,-974.264426493,-0.010696390129875508,1.42082432312
0.03673244119206266,0.03333027700869537,0.0007879247632000712,1.0014811399,181,52.0770245362,4.13885250745,11.3960140597,21.9629423993,139.106454003,-218.277445403,54,-990.135168712,0.03527048961658009,1.4204185773
0.010790614803728582,0.023946154230117467,0.0003804811423678555,1.0012863666,182,52.5939772534,4.13804756171,11.5054431035,22.1698437135,139.058370428,-0.0726733768999,54,-989.322236028,0.011442726676029658,1.42022407314
0.020640805784716755,0.02637671280059248,0.0001328489670705569,1.00116041127,183,58.1989795817,4.13752702217,-16.6750948331,-13.8936665893,232.146435889,0.0064694790711,56,-990.137889281,0.020995168135908168,1.42009827172
0.01103700619886634,0.024694426441074894,6.641406169100309e-05,1.00114213365,184,48.0037828148,4.13745148569,11.2293996426,21.5894606886,138.917290955,-0.0303269948728,54,-989.310277287,0.01105147919254622,1.42008001512
0.018131689024751752,0.034628907250333865,0.00015522311038607432,1.00117661529,185,53.3403344356,4.13759398903,-17.4040094368,-13.7969654889,232.293104017,0.0102294618731,56,-990.697257984,0.01768388513483801,1.42011445683
-0.016612445984682624,0.046484179713978654,0.0003962732499434663,1.00129148942,186,51.9382085489,4.13806873292,-44.6729725808,-48.5016858185,292.236074763,0.0285468359628,57,-1001.12464014,-0.01721009445720142,1.42022918937
0.018117356282962137,0.0415410425427081,0.0007018785820285283,1.00131812176,187,54.2728745385,4.13817879726,-16.6317289825,-13.6628358868,232.060867234,-0.0824136478183,56,-990.848924664,0.01711537589467912,1.42025578701
0.013359474599093169,0.04556088025931952,0.0012861348605738795,1.00142604392,188,54.6029783728,4.13862481052,10.7255540602,21.3181637408,138.899074958,-0.031274405923,54,-989.177304754,0.012847172607180893,1.42036356128
3.3508838065591166e-05,0.047568410085262046,0.00795671026162172,1.00158537035,189,55.3012776078,4.13928326386,27.0675861693,43.2847466322,4.15890245056,0.0818779949862,54,34.1179193772,0.00048071486774166886,1.42052264818
-0.0011718976129998892,0.07241401907350531,0.006695548841761566,1.00172935788,190,53.8844962983,4.13987832566,-3.05468138077,4.1211074222,193.119358923,-0.0106987930215,55,-990.557892853,-0.004969192356854403,1.42066639747
-0.008819754771347684,0.07392894925073426,0.005498807035384415,1.0018538645,191,55.4709548364,4.14039287806,27.3867511468,43.688242883,5.3538461553,-1.84930172665,54,31.5990526556,-0.010388748515851781,1.42079068142
-0.03775881282156254,0.02564104946119879,0.00025741861316735774,1.00192491043,192,51.6244015439,4.1406864918,25.2716711318,40.3895066233,6.1158639198,0.799357263196,54,24.1786995341,-0.03675796679507637,1.42086159337
0.0046046795308712,0.010858916485640215,0.00022325088580547168,1.00181276453,193,55.5297295049,4.14022302292,-3.43743974422,2.90505295392,193.041210931,-0.0103638809379,55,-990.479356706,0.004251718310763559,1.42074965666
0.008960029922218046,0.011373611380938595,7.016593989664667e-05,1.00173305207,194,53.7234347156,4.13989359275,-0.599133384159,1.75569749219,191.775190667,-0.00669699044197,55,-989.670931115,0.008836606092385487,1.42067008527
0.0009361401642832191,0.04379848990848182,0.0003245063085702331,1.0017030459,195,54.011462565,4.13976958529,-0.629018709965,2.10497571963,192.222512587,-2.10861573779,55,-989.708514585,0.0008390319013516114,1.42064013056
-0.005310926310661465,0.06327436527702428,0.0021258921679928396,1.00168035478,196,50.2172789914,4.13967580902,2.83122831205,2.64714009815,193.170934309,0.0262771974564,54,-985.152761119,-0.006381118106867164,1.42061747777
-0.007096693881169226,0.06886088861023311,0.004046391322244785,1.0016349109,197,51.7008799119,4.13948800165,-5.93554403077,-15.0794397419,231.752328477,0.0695615236876,55,-985.218914135,-0.008854998352498342,1.42057210909
-0.017593044803442644,0.056225111302606864,0.001781499616149491,1.00156046702,198,55.7788569158,4.1391803451,-12.375320403,-14.0231153879,232.766690762,-0.0416228516371,55,-987.605421822,-0.015609907711904356,1.42049778396
-0.0032720305689331527,0.06964040957667124,0.009688953921745654,1.00141044102,199,52.4832242984,4.13856032797,-12.785586361,-14.826503875,233.505369793,-3.65289998871,55,-990.479782615,-0.002658425128351392,1.42034798049
