MaxKL,MinReturn,AverageDiscountedReturn,Iteration,ExplainedVariance,NumTrajs,MaxReturn,LossAfter,Entropy,AveragePolicyStd,AverageReturn,StdReturn,LossBefore,MeanKL,Perplexity
0.817534197296814,-4914.72640404,-1915.45922555,0,3.35287353437e-14,265,-1333.46971614,-0.11747879005211807,1.4189385332,1.0,-2218.05554306,785.796365866,0.01009241405081889,0.1712969261964824,4.13273135412
0.4931390170701026,-3201.15477172,-1506.6871979,1,-18.0820793223,469,-1304.19044843,-0.02831107193033967,1.41993851754,1.00100048448,-1631.19790852,232.916469098,-0.01687281263022901,0.09932831277720283,4.13686608771
0.710283169013618,-1952.05639049,-1419.71302309,2,-1.30556452095,552,-1249.73656979,-0.04716038933408104,1.41964365441,1.00070536986,-1517.77199401,131.879050675,-0.015786133983779913,0.1937238068461922,4.13564645825
0.5049872468567213,-1740.39091682,-1372.48476101,3,0.784063556674,620,-1241.47772933,-0.0649408422917241,1.41906586403,1.00012733894,-1456.23501808,106.438428372,-0.029814398089025158,0.11259768345995005,4.13325761174
0.4296141916424829,-1731.75360024,-1363.01097007,4,0.813088453501,639,-1251.40528214,-0.03866154277191209,1.41831651479,0.999378174998,-1443.45336422,106.643572398,-0.025576597443758845,0.0756143603122319,4.13016151844
0.11200763594397639,-1668.12991482,-1359.59413706,5,0.819304088666,644,-1240.15680134,0.004032180581347435,1.41748775103,0.9985502697,-1439.2851307,105.181673738,0.0067735115951937045,0.03320035029885742,4.12674000826
0.07243445225401635,-1588.5965034,-1369.54752694,6,0.831368243762,643,-1255.22512433,-0.0018324515877306922,1.41685594273,0.997919576608,-1449.36204128,105.254383969,0.0019423018410630272,0.018821140973397286,4.12413352314
0.03484214096240727,-1588.5965034,-1365.33491932,7,0.81991798992,646,-1249.02466362,0.02450201142602225,1.41632551983,0.99739039757,-1444.68719651,108.198883073,0.02162310044180282,0.005596438736687502,4.12194656834
0.01576283779880986,-1588.5965034,-1365.49520052,8,0.82431986238,645,-1256.7638767,-0.006028218343223916,1.41610735821,0.997172829004,-1445.0387029,106.503870701,-0.008061240918263962,0.0015349283794123586,4.12104741591
0.0136159236264499,-1588.5965034,-1349.04904877,9,0.789494152127,651,-1256.33844812,-0.006413806382470818,1.41584084652,0.996907106197,-1427.46732286,112.605282665,-0.004953565771486634,0.0021040862479211058,4.11994925493
0.008127566717381208,-1588.5965034,-1364.3596781,10,0.818367494407,646,-1254.99764202,-0.0008391278248435765,1.4155584595,0.996625632318,-1443.72433978,108.716809533,0.00012855978693861536,0.0016217136151623754,4.118785999
0.008589201692074876,-1588.5965034,-1359.95578259,11,0.81597142404,646,-1258.03349699,-0.005465750475327232,1.41530656632,0.996374620727,-1439.36283304,105.9447274,-0.004087594649886048,0.0016330499390893832,4.11774863553
0.008444493714842051,-1588.5965034,-1353.57612251,12,0.80448678796,649,-1254.20758916,0.012283627096735724,1.41504345232,0.996112495107,-1432.39800273,109.573347939,0.013954392109970537,0.0018694126066779895,4.11666534076
0.0062914114001635475,-1588.5965034,-1362.94625629,13,0.81845348896,646,-1257.33051595,0.031653567335646456,1.41493748435,0.996006944672,-1442.40690965,105.833412573,0.031197767076781454,0.0009767964095111089,4.11622912917
0.006085369079155806,-1588.5965034,-1362.40280383,14,0.831629836585,644,-1258.02990274,-0.009342286122887707,1.41509461616,0.996163461346,-1442.05296829,101.941355391,-0.008465969261599735,0.0010463725329670815,4.11687597054
0.012693101494484207,-1588.5965034,-1361.86312209,15,0.832725566403,645,-1258.03349699,0.004520889740580752,1.41517058205,0.996239138662,-1441.46985693,100.808784147,0.00496821160185991,0.0010450603073501573,4.11718872455
0.012409189041637077,-1588.5965034,-1359.04183324,16,0.811157040464,647,-1258.01190108,0.006933382224789701,1.41527748344,0.996345643709,-1438.14180594,108.968916499,0.007748674627369736,0.0007363262951849279,4.1176288813
0.007497953664689335,-1588.5965034,-1357.00809227,17,0.813846099856,647,-1258.03349699,0.008456948194760202,1.41543348533,0.996501087633,-1436.14201584,106.805358193,0.008789393101303151,0.00016848926535015986,4.11827128928
0.002387594936841917,-1588.5965034,-1349.32200002,18,0.801708231399,649,-1247.17196876,0.0007168384443448355,1.41564155979,0.996708455632,-1428.03726788,107.884469625,0.0020884239120479166,0.0003023628348715923,4.11912828551
0.004891327074546839,-1588.5965034,-1359.19070927,19,0.810175910086,648,-1246.12425962,-0.004822472137806395,1.41584680885,0.996913050101,-1438.17432534,107.453138362,-0.0011049841166992241,0.001671522755248407,4.11997381949
0.004740221339094625,-1588.5965034,-1355.42958559,20,0.816597856192,648,-1258.01978129,0.0033464247170194162,1.41602475502,0.997090462749,-1434.45858319,104.545017167,0.00430550398225423,0.0016747876144471666,4.1207070183
0.005225825817294396,-1588.5965034,-1363.20131683,21,0.825258273829,645,-1258.03349699,-0.019054931639171373,1.4162204245,0.997285582007,-1442.69214841,104.457455533,-0.016958606999066764,0.0021506055982559694,4.12151339377
0.004537966049703743,-1588.5965034,-1353.94283692,22,0.811738426042,648,-1258.02087441,-0.009759691027400541,1.41626121526,0.997326262878,-1432.99309745,108.004954494,-0.009783421968031222,0.0017294388956548043,4.12168151688
0.003267356201327616,-1588.5965034,-1351.84995738,23,0.792448247538,651,-1257.19952999,0.005771951146617819,1.41622204337,0.997287196485,-1430.34224973,112.168763073,0.005044764509191442,0.0007552571201139899,4.12152006598
0.003914420480777943,-1588.5965034,-1375.40981677,24,0.845499211984,642,-1256.65684182,-0.017153501013942092,1.41622597146,0.997291113922,-1455.59995289,100.257445014,-0.01584253866223978,0.0010305044832076326,4.1215362557
0.0016969569548047013,-1674.26152426,-1355.7160949,25,0.80870012848,647,-1253.76873258,-0.02913332740589395,1.41610721176,0.997172682968,-1434.95401185,106.305112876,-0.02881951809125376,0.0008306333238576543,4.12104681238
0.0025735305966241673,-1588.5965034,-1353.02834355,26,0.805294075664,649,-1254.23418371,0.010711017513984261,1.41579943666,0.996865825267,-1431.84043013,107.799041628,0.010298802910525371,0.0003114323769962242,4.11977865193
0.0012310407235341602,-1588.5965034,-1368.36535463,27,0.823587261043,645,-1257.65207001,0.0057127896660611336,1.41559612917,0.996663175584,-1447.90214921,106.252008428,0.00599669781821437,0.0002427218100290334,4.11894115523
0.0012108091398230067,-1588.5965034,-1358.74241045,28,0.816005091025,646,-1254.98691788,-0.002998907855053799,1.41545524684,0.996522773244,-1438.02736383,107.096336592,-0.00232951342050224,0.00043704186683721273,4.11836091008
0.0012660112337862443,-1588.5965034,-1358.9719556,29,0.817533490164,646,-1258.03349699,0.004159992607806169,1.41530973701,0.996377779925,-1438.30543577,105.474709597,0.004450050803691462,0.0004785048658344366,4.11776169165
0.0011404841755122347,-1588.5965034,-1356.74477739,30,0.811612197001,647,-1254.291528,-0.01756039043260063,1.41521061006,0.996279016931,-1435.92442411,105.885543793,-0.017199797463796823,5.097341964918675e-05,4.11735353073
0.0017133858187295737,-1591.41622655,-1338.30522696,31,0.774643761942,653,-1258.02326797,-0.012649130293010373,1.41499574416,0.996064973543,-1416.39573201,110.601065542,-0.011473510841432222,0.00033733187114224993,4.1164689469
0.002162666398863403,-1588.5965034,-1355.81143001,32,0.80910268691,647,-1247.14906802,-0.008976982784891561,1.41471739326,0.995787756548,-1435.01850647,105.795631925,-0.008131550755219973,0.0004967282252272562,4.11532328354
0.00219473399450458,-1588.5965034,-1360.87286175,33,0.816557265719,646,-1258.00960538,-0.0094753501639228,1.41440474082,0.995476469742,-1440.19751899,107.74073621,-0.008108286902966295,0.0007125363075567895,4.11403681879
0.002958205885341482,-1588.5965034,-1356.92746461,34,0.807387884857,648,-1258.0018224,0.009807105317285271,1.41406077453,0.995134118268,-1435.9482687,108.273558776,0.010330521333245966,0.0008392897208508989,4.11262197212
0.003812597237205181,-1588.5965034,-1353.7873847,35,0.805208210135,649,-1236.57830781,0.001950923540671494,1.41382768451,0.994902189471,-1432.66442313,107.972231392,0.0033575850518880873,0.0011350951953496354,4.11166347271
0.0013326545551711009,-1588.5965034,-1360.01912209,36,0.821450347847,646,-1254.64655496,0.001582514340744881,1.41364109263,0.994716566124,-1439.31873756,106.197393053,0.0014121670640217503,0.00043445328112709985,4.11089634129
0.0015048854913583777,-1588.5965034,-1356.18976629,37,0.807401738403,648,-1256.39493396,0.0034983581919847914,1.41348206185,0.994558388151,-1435.21873516,109.029373481,0.0035909504191034224,0.00026918650774478527,4.11024263422
0.0009116733769604958,-1588.5965034,-1353.4525903,38,0.812549560833,648,-1257.92952833,-0.00045199243508367614,1.41336528658,0.994442255099,-1432.53909069,105.741303288,-7.807244687187198e-05,0.00032655036407769453,4.10976268751
0.002353100114964289,-1588.5965034,-1356.10388189,39,0.802722828579,649,-1256.26781418,0.0024046729589483015,1.41325837307,0.994335941477,-1434.91631983,110.87778679,0.0027153270268188145,0.00038332706796129413,4.10932332187
0.003653309932666644,-1695.26513241,-1357.44396757,40,0.821111692696,646,-1256.69550779,-0.023778286100880917,1.41318265888,0.99426065898,-1436.77444997,104.306950868,-0.023562440759193334,0.00013152720943385954,4.10901219954
0.0024615245354898127,-1588.5965034,-1362.66332958,41,0.814251351498,647,-1257.80486057,-0.0019518117775538942,1.41293523674,0.994014687311,-1441.89606464,110.550117131,-0.0015493667654549778,0.0001337312200705229,4.10799566471
0.005540514419105473,-1646.61986094,-1353.27489083,42,0.804131179453,649,-1258.03349699,-0.02112832195326938,1.41269809128,0.993778989188,-1432.13458513,109.628581564,-0.020860780539021767,0.00015330707108006836,4.10702158768
0.005405699955745515,-1588.5965034,-1360.64031214,43,0.811772556694,646,-1258.00670148,-0.010728125813357418,1.41232965308,0.993412910493,-1439.95323473,103.543073329,-0.010470872573223006,0.00010039897051112079,4.10550868278
0.014839321109070927,-1588.5965034,-1364.38991333,44,0.822091878966,646,-1258.01075561,0.006256173582146175,1.41191682665,0.993002888031,-1443.80749368,106.846369954,0.006901811075920304,0.00023342840318775541,4.1038141701
0.014819864479087948,-1588.5965034,-1355.49518948,45,0.814239456219,648,-1258.03349699,-0.015996690037515093,1.41159575785,0.992684116961,-1434.58348587,105.64878358,-0.01563944896346263,0.00027917509982475057,4.1024967749
0.017501934808323454,-1588.5965034,-1356.52582976,46,0.807119541199,649,-1251.5905028,-0.008920542846977407,1.41118851424,0.992279935,-1435.42817241,109.963546697,-0.008090628674915458,0.000436358412485212,4.10082639944
0.024539258430164072,-1588.5965034,-1352.80251887,47,0.802654646363,650,-1256.79242583,-0.020971813836605287,1.41075738127,0.991852222613,-1431.52483058,109.560923916,-0.01990227321238047,0.0006898013026306675,4.09905877905
0.010560455457682954,-1588.5965034,-1363.4238202,48,0.828430360031,645,-1256.18287729,0.006446609228504313,1.41022371947,0.991323050178,-1443.01114367,102.75562686,0.006492175845997768,0.0004316405753534808,4.09687185154
0.002968505940478129,-1588.5965034,-1350.38468154,49,0.795801728788,649,-1247.00100964,0.003609044937621003,1.40978958624,0.990892777311,-1429.13523105,109.511917255,0.0040111324754864685,0.0002761199511659861,4.09509364937
0.0023540724122480443,-1588.5965034,-1366.10107054,50,0.822807096867,646,-1255.60837303,-0.021511808715227645,1.40942639651,0.990532960578,-1445.57280545,106.450941276,-0.021345769164699012,0.00022985872552944012,4.09360662347
0.006199799745643681,-1588.5965034,-1369.98100716,51,0.840703735621,643,-1248.13019481,0.0014689449844279107,1.40894303544,0.990054291198,-1449.90006479,102.311456141,0.002115199213413561,0.00042770620592903644,4.09162841152
0.004018368411447895,-1588.5965034,-1363.79126109,52,0.833508825678,644,-1254.63239538,-0.003686689039487724,1.4085201824,0.989635732227,-1443.4836781,101.729809469,-0.003348927078652113,0.00047692318826455263,4.08989861973
0.008420923654733998,-1676.62766321,-1358.39147512,53,0.825611151419,646,-1253.49440781,-0.008820436868881237,1.40811039581,0.989230275856,-1437.88582357,103.256743339,-0.007846776107383307,0.0007710699380111809,4.08822297748
0.01040238387019361,-1675.94714011,-1362.51457806,54,0.812882170581,646,-1256.01176252,-0.01000456219720671,1.40767847727,0.98880310122,-1441.86921923,108.045096029,-0.009933978579593699,0.00032256949563222833,4.08645757946
0.00447598183396367,-1588.5965034,-1345.858189,55,0.782234726363,652,-1255.81942448,-0.00512988141029982,1.40721089373,0.988340861244,-1424.10356112,114.930259598,-0.0050912726726191305,0.00019759700836587411,4.08454726583
0.004993108765821885,-1588.5965034,-1360.29755845,56,0.814787485009,647,-1244.68410656,-0.0015760416782554095,1.40674688461,0.987882368451,-1439.51367167,107.592667656,-0.0010275105310297156,0.00036153520834574963,4.08265243828
0.008939673224351748,-1588.5965034,-1356.79004177,57,0.821358375574,646,-1243.93287421,0.00343725077903039,1.40631745084,0.987458229477,-1436.17623624,104.304564358,0.0039233514149463085,0.00039649818234881585,4.08089958584
0.011775642769546969,-1588.5965034,-1354.68280562,58,0.812115134131,647,-1258.00900198,-0.004744723036024731,1.40595927628,0.987104610397,-1433.70935179,106.671582321,-0.00392941069016885,0.0005923464315803226,4.07943817319
0.015166934074399993,-1588.5965034,-1360.25701438,59,0.818148651034,646,-1258.00861105,-0.009728330747526479,1.40560277904,0.986752773043,-1439.5491107,106.867656659,-0.00905617353862064,0.0007674206956760966,4.07798412392
0.01114334592449719,-1663.38236472,-1352.57579826,60,0.799455116588,649,-1243.47250881,-0.021384006194813402,1.40520747731,0.986362785052,-1431.35106908,109.924406228,-0.019508856162304567,0.0014498114963696687,4.07637240832
0.017622741749395862,-1588.5965034,-1365.33841377,61,0.828387399858,645,-1240.19614966,0.013584423771205464,1.40470036751,0.985862717624,-1444.98471213,105.184453719,0.015649800591952093,0.002356189387514317,4.07430576399
0.011417340379408667,-1588.5965034,-1351.42902027,62,0.797395077195,650,-1248.84424391,0.012036696645386992,1.40437049585,0.985537563084,-1430.08753175,109.646738232,0.011798507153229627,0.0011936266558743216,4.07296198762
0.010487729497092584,-1607.4173455,-1351.40185741,63,0.810143731829,649,-1254.52528332,-0.009086548943622796,1.40416718906,0.985337216975,-1430.31436006,106.421238642,-0.008358631893916823,0.0013089004660705632,4.07213401098
0.008125784592344157,-1607.4173455,-1359.88834136,64,0.816454462938,646,-1249.7293543,-0.016768769514262417,1.40391663628,0.985090368921,-1439.12686098,104.970095619,-0.016160097186547515,0.0014630397025842388,4.07111385428
0.007484368979392751,-1683.83093621,-1360.52399908,65,0.785850483341,645,-1252.07973489,-0.023628752038730813,1.4035639407,0.98474299316,-1439.96908618,105.216139847,-0.02364988281594613,0.0011034781621869368,4.06967824359
0.00429285470151641,-1615.33334852,-1358.63465242,66,0.825248931794,645,-1245.90881973,0.009656318727547793,1.40306834764,0.984255082276,-1438.16144775,103.613680647,0.009598697624641082,0.000710105107148047,4.06766183898
0.0027465787773845625,-1596.65725985,-1362.6832564,67,0.822003697694,646,-1247.61206835,-0.0035572947871521203,1.40269587635,0.983888543785,-1442.14624902,106.930998044,-0.0034682828180520823,0.00026376305290924044,4.06614703386
0.005035796415564722,-1588.5965034,-1362.54759606,68,0.831729434183,644,-1249.59729814,-0.016334910372454655,1.40233098789,0.983529599701,-1442.18516037,102.493561511,-0.015944844973430718,0.00024404538829047,4.06466361439
0.009855326960867775,-1588.5965034,-1354.86063777,69,0.812872306192,648,-1250.45503059,-0.014616695826149904,1.40187902449,0.983085180762,-1433.91520584,106.019587413,-0.01261912363955925,0.0008329286681778394,4.06282695031
0.016087666552071254,-1596.35923968,-1359.74253585,70,0.820616474439,645,-1237.70037592,0.024157967490946185,1.40137328653,0.982588122969,-1439.15668279,104.743957624,0.024896137655207096,0.0010258264459424517,4.06077274398
0.021892027181240285,-1588.5965034,-1354.73075773,71,0.807980730986,647,-1247.23387088,-0.016883012337181612,1.40111847668,0.982337781727,-1433.81701545,107.807027914,-0.015604292083016228,0.0014302318230906442,4.05973815088
0.014175250073222232,-1696.15083703,-1358.9644129,72,0.820661471843,645,-1254.35044364,-0.008137613579595514,1.40077035947,0.981995872562,-1438.42187923,103.899676305,-0.008436133311303672,0.0006638860087513087,4.05832513216
0.007203050361170939,-1712.18703707,-1359.8537408,73,0.822444538429,645,-1250.3483646,-0.009478521932589846,1.40039088464,0.981623300537,-1439.42331593,105.315390576,-0.009378760242707548,0.0002116189880457683,4.05678539207
0.005917944241942988,-1687.86684906,-1364.27851841,74,0.821336353271,644,-1250.82914918,-0.007745134216331451,1.39997584632,0.981215973788,-1444.03755314,105.059154971,-0.007155782460606246,0.0004095376525424028,4.05510202004
0.008290823702133148,-1588.5965034,-1362.57681202,75,0.83563764087,643,-1244.93633701,-0.011428904125589988,1.39954503513,0.980793346003,-1442.42496407,100.532423482,-0.011259708602991806,0.0002218414737283931,4.05335541294
0.0052755557980444425,-1588.5965034,-1355.55395802,76,0.805961650879,648,-1246.6082299,0.0010902125475244745,1.39906924478,0.980326804989,-1434.51713118,109.84158788,0.0011702011259757514,0.0002647658819967059,4.05142732426
0.0023139171824726155,-1588.5965034,-1354.11525412,77,0.807368334187,647,-1240.0273262,-0.010596662343516857,1.39864730349,0.979913251895,-1433.24950403,108.320141609,-0.009954196153926648,0.00011372329140492185,4.04971822043
0.012745527385323136,-1588.5965034,-1359.69623877,78,0.820451675278,645,-1237.46370403,-0.01868918962323097,1.39818853958,0.97946380616,-1439.14482621,106.395613694,-0.015356010071882885,0.001141640368659934,4.04786078195
0.01147130905308169,-1588.5965034,-1357.40393411,79,0.821942730746,645,-1241.24829892,-0.000695584205686899,1.39765686429,0.978943187866,-1436.91519578,104.599369622,-0.0007781525391380033,0.000513364467577927,4.0457092064
0.016255396427070575,-1667.69656845,-1359.82789487,80,0.817681577124,643,-1234.49198316,-0.023325375913333675,1.39716911762,0.97846582801,-1439.61233079,104.780054191,-0.02170316299057268,0.0011781325786975642,4.04373640635
0.03148193659483275,-1692.97218974,-1366.31292723,81,0.833848229117,641,-1251.55700515,-0.010279311249786318,1.39656679406,0.977876652442,-1446.4917112,101.818510224,-0.009031908827384617,0.001468964842359857,4.04130150201
0.019792299814069794,-1685.34114368,-1355.8219787,82,0.809821089031,645,-1244.91864041,-0.04326482424116665,1.39595254584,0.977276177891,-1435.33829468,106.81605721,-0.04269510744496578,0.0009606421957524891,4.03881990201
0.03251357887335613,-1677.30687164,-1358.6988452,83,0.825709395319,643,-1233.90457899,-0.007775824741731134,1.39511806591,0.976461000709,-1438.51003845,102.665382173,-0.007269069126177079,0.0012561723991514474,4.03545099371
0.009323290124229791,-1651.95705598,-1346.10741648,84,0.802619332683,647,-1231.90166162,-0.01367418445088075,1.39431006162,0.975672334697,-1425.22905178,106.329387055,-0.01306219859506464,0.00027314667942338034,4.03219164895
0.009775561605871168,-1664.55635748,-1345.29700478,85,0.811207969164,646,-1233.61252333,-0.008883862075823496,1.39348613358,0.97486878198,-1424.52252324,102.986344072,-0.00798209901908873,0.0004333317439502936,4.02887078144
0.012304342549840471,-1588.5965034,-1363.99283269,86,0.840670821397,641,-1243.86662249,0.013423980714720311,1.39268250278,0.974085662113,-1444.11827725,98.2610178241,0.01414141454496808,0.0007204666941197627,4.02563435742
0.03806678899093844,-1698.03444887,-1364.67030841,87,0.826283213135,642,-1250.2443674,-0.023246767970570455,1.39206440075,0.973483763825,-1444.60023432,104.237333331,-0.017879094644930597,0.00521804740407097,4.02314687349
0.03103754810918128,-1673.16239906,-1362.82760347,88,0.821981909401,644,-1244.48253278,-0.010980959615263455,1.39137875735,0.972816529872,-1442.49073413,105.294332391,-0.010171300691718468,0.003064645202877818,4.02038937481
0.02584624482127343,-1588.5965034,-1349.73432702,89,0.796749815977,649,-1243.4981153,-0.02817937853597127,1.39068490526,0.972141773215,-1428.49377518,109.567140113,-0.026949652174269034,0.0012969214719271858,4.01760078682
0.019387544264203593,-1666.37361008,-1357.87971425,90,0.821118806197,646,-1236.61325384,-0.009240524848715678,1.38987506999,0.971354817215,-1437.2786175,104.726747155,-0.0077895864730333645,0.0015825287042229496,4.01434850908
0.026028604037222784,-1588.5965034,-1353.15512039,91,0.812115478282,646,-1239.75499734,0.005896594595254855,1.38908652662,0.970589163726,-1432.43021067,105.983974122,0.009326741907510875,0.002719493791253826,4.0111842689
0.011641929070690553,-1631.59742623,-1362.15173606,92,0.835347208993,643,-1252.26454938,0.006783976581485784,1.38844292498,0.969964691924,-1442.03038536,99.3435512105,0.006690763546411447,0.0019178596318077412,4.00860349471
0.009131175677356489,-1588.5965034,-1370.95571133,93,0.833649190695,643,-1247.04085903,0.0038449350627554188,1.38791037052,0.969448270422,-1450.93690613,105.110246071,0.0035295444382324173,0.001460966970719583,4.00646926337
0.008866300415513204,-1661.1091811,-1358.45168458,94,0.792662184175,646,-1243.41451779,0.003565068577598034,1.38745464085,0.969006564745,-1437.75438319,107.172010611,0.00517480179802792,0.0015610674212294174,4.00464381247
0.007397627426459823,-1588.5965034,-1357.88903145,95,0.813075636764,647,-1243.90602146,0.015455398691314433,1.38708095698,0.96864453027,-1437.01107348,108.778679889,0.015681502478914113,0.0011702582680948738,4.00314762124
0.004090882255822839,-1588.5965034,-1360.94130481,96,0.820863258221,646,-1252.88280031,-0.0003538097671298279,1.38686148151,0.968431959876,-1440.20731656,105.534548358,0.00016256368717436457,0.000773235986963731,4.00226912492
0.0026071318729808876,-1588.5965034,-1347.86468445,97,0.80545862517,649,-1248.15691428,-0.01396885539017721,1.38666408955,0.968240818062,-1426.59833829,105.603148221,-0.014514585827860235,0.00023486188542596998,4.00147918715
0.0015226307936463505,-1588.5965034,-1362.46914522,98,0.811679041055,647,-1242.58422538,-0.008815339383209784,1.3863785684,0.967964404293,-1441.6891321,108.560387474,-0.008366053171747365,0.00020436112758873262,4.0003368433
0.003907016006282588,-1588.5965034,-1365.29269231,99,0.793065527771,645,-1257.44167632,-0.004270936807161821,1.38605829402,0.967654439731,-1444.78155473,106.271834124,-0.003167428063083695,0.0003565865932936906,3.99905584303
0.0016025345574441074,-1588.5965034,-1360.31524962,100,0.830225193692,645,-1256.56098047,0.004679452617036817,1.38574483691,0.967351169108,-1439.88668345,103.817893632,0.004683369726736107,0.00018747002265741644,3.99780250702
0.004392202619368138,-1670.15645789,-1362.93989722,101,0.0745277578454,644,-1257.29494643,-0.006970860226123638,1.38549674003,0.967111202067,-1442.64578455,104.024771281,-0.005566772507108736,0.000329986433343985,3.99681078771
0.005288061435312207,-1588.5965034,-1355.01501845,102,0.811763984672,647,-1258.01889678,-0.013786787169727439,1.38523035197,0.966853609503,-1434.17765815,106.539186338,-0.013691614598231445,0.00022503938514407875,3.99574622684
0.004755109595827853,-1588.5965034,-1351.87885678,103,0.806780757551,649,-1255.0047955,0.020795055366831457,1.38488707392,0.966521766841,-1430.79129703,108.590847376,0.0209167208220705,0.0001846294074979429,3.99437481027
0.00325559682366091,-1588.5965034,-1353.49691582,104,0.806344226119,649,-1252.1812429,0.003541934744975117,1.3847375594,0.9663772686,-1432.31586847,109.620036565,0.003784097493342446,0.00019139686309299663,3.99377763785
0.0029297738188405476,-1588.5965034,-1356.02770939,105,0.810453258345,648,-1257.98950961,-0.026111092087242216,1.38463092669,0.966274226667,-1435.04487774,109.123929538,-0.025288282794598452,0.00035723463049851164,3.99335179323
0.004575907457898619,-1588.5965034,-1357.39540341,106,0.818491779858,646,-1247.51455921,0.00464461038100551,1.38434782698,0.96600071343,-1436.83762269,102.619333393,0.00560095583976084,0.0006242827972213473,3.9922214365
0.0033416685213666295,-1588.5965034,-1350.26544117,107,0.803444855909,649,-1248.97235085,-0.011923823245295388,1.38413388355,0.965794066038,-1429.06917412,107.913969419,-0.011368085219175848,0.0006911046154922788,3.99136741834
0.002176985497036807,-1588.5965034,-1358.44699841,108,0.810916535712,647,-1258.03349699,0.002408641714767428,1.38385593592,0.965525663165,-1437.60108517,108.285583016,0.0024645572582872354,0.0005560730507471046,3.99025818137
0.006250684603836799,-1588.5965034,-1357.1514221,109,0.809046460556,648,-1241.95757037,-0.013312827576168106,1.38362314998,0.965300928524,-1436.21616275,109.767246217,-0.013253803308638654,0.00038746244881415385,3.98932941348
0.006502439055128796,-1588.5965034,-1361.79183636,110,0.823090450547,645,-1249.84152862,0.0035825977466894775,1.38331390618,0.965002461351,-1441.28896669,106.037482631,0.0038710815620863256,0.000406615384677235,3.98809592883
0.005982411468080432,-1588.5965034,-1350.93309213,111,0.800085654614,650,-1251.76883533,-0.021259406201575213,1.38306362255,0.964760967255,-1429.66331475,108.817946247,-0.021097559179473577,0.0003190312168213595,3.98709789861
0.0030772709721729533,-1588.5965034,-1352.28918477,112,0.801146516112,650,-1257.24370642,-0.006738635127900696,1.38268168716,0.964392561259,-1430.95622827,110.041076897,-0.006147864653372946,0.0004213025888669873,3.9855753756
0.003240707480007765,-1588.5965034,-1361.84857581,113,0.814332315418,646,-1258.01547618,0.0030702479484750723,1.3822903715,0.964015253167,-1441.21265953,105.449895882,0.00315037251220723,0.00041260893637147435,3.98401606262
0.0031283575922477144,-1588.5965034,-1361.08718739,114,0.832429342816,644,-1258.01708462,-0.014620099526588059,1.38196046724,0.963697272884,-1440.76943394,101.278295285,-0.013862418594192964,0.0005078135354531047,3.98270193553
0.003146269674777852,-1588.5965034,-1355.94824279,115,0.814939347215,647,-1258.03349699,-0.005136498124695026,1.38155887722,0.963310339377,-1435.12047259,106.178058238,-0.0048596567959434695,0.0003359015922892541,3.9811028433
0.004640690957382072,-1636.92276029,-1358.13372854,116,0.819385027406,647,-1251.2060714,-0.004617210459635668,1.38115912377,0.962925329704,-1437.35980243,105.675358021,-0.003158970223381189,0.0021304167705451255,3.97951170175
0.004301700118601232,-1636.34156315,-1368.95831229,117,0.820261984416,646,-1258.01537335,-0.014487591846601852,1.38077371641,0.962554282703,-1448.30789473,108.989809602,-0.013972450895000278,0.0011473784388625896,3.97797826417
0.0031900924444324616,-1588.5965034,-1357.49917607,118,0.425281395165,648,-1258.01796319,-0.007795706338993928,1.38032060562,0.962118237773,-1436.50833339,108.131428467,-0.007573907501814023,0.0009456616618122915,3.97617620762
0.0028885849362135993,-1588.5965034,-1366.88642356,119,0.833001800811,644,-1258.03349699,0.0072449156554508995,1.37985371499,0.961669138628,-1446.60316188,102.566030658,0.00737256878948786,0.0008570665656991276,3.9743202015
0.0033795291256195487,-1588.5965034,-1369.32030011,120,0.833174151903,644,-1258.03349699,0.007134614748538526,1.3794887483,0.961318225465,-1449.13449707,103.203421002,0.006838336393364067,0.0004776134996463455,3.97286997167
0.0065814556840299646,-1588.5965034,-1365.2688773,121,0.821149803406,646,-1258.02673754,0.013745064006861499,1.37921181022,0.961052036701,-1444.66230706,106.205073331,0.014717078574249715,0.0008007293626450968,3.97176988502
0.0038608099777978147,-1588.5965034,-1367.66654655,122,0.821324187556,646,-1258.02858378,0.036531913870257136,1.379075893,0.96092142206,-1447.06989757,107.037625416,0.03791719725205291,0.0013286052061026838,3.9712300898
0.0037326130648196246,-1588.5965034,-1359.12934362,123,0.814109598057,648,-1257.99326905,-0.003703948795393341,1.37923956363,0.961078709545,-1438.21546187,107.452819891,-0.004190175814869681,0.0005779505668634792,3.97188011672
0.0007254768671624973,-1588.5965034,-1355.34581066,124,0.80542473382,649,-1258.03349699,-0.00729929388369878,1.37935613169,0.961190747154,-1434.24300255,109.646239477,-0.007495697720412812,0.00010757228579454458,3.97234313806
0.0007086037030943904,-1588.5965034,-1350.82139297,125,0.793518660394,651,-1257.96513287,0.0020346357589599877,1.37940517514,0.961237888418,-1429.34316802,112.243722501,0.0023536970959409566,0.00015382233942865474,3.97253796023
0.0009725863980274696,-1588.5965034,-1361.31339039,126,0.808969143154,648,-1257.96513287,0.0017894747181812672,1.37946720867,0.96129751925,-1440.35295277,111.215638725,0.0018677557672403865,8.182711763626935e-05,3.97278439845
0.0007877759783075644,-1588.5965034,-1355.16869153,127,0.808543376863,648,-1258.03349699,0.012841528560895923,1.37953738196,0.96136497903,-1434.20133049,106.778429379,0.013069013600188051,5.364785271632161e-05,3.97306319159
0.002082602878433107,-1588.5965034,-1359.39718552,128,0.816332538491,647,-1258.03349699,0.009631283645475155,1.37969930543,0.961520659185,-1438.58214642,106.964853268,0.009814986226092202,0.0001364346715181553,3.97370657585
0.0015383062970607542,-1588.5965034,-1357.74388545,129,0.816029676692,647,-1258.03349699,0.012024101170397107,1.37991961538,0.961732515083,-1436.90617259,106.200300041,0.012079357924939282,6.541393027826952e-05,3.97458211936
0.0018221893635613426,-1588.5965034,-1351.01765974,130,0.806525482249,649,-1258.01873366,0.01082514824315939,1.38020953982,0.96201138527,-1429.89898533,106.940029277,0.01092174505811075,7.353121422976773e-05,3.97573461493
0.0012324984088142726,-1588.5965034,-1357.51008564,131,0.810126526005,647,-1258.01817667,-0.008062375841406812,1.38055365606,0.962342485977,-1436.67284018,107.654510054,-0.007979545585727514,8.62451657753423e-05,3.9771029652
0.0009987449926212519,-1588.5965034,-1353.83046748,132,0.807656583814,649,-1253.16035046,-0.007519860094238793,1.3808034703,0.962582922867,-1432.6818065,108.546498988,-0.007266830238252453,0.0001487447520648658,3.97809662628
0.001289826682671115,-1588.5965034,-1360.50698141,133,0.818320069664,647,-1252.2524062,0.007528949088216081,1.38097351118,0.962746615227,-1439.71843517,106.368944143,0.007713415693922849,0.00027336219480303793,3.97877312282
0.0009636304801544024,-1588.5965034,-1362.77726814,134,0.830329637006,645,-1252.09696981,0.0018122565929483815,1.38118593096,0.962951143371,-1442.36095067,102.848941862,0.001905541055978603,2.919121909242791e-05,3.9796183827
0.003497315199954408,-1588.5965034,-1358.03376706,135,0.810359978298,648,-1249.75724516,0.01967641390448086,1.38139247968,0.96315006024,-1437.04837744,109.167425978,0.02115851313776734,0.0007696182807104755,3.98044045268
0.007196465551362073,-1588.5965034,-1354.31184009,136,0.809588033117,649,-1255.57117939,-0.007335365005604999,1.38173857032,0.963483455155,-1433.17228842,106.765980608,-0.006262207984114466,0.0010931936749093156,3.9818182843
0.005032772742135594,-1588.5965034,-1352.84126993,137,0.809313389883,649,-1258.01926009,-0.004991728804202173,1.38200308828,0.963738347546,-1431.75233241,106.366025282,-0.004880643417223841,0.000902787961509568,3.98287168607
0.005320188009960682,-1588.5965034,-1358.47119031,138,0.819829972663,647,-1258.03349699,0.0037644803206335676,1.38220448865,0.963932464352,-1437.74982004,105.747126676,0.004704568682855214,0.0011106101002525482,3.98367391868
0.0072290996486715844,-1588.5965034,-1362.93852165,139,0.823554310712,646,-1258.03349699,0.016049334984819284,1.38242259322,0.964142725357,-1442.4329943,106.383170248,0.01883447884860009,0.0022555483274393955,3.98454287093
0.008514821146259906,-1588.5965034,-1364.62231759,140,0.829782034645,645,-1258.03349699,0.008830440252616506,1.38276251479,0.964470513968,-1444.22370412,103.942423264,0.009611072274084453,0.0021866829553666323,3.9858975332
0.010892172182750539,-1588.5965034,-1352.31321927,141,0.802071614128,650,-1258.02626909,0.004036719803576336,1.38314281477,0.964837371844,-1431.01957193,108.549595077,0.004412631533477418,0.0020486683269038924,3.98741365825
0.009016459905402053,-1588.5965034,-1358.11925436,142,0.81292185258,648,-1258.02876065,-0.004322352069750923,1.38352025001,0.965201604199,-1437.18637561,107.180004807,-0.0039841403811226635,0.0018667738132613374,3.98891893272
0.00821513936591477,-1588.5965034,-1356.98892854,143,0.809895966571,648,-1258.03349699,0.010218823934007826,1.38383028357,0.965500895481,-1435.9156374,108.475987983,0.010682203891481402,0.0017264519550015565,3.99015582319
0.006331802960906338,-1588.5965034,-1359.5154785,144,0.811558818428,648,-1258.03349699,0.014322381506144967,1.38419237061,0.965850554144,-1438.53767402,109.322646602,0.013521281297540069,0.0007068171972339635,3.99160086851
0.0024868607963345474,-1588.5965034,-1370.55775624,145,0.83337864803,643,-1258.03349699,0.004667454070373321,1.38462280555,0.966266379457,-1450.32359063,104.531256142,0.004473145579095937,0.0004406560903161543,3.99331936282
0.0007770134408243007,-1588.5965034,-1363.65575948,146,0.821420120639,646,-1258.03349699,0.031848314097118455,1.3850461997,0.966675577604,-1443.01557605,107.570414844,0.03228934084561575,3.939555033354284e-05,3.99501046883
0.001958929292597056,-1588.5965034,-1358.50036916,147,0.815673837984,647,-1258.03349699,-0.003835003369799374,1.38566615878,0.96727506272,-1437.64032825,106.915048071,-0.0037274093611240405,3.590626910162911e-05,3.99748797976
0.0012266024406238848,-1588.5965034,-1355.22536635,148,0.820202719873,647,-1258.03349699,-0.002862346441824822,1.38619749321,0.967789145827,-1434.4570101,103.197474036,-0.002898601009765125,3.176204131874139e-05,3.99961254714
0.0012700270212656281,-1588.5965034,-1361.02839619,149,0.81990079542,647,-1258.03349699,0.008934216919452911,1.38665510415,0.96823211807,-1440.333775,105.878353948,0.009063135235308852,6.935377070224486e-05,4.00144323242
0.0008421755564351589,-1588.5965034,-1359.01620592,150,0.816022481354,647,-1258.03349699,-0.004941914562561191,1.38713738768,0.968699193098,-1438.14627718,106.287073354,-0.004916049711922333,2.866703974862915e-05,4.00337352803
0.001621516693605586,-1588.5965034,-1356.04748316,151,0.808212129215,649,-1258.03349699,0.008986439492377367,1.38753486871,0.969084309179,-1434.92506566,109.328399152,0.009451538236675676,9.571655132267882e-05,4.00496510933
0.0011380367188060271,-1588.5965034,-1361.83526754,152,0.822775813777,646,-1258.03349699,-0.027091686753406695,1.38796619585,0.96950239171,-1441.21589539,106.967162413,-0.02680637579862791,0.0001735560035210827,4.00669293212
0.00042497497458274247,-1588.5965034,-1365.08936324,153,0.824852700999,646,-1254.58847206,0.0011719995431557287,1.38814529477,0.969676044091,-1444.54100444,105.037650589,0.0013167478172748466,9.80402925413565e-05,4.00741059075
0.0003922638869115272,-1588.5965034,-1351.7765069,154,0.803434776511,649,-1254.10607131,0.008230246715594264,1.38831713496,0.969842687725,-1430.58843868,108.909540791,0.008572250244307576,0.00017666063596891897,4.00809928413
0.0008582095408311147,-1588.5965034,-1361.32167995,155,0.815733608306,647,-1258.03349699,0.02283572348678388,1.38853790871,0.970056827161,-1440.51099508,108.315155173,0.02289749270359468,0.00014792681794195982,4.00898426489
0.007356530602146218,-1588.5965034,-1361.24837899,156,0.812204423994,648,-1258.03349699,0.004728852677746646,1.38890971503,0.970417567482,-1440.33082902,109.137186327,0.005140100694637967,0.00030820774284246485,4.01047510772
0.00467785015409778,-1588.5965034,-1357.40460633,157,0.807521004213,649,-1258.03349699,0.0079603165660495,1.38928461334,0.970781443596,-1436.30745142,109.122544043,0.007812330226539056,0.0001150983753338113,4.01197890995
0.0028846034922361263,-1588.5965034,-1362.99510075,158,0.82621898248,645,-1258.03349699,-0.007858005824104612,1.38968261963,0.971167897618,-1442.55371976,105.914901728,-0.0078106634343302755,0.00011749510048521332,4.0135760206
0.0022959646617951093,-1588.5965034,-1355.55400506,159,0.809209042797,648,-1254.98867408,0.02291443508081364,1.38998163751,0.971458337601,-1434.58652057,108.340592655,0.023081191316043352,0.00014221779348721437,4.01477633103
0.0018590274676055889,-1588.5965034,-1360.55771472,160,0.819967132866,647,-1254.18325521,0.002596520182292743,1.39042478128,0.971888928712,-1439.8398929,105.614020297,0.0031267882582057364,0.0003227058500503269,4.01655584841
0.0011968401994186216,-1588.5965034,-1363.35130482,161,0.816391597369,647,-1258.03349699,-0.019025974134020282,1.39084879382,0.972301109185,-1442.52661266,108.94941664,-0.01879329659983496,0.00034015615563153304,4.01825927958
0.000687713478860881,-1588.5965034,-1353.96168524,162,0.806405113641,649,-1258.03349699,-0.01887349202666075,1.39108583963,0.972531616408,-1432.82666318,109.376374394,-0.018904183743191933,0.00011613490116184516,4.01921190401
0.000646720778078428,-1588.5965034,-1359.20984946,163,0.806300639642,649,-1258.03349699,-0.015285564890887995,1.39115487671,0.972598759469,-1438.12694319,110.900855537,-0.014826426087212009,0.00024793534352512286,4.01948938824
0.0007430911936182616,-1588.5965034,-1356.65766482,164,0.802860040657,649,-1258.03349699,0.01154116429048623,1.39110447167,0.972549736824,-1435.39454823,111.044559943,0.012244165440744668,0.0004201236714164725,4.01928679082
0.0007987179929355472,-1588.5965034,-1358.5745277,165,0.810537461876,648,-1258.03349699,-0.002893757627315174,1.39115202128,0.97259598228,-1437.56026478,110.256193676,-0.0026924741731331856,0.00040875767120461906,4.01947791086
0.0009967130577453777,-1588.5965034,-1364.95174913,166,0.825747677308,646,-1258.03295312,-0.010548061879856225,1.39117444939,0.972617796015,-1444.38272869,105.691871369,-0.010055217651923212,0.0003998545588188324,4.01956806117
0.0004545446795144181,-1588.5965034,-1353.05581882,167,0.80328283991,650,-1258.03349699,0.008164881260559385,1.3911179982,0.972562892136,-1431.76328334,109.469508229,0.007754864885167606,9.305035766201185e-05,4.01934115818
0.0005664245804221854,-1588.5965034,-1358.54623913,168,0.814127250206,648,-1253.7268529,0.008524437296964647,1.3911263354,0.97257100062,-1437.62020013,108.248703516,0.008471011899453327,3.281506112252126e-05,4.01937466837
0.0008962015643623512,-1588.5965034,-1367.12142561,169,0.830570998826,644,-1253.95227296,0.01945463188788171,1.39119869544,0.972641378442,-1446.64650247,104.359362298,0.019629000449719887,4.458332834257679e-05,4.019665521
0.0005122631873490033,-1588.5965034,-1364.65906492,170,0.829333366735,645,-1253.9490214,0.019407347639491354,1.39141321069,0.972850047235,-1444.19056966,104.85341393,0.01949976396005958,5.40423352496933e-05,4.02052789307
0.0012572061204272518,-1588.5965034,-1365.38159587,171,0.830602608353,645,-1258.03349699,0.015958544363765457,1.39175363331,0.973181283769,-1444.87675946,103.723988595,0.01611279678695732,6.095731575974058e-05,4.02189680468
0.002442394372829719,-1588.5965034,-1359.67761255,172,0.814415261225,647,-1258.03349699,-0.007416012891188459,1.39218171573,0.973597974752,-1438.78341308,107.553922007,-0.006926795683425249,0.00016681739394009594,4.02361887657
0.003030229951210609,-1588.5965034,-1353.93804111,173,0.803661018566,650,-1258.03349699,0.009028328409173876,1.39251522421,0.973922732081,-1432.71849289,110.690401891,0.009213517445944805,0.00020706332713741265,4.02496101137
0.0010015626523948544,-1588.5965034,-1360.89058167,174,0.817696237036,647,-1258.03349699,0.028049668279727574,1.39288600049,0.974283906483,-1440.1389704,106.734864958,0.028123592735491434,9.203449138094594e-05,4.02645364814
0.00028283948245945087,-1588.5965034,-1356.18503294,175,0.81429209497,648,-1258.03349699,0.0017499736924530738,1.39342777691,0.974811893541,-1435.28396183,107.05453712,0.0017550665464171385,2.631005554020144e-05,4.02863567681
0.000345998669562652,-1588.5965034,-1355.96805391,176,0.812955708114,648,-1258.03349699,-0.023757846707048058,1.39393011926,0.975301705863,-1434.98108379,107.418521734,-0.023628654612460085,2.534395819066848e-05,4.03065993955
0.0009638359966518822,-1588.5965034,-1360.56557606,177,0.819296596678,647,-1258.03349699,-0.008470044528281259,1.39420196301,0.975566871573,-1439.7783688,105.819201282,-0.00818775792056235,6.57457303995796e-05,4.03175579819
0.0014112675869702301,-1588.5965034,-1359.92364597,178,0.81945498866,647,-1258.03349699,-0.003992443131360142,1.39438555277,0.975745992099,-1439.14419352,105.452343582,-0.0032964187788021536,0.00031117725594413876,4.03249605521
0.001554272397057032,-1588.5965034,-1361.59371078,179,0.808921577954,648,-1258.03349699,0.0010325372793834392,1.39452641158,0.975883444203,-1440.63710096,110.656184295,0.0012748691670051247,0.0003525222115453302,4.03306410783
0.0012098429034262288,-1588.5965034,-1361.66066436,180,0.816276568108,647,-1258.03349699,-0.01802748648374736,1.3946632061,0.976016948844,-1440.92316651,108.52790137,-0.018163753086950053,0.0001677013167167835,4.03361584664
0.0005312934880707491,-1588.5965034,-1357.94270944,181,0.816773014193,647,-1258.03349699,0.00012178670736963525,1.3946490351,0.976003117801,-1437.12923211,107.431222991,0.0004026830570562693,3.070517312470892e-05,4.03355868666
0.0004058350075377831,-1588.5965034,-1362.65061332,182,0.828775041271,645,-1258.03349699,-0.00144083715298867,1.39463928788,0.975993604528,-1442.12342773,103.28523831,-0.0011136522572162374,0.00012431906189503037,4.03351937086
0.000585583612811056,-1588.5965034,-1357.59103773,183,0.813647743179,648,-1258.03349699,-0.004308256738003673,1.39462204165,0.975976772462,-1436.71110331,106.725089926,-0.004166287824105044,0.00014706604536685768,4.03344980845
0.0005732922037023636,-1588.5965034,-1350.20271053,184,0.798415892731,650,-1253.8957954,-0.007841379801815302,1.39457479006,0.975930657105,-1428.84928924,110.02380068,-0.00785281901573954,0.00010368310135216852,4.03325922607
0.0013548185204889027,-1588.5965034,-1355.23006818,185,0.821408761539,647,-1253.66381483,-0.01657030848404976,1.39447234085,0.975830678903,-1434.48225414,103.193661651,-0.015922481911274076,0.0003372181070912038,4.03284604302
0.0021593710010196186,-1588.5965034,-1353.47679905,186,0.814753174809,648,-1258.03349699,0.013636784207364541,1.39425909779,0.975622611961,-1432.49413004,106.0162505,0.014463481327550856,0.0006080126807557039,4.03198615824
0.002190966492687345,-1588.5965034,-1352.06553906,187,0.803700238119,650,-1258.03349699,-0.005824148896087871,1.39417729414,0.975542805735,-1430.76847584,109.827560548,-0.005564784997652369,0.0006390671274514421,4.03165634055
0.0014036093644071018,-1588.5965034,-1355.3320328,188,0.809451496966,648,-1258.03349699,0.00024204817424053966,1.39406107067,0.975429431354,-1434.29205439,108.099899576,0.0003715677530695324,0.0005701645421449467,4.03118779469
0.0020142446813035883,-1588.5965034,-1362.06886183,189,0.82064700179,646,-1258.03349699,-0.00958895234150444,1.39395900703,0.975329880555,-1441.40728903,108.022663058,-0.008737238457414512,0.0008292274665405435,4.03077637798
0.0021693429654677555,-1588.5965034,-1355.87493917,190,0.806684730003,649,-1258.03349699,-0.008841672025196878,1.39380009359,0.97517489985,-1434.76752903,109.7594306,-0.007652175023657598,0.0011630242401573935,4.03013588436
0.0009920320315659377,-1588.5965034,-1354.7821229,191,0.806585651494,649,-1256.07687681,-0.008535214042537213,1.39359809159,0.97497793246,-1433.67306432,110.683943029,-0.00932914667378907,0.00036446169628192795,4.02932187106
0.0006093487045910721,-1588.5965034,-1359.33252594,192,0.80846973731,648,-1253.02357827,0.009087629195924431,1.39334435834,0.974730579525,-1438.39823613,109.887194088,0.009000899709011528,0.0002356374852278571,4.02829962783
0.0011256933865968384,-1588.5965034,-1355.40661291,193,0.816239190061,647,-1248.26776023,-0.010869140734825847,1.39318491592,0.974575178507,-1434.56840606,106.315694726,-0.010080226751562163,0.0005180092659604367,4.02765739717
0.0006854687765368191,-1588.5965034,-1352.08303285,194,0.80376551042,650,-1247.2876249,0.011486044882512599,1.39296360573,0.974359518961,-1430.82856278,109.602053341,0.01133381672722791,0.00026917164932398733,4.0267661342
0.0005913344047487057,-1588.5965034,-1354.84876754,195,0.80307851094,649,-1252.53977587,0.007784644288704507,1.3928516589,0.9742504486,-1433.67183297,110.403990637,0.007785411678564662,0.00018874219254944892,4.0263153757
0.0004022060196916151,-1588.5965034,-1358.74329721,196,0.813225674813,648,-1251.97987165,0.003721366604479756,1.39281084462,0.974210686081,-1437.86768055,108.86989103,0.0035964187336942044,5.7406377673849435e-05,4.02615104789
0.00036490629734494545,-1588.5965034,-1370.55310297,197,0.83605204915,644,-1258.03233681,-0.009409968337520828,1.39280186108,0.974201934262,-1450.41800564,103.908507851,-0.009385241267341277,1.4948259824702772e-05,4.02611487897
0.0009929542516957414,-1588.5965034,-1371.12697953,198,0.837592827194,643,-1258.03349699,-0.023437827122827763,1.39272100738,0.974123169615,-1451.02894095,103.038023931,-0.023150255404600487,5.539311513492026e-05,4.02578936584
0.0011095654724788719,-1588.5965034,-1369.90311657,199,0.831897031216,644,-1238.85299478,-0.00032858049248982456,1.39247030652,0.973878986707,-1449.61168823,104.299409606,-0.00011747479686419364,0.00010753200714733967,4.02478022348
