AveragePolicyStd,LossAfter,LossBefore,AverageReturn,MaxReturn,dLoss,Iteration,MeanKL,ExplainedVariance,NumTrajs,Perplexity,Entropy,MeanKLBefore,MinReturn,AverageDiscountedReturn,StdReturn
1.0,-0.0163447266571,-4.02002852794e-09,-1497.88197862,-1253.03829493,0.0163447226371,0,0.00643637794105,5.53557200078e-13,574,4.13273135412,1.4189385332,0.0,-1942.47830386,-1404.69303117,127.451201346
0.989794741387,-0.0264619768197,3.40629763259e-08,-1497.52000952,-1240.56117473,0.0264620108827,1,0.00669061010326,0.72116220796,575,4.09055576187,1.40868084392,-1.96399140874e-08,-1970.71419364,-1404.64566958,139.198897424
0.956599091825,-0.0254386859212,2.8575658594e-08,-1488.47071982,-1239.25922718,0.0254387144968,2,0.00718770978822,0.577521188457,590,3.95336706011,1.37456763609,1.97546894537e-08,-2219.73102602,-1398.58946145,132.789244081
0.910888034494,-0.0198926565322,1.22337441413e-07,-1465.9638672,-1238.01438907,0.0198927788696,3,0.00704249620759,0.755730538753,607,3.76445554025,1.32560323997,-1.86374813083e-08,-1836.2427087,-1379.7206905,110.799928786
0.891849386744,-0.0230659088732,-4.21203085377e-08,-1468.07859107,-1247.3614031,0.0230658667528,4,0.00834420994014,0.785856107036,611,3.68577392375,1.3044805236,2.87044663733e-08,-1790.20395075,-1382.77353027,111.642907289
0.885497839028,-0.0178478664942,8.44947077814e-08,-1449.86820785,-1232.83935898,0.0178479509889,5,0.00717596665849,0.79403117525,621,3.65952468336,1.29733327104,4.46838798601e-08,-1756.44968211,-1366.59733137,105.519709393
0.857379933441,-0.0133911894177,6.03514093525e-08,-1451.5034079,-1228.88984582,0.0133912497691,6,0.00895071072268,0.803409633357,629,3.54332093333,1.26506440415,-1.45179583355e-08,-1804.548971,-1369.33749788,110.619186675
0.827917752603,-0.0130125572779,-7.94336426151e-08,-1449.56472149,-1236.53830597,0.0130124778443,7,0.00990614765361,0.818175510543,633,3.42156165482,1.23009707107,5.10948539034e-09,-1702.49944849,-1368.20838772,107.406248106
0.813974659677,-0.00937198076819,9.14951400778e-08,-1435.05739166,-1246.46432842,0.00937207226333,8,0.00653105584765,0.81299369141,641,3.36393859751,1.21311248912,4.06870792613e-08,-1702.20761051,-1355.10085002,104.657080969
0.781656225047,-0.00881888389959,1.11505252175e-07,-1449.72154726,-1238.17275888,0.00881899540484,9,0.00718619912774,0.836733300469,639,3.23037518939,1.1725982882,-3.48473740697e-08,-1662.37734154,-1369.36899397,101.866759918
0.778711754324,-0.00576939248778,1.23440814726e-08,-1444.10820679,-1233.17230948,0.00576940483186,10,0.00885576088332,0.603843459817,639,3.21820648292,1.1688242115,-2.47197999292e-08,-1690.46681915,-1363.5973613,102.471657136
0.775442167831,-0.0121141322063,-1.79749712893e-08,-1454.42495831,-1236.93611709,0.0121141142313,11,0.00827041451368,0.823773299824,637,3.2046941603,1.16461666002,-3.72801522985e-09,-1706.36625919,-1373.66922356,106.238995217
0.749532916713,-0.00783514129015,1.12131646645e-07,-1443.95059241,-1252.97077279,0.00783525342179,12,0.00876146980723,0.824324243254,641,3.09761818585,1.13063348903,4.64466232142e-08,-1686.37184982,-1363.83632199,105.408051089
0.739585470086,-0.00580702346947,2.06818494809e-07,-1435.2008075,-1250.70965969,0.00580723028796,13,0.00622120714245,0.826507516384,644,3.05650806128,1.1172731079,-2.56517858621e-08,-1588.5965034,-1355.60494458,101.290577285
0.712373495936,-0.0020929353786,-3.95578502233e-08,-1435.21441665,-1250.42636157,0.00209289582075,14,0.0075407822533,0.816694623482,645,2.9440482825,1.07978560104,-2.51598600287e-08,-1688.76027439,-1355.88666278,104.047586321
0.7023571753,-0.00673456234921,4.10410106164e-08,-1434.25337433,-1243.89736707,0.00673460339022,15,0.00738051972098,0.824093901824,644,2.90265352015,1.06562532558,-8.07398470304e-09,-1657.28519257,-1354.73759117,103.379990559
0.707847561959,-0.00965696721323,-7.4108007822e-08,-1434.30516928,-1248.36922299,0.00965689310522,16,0.00817302931146,0.815256039007,645,2.92534381325,1.07341201677,-2.32446859538e-08,-1666.76802523,-1354.79656434,105.083705167
0.697126179743,-0.0047064395657,-4.49744687609e-08,-1445.84835076,-1249.86499448,0.00470639459123,17,0.00580983795154,0.841415982195,643,2.8810352208,1.05814968123,-5.00346207799e-08,-1588.5965034,-1365.96144434,99.7742049318
0.681990443758,-0.00483252369065,4.28803818543e-08,-1436.25057704,-1241.20006987,0.00483256657103,18,0.0080828488076,0.818368007694,646,2.81848329013,1.03619889988,-8.3365307435e-09,-1697.20618762,-1356.94733124,105.235717997
0.69306769279,-0.00426232814923,5.3551993033e-09,-1445.94243384,-1243.3032142,0.00426233350443,19,0.00889391537575,0.838108966806,641,2.86426258452,1.05231092944,-2.22793095084e-08,-1679.89659802,-1365.85241927,100.232688448
0.681989894986,-0.0273617235788,7.81801886319e-09,-1438.04802335,-1234.97826275,0.0273617313968,20,0.00846925514133,0.77806368597,643,2.8184810222,1.03619809522,2.74168678871e-08,-1670.14316075,-1358.3098478,101.006887455
0.706912299557,-0.00724083105944,3.42279723228e-08,-1441.46781603,-1242.87951288,0.00724086528741,21,0.00953723630719,0.814277276486,645,2.92147862499,1.07208986654,-1.51044804442e-08,-1651.09296806,-1362.08603428,108.859705479
0.692965932944,-0.00747252548774,-5.20509179501e-08,-1437.67703451,-1247.19807798,0.00747247343683,22,0.00993713547099,0.830445055928,643,2.86384203842,1.05216409339,-3.56593021777e-09,-1673.40659254,-1357.80492441,99.9499873603
0.658741735373,-0.00762201152252,8.29569534358e-09,-1439.19768523,-1238.93342335,0.00762201981822,23,0.00723455876653,0.818487399625,645,2.72240262405,1.00151480808,-2.86790505233e-08,-1660.45680986,-1359.67022299,106.306173038
0.662944245655,-0.00919667322253,6.64098430396e-08,-1431.71219427,-1235.91041566,0.00919673963237,24,0.0076007894913,0.817104558025,645,2.73977047005,1.00787414684,1.57265553358e-08,-1686.20452986,-1352.32097272,104.499454053
0.665788502192,-0.0035253907235,-5.2994320288e-08,-1441.19881729,-1248.67582051,0.00352533772918,25,0.00608031696412,0.822785053435,645,2.75152501822,1.01215531005,5.54119787832e-08,-1670.9320168,-1361.65354764,105.707303551
0.671806725479,-0.00502069993362,-1.41528006238e-08,-1441.93684153,-1245.19541159,0.00502068578082,26,0.00733891659942,0.835468819548,643,2.7763967183,1.02115394248,4.15223208039e-08,-1588.5965034,-1362.1620867,101.396424034
0.646786277041,-0.00378905421301,-6.21033598961e-10,-1440.63018668,-1247.8506278,0.00378905359198,27,0.00659546364997,0.827909388662,644,2.67299392654,0.983199165004,-9.84644310531e-10,-1588.5965034,-1360.91617131,101.640235263
0.652133003434,-0.00952937596548,4.16499454096e-09,-1445.14839585,-1249.5616639,0.00952938013048,28,0.00767335916321,0.833191068705,643,2.69509051035,0.991431788343,-1.46121090783e-08,-1588.5965034,-1365.34224847,101.728076922
0.616465691545,-0.00445106398717,2.6250828699e-08,-1436.66634421,-1230.08584917,0.004451090238,29,0.00761443373981,0.818680151541,646,2.54768709219,0.935185924905,-3.0083154301e-09,-1588.5965034,-1357.38103003,105.536643774
0.613833862254,-0.00389000319213,-1.5977816307e-09,-1440.077049,-1249.31056758,0.00389000159434,30,0.00590638180242,0.822588358216,645,2.53681044876,0.930907563108,-3.53077331816e-08,-1588.5965034,-1360.64542296,104.475021159
0.603290253946,-0.00558592065573,5.39441630186e-08,-1440.26406625,-1246.29496395,0.00558597459989,31,0.00404684302338,0.831669863066,643,2.49323654812,0.913581684965,4.2853590676e-09,-1588.5965034,-1360.5512873,101.548583342
0.613494919194,-0.00354636928219,-5.00206092254e-09,-1450.10617484,-1241.32834916,0.00354636428013,32,0.00814561136473,0.840919062722,642,2.53540968815,0.930355236667,2.2520169396e-08,-1678.10865469,-1369.99987522,102.198595248
0.584295245546,-0.00512051054105,2.44370080225e-08,-1439.70811525,-1249.50139293,0.00512053497806,33,0.00655750281975,0.827982308626,644,2.41473528133,0.881589666742,2.51596513623e-08,-1607.93953352,-1360.05500931,100.736491071
0.583604865926,-0.0125255570392,-4.62505863043e-08,-1437.34995034,-1241.77621115,0.0125255107886,34,0.00680189920255,0.826124740365,645,2.41188212783,0.880407408613,1.43601663893e-08,-1608.41070141,-1357.80983441,104.496299305
0.588375128639,-0.00158493466194,2.91937381281e-08,-1429.42466884,-1252.96706142,0.00158496385567,35,0.00730973921487,0.805086650055,649,2.43159634211,0.888547972578,4.993802738e-08,-1588.5965034,-1350.54059925,107.201286671
0.589223975808,-0.00714930760172,4.04759679208e-08,-1446.12658201,-1243.7639759,0.00714934807769,36,0.00705819582987,0.824602904246,645,2.43510439942,0.889989630121,4.03623023892e-09,-1588.5965034,-1366.57371406,107.176772027
0.597866967875,-0.00805060334133,-3.12033362878e-11,-1440.15828325,-1248.59015508,0.00805060331013,37,0.00796027784515,0.827614748594,645,2.47082356373,0.904551521677,-4.04015241262e-08,-1588.5965034,-1360.73734853,103.602271228
0.618171288175,-0.00785127630509,-1.84295459129e-08,-1444.41663255,-1248.32253154,0.00785125787555,38,0.00978688439195,0.828256583734,644,2.55473586486,0.937948838609,-2.93920505712e-08,-1588.5965034,-1364.71545643,104.042781326
0.620848283635,-0.00168421445676,1.69936930768e-08,-1441.19748963,-1252.11154028,0.00168423145045,39,0.00890534438183,0.817401347046,645,2.56579916793,0.942269996542,9.13260145285e-09,-1588.5965034,-1361.77624573,104.512917819
0.620497071855,-0.008993081499,4.33770589031e-09,-1444.80559607,-1251.55374223,0.00899308583671,40,0.00790254971617,0.83986046437,642,2.56434770399,0.941704139846,-3.35352007275e-08,-1588.5965034,-1364.94848247,100.355046019
0.623674102685,-0.00337172157888,-9.58580685692e-08,-1439.07014724,-1252.40403818,0.00337162572081,41,0.00699482458476,0.818431575782,647,2.57747751892,0.946811214822,-3.15933406103e-08,-1588.5965034,-1359.87335046,107.466847824
0.623880172915,-0.00837670837405,-2.40211257303e-08,-1435.50735593,-1253.4960354,0.00837668435292,42,0.00950830899121,0.82004880455,647,2.57832915182,0.947141573566,-4.30866143319e-08,-1588.5965034,-1356.25452335,104.689436487
0.622622245182,-0.0082193487915,3.29274770051e-08,-1429.97210275,-1250.926283,0.00821938171897,43,0.00882674747404,0.801809274017,649,2.57313047444,0.945123241085,2.14540406551e-08,-1588.5965034,-1351.2341068,108.567428527
0.632198234946,-0.00513391219898,-2.88769426083e-09,-1438.7958325,-1249.86093296,0.00513390931129,44,0.00658111142887,0.816174234585,647,2.61270546758,0.960386262077,-1.73475253606e-08,-1588.5965034,-1359.58078859,107.624873845
0.633971183992,-0.00318958667178,1.83480377386e-09,-1430.6615681,-1243.3312457,0.00318958850658,45,0.00995109477495,0.806003731622,648,2.62003258969,0.963186756509,-4.67728294984e-08,-1676.69179993,-1351.72192001,106.873760211
0.635879036612,-0.00896267598035,5.68872799831e-09,-1431.77381441,-1244.51524476,0.00896268166907,46,0.00985634579751,0.793327089403,651,2.62791723203,0.966191605466,-5.53284229543e-09,-1588.5965034,-1353.26554847,113.640997659
0.604432777853,-0.00791938873066,5.67407368423e-09,-1428.08061486,-1251.28561398,0.00791939440473,47,0.00917209874237,0.797784370057,650,2.49795829249,0.915473715204,-4.32390570015e-08,-1588.5965034,-1349.49321492,110.311645147
0.61092946322,-0.00461413652328,1.64329682532e-08,-1432.36708423,-1249.18082575,0.00461415295625,48,0.0081390899971,0.810494288588,648,2.52480734781,0.926164761919,3.91396885457e-08,-1588.5965034,-1353.45861055,106.503279867
0.616261776493,-0.00678854748435,8.26551232985e-08,-1441.22987474,-1248.76347104,0.00678863013947,49,0.00911469472616,0.82758131436,645,2.54684436606,0.934855089325,2.18710763944e-08,-1588.5965034,-1361.67434075,103.871877205
0.616025909959,-0.00653424516857,-4.67063621838e-08,-1429.45300989,-1253.3497686,0.00653419846221,50,0.00671084681129,0.800752356199,650,2.54586959304,0.934472278494,1.31589667496e-08,-1588.5965034,-1350.73508727,110.360438904
0.615520547144,-0.00994513170338,5.60077771244e-09,-1437.41932451,-1242.35221809,0.00994513730416,51,0.00828511884731,0.811917420458,647,2.54378106429,0.93365158214,-5.18503806557e-09,-1588.5965034,-1358.29111888,106.935161144
0.614453964959,-0.00603421598255,-4.8657438369e-08,-1441.01016249,-1254.03844808,0.00603416732511,52,0.00803190824185,0.828545227785,645,2.53937316665,0.931917265791,-4.57564341971e-09,-1588.5965034,-1361.52009916,102.162746092
0.612734976442,-0.00377989291709,1.23003464985e-07,-1435.84505669,-1243.1760514,0.00378001592055,53,0.00627497954711,0.810041384337,647,2.53226904891,0.929115758079,-9.78102593363e-09,-1658.35671954,-1356.71818322,106.655243305
0.613028846917,-0.00500723054564,1.82710189805e-08,-1440.7567898,-1241.23036676,0.00500724881666,54,0.00680663430027,0.820351076481,647,2.53348353664,0.929595247644,-4.29395515256e-08,-1588.5965034,-1361.56881564,107.343210038
0.615744218768,-0.00317329712959,-4.3496450814e-08,-1436.07653213,-1254.74335025,0.00317325363314,55,0.00842316855637,0.809061353893,648,2.54470543902,0.934014902252,3.97541719543e-08,-1588.5965034,-1357.02338584,109.757294579
0.615803439027,-0.00457486600538,8.56534237007e-08,-1438.29876345,-1249.83948851,0.0045749516588,56,0.00650926247371,0.806074213994,648,2.54495018044,0.934111074346,-4.71341088382e-08,-1588.5965034,-1359.34291078,110.679891055
0.613680873028,-0.00809165508641,-3.46162328203e-08,-1443.75313523,-1252.61226867,0.00809162047017,57,0.00913934973014,0.828587439518,645,2.53617818539,0.930658296484,5.9868911384e-08,-1588.5965034,-1364.19914368,103.641494617
0.603493779691,-0.00477136315258,8.90167551156e-08,-1441.87723975,-1250.37279119,0.00477145216933,58,0.00826972901235,0.819394491133,647,2.49407766535,0.91391898765,-5.12953510778e-08,-1588.5965034,-1362.64363244,108.708520364
0.598268752211,-0.0035220070291,2.75752542134e-09,-1439.02251941,-1244.75495136,0.00352200978662,59,0.00711843783269,0.814794508602,647,2.47248403045,0.905223325628,6.38957198262e-09,-1588.5965034,-1359.88226232,108.67063354
0.595791523607,-0.00592877608049,5.46307954287e-09,-1437.30489219,-1249.40655082,0.00592878154357,60,0.0074326094614,0.832381850044,645,2.46224631013,0.901074067491,-7.12791903279e-09,-1588.5965034,-1357.78310395,100.804844152
0.596253108984,-0.00393897690107,1.13196456784e-07,-1439.72191802,-1256.47982477,0.00393909009753,61,0.007034444487,0.834290930161,645,2.46415391849,0.901848510641,-3.50971260943e-08,-1588.5965034,-1360.10654871,100.532510397
0.597512142152,-0.00364334716772,2.42187993019e-08,-1439.60870728,-1255.96478957,0.00364337138652,62,0.006836813506,0.834204899932,645,2.46935716434,0.903957859415,-3.40010667399e-08,-1588.5965034,-1360.00756467,100.496522798
0.583094541504,-0.00356362066651,-6.52759858998e-08,-1433.02099084,-1256.18603035,0.00356355539053,63,0.00466280403151,0.806418293261,649,2.40977309409,0.879532591241,-2.29653832617e-08,-1588.5965034,-1354.14875783,108.479569247
0.582135151298,-0.0104030617252,-4.10542549505e-08,-1439.96141163,-1251.1065536,0.010403020671,64,0.00752412734028,0.810325448534,647,2.40580819211,0.87788589372,-3.03584136718e-08,-1588.5965034,-1360.79976158,110.169284009
0.593416154529,-0.00459829933252,-4.08436523237e-08,-1440.88814642,-1247.38685377,0.00459825848887,65,0.00607527958473,0.828119050647,644,2.45242954787,0.897079185384,-1.567773944e-08,-1588.5965034,-1361.21038379,102.023947843
0.596819699227,-0.00319916684978,-6.89081222441e-08,-1430.51154039,-1248.25098916,0.00319909794166,66,0.00692110932531,0.810981494127,648,2.46649548375,0.902798310655,-3.21245718915e-09,-1588.5965034,-1351.53808162,105.301802019
0.590149635257,-0.00481783701527,8.38675029499e-09,-1444.98491101,-1253.19673859,0.00481784540202,67,0.00498318397665,0.830549268664,644,2.43892990125,0.891559378046,-9.55158796501e-09,-1664.37580164,-1365.28100766,102.499041557
0.594299407775,-0.00708111576263,-4.8270897875e-09,-1440.75502359,-1256.63652607,0.00708111093554,68,0.00835320816762,0.818373562395,647,2.45607979625,0.898566500085,5.19349927508e-08,-1588.5965034,-1361.55242188,108.141283764
0.584172215732,-0.000192692077149,3.17558671752e-08,-1439.80270796,-1258.01936898,0.000192723833016,69,0.000514572211812,0.8288214928,646,2.41422683216,0.881379083532,-3.32478286014e-08,-1588.5965034,-1360.34347731,104.455299888
0.58377182571,-0.00589811258876,3.22394857349e-08,-1432.74464069,-1255.57661455,0.00589814482825,70,0.00517420027292,0.811295924901,649,2.41257212776,0.880693451303,1.76217431758e-08,-1588.5965034,-1353.84971748,107.454802228
0.581280543927,-0.00330232605657,-9.59144309943e-09,-1437.20725481,-1256.92292718,0.00330231646513,71,0.00707096094613,0.807418937684,649,2.40227632943,0.876416758436,-3.2595610433e-08,-1588.5965034,-1358.40425949,110.852791526
0.585605849277,-0.00374082804727,-1.02341075382e-08,-1436.05877548,-1256.36853486,0.00374081781316,72,0.00851107845042,0.811872164456,647,2.42015165446,0.883830205339,1.50494555706e-08,-1652.12153036,-1356.96642571,108.619342798
0.591979948737,-0.00523681310509,-3.11821823139e-08,-1436.19188455,-1250.8241943,0.00523678192291,73,0.00632226270276,0.804637784739,648,2.44649409516,0.894656018156,-3.67543837587e-08,-1657.16599777,-1357.24798086,112.343475931
0.591143198148,-0.00703803136565,-5.64128393433e-08,-1438.07623923,-1250.57512126,0.00703797495281,74,0.00947462973343,0.818944653982,647,2.44303602976,0.893241540331,-2.90688952909e-08,-1588.5965034,-1358.90634738,106.614538901
0.593526874081,-0.00284026507734,2.53378563591e-08,-1435.54204747,-1255.01754035,0.0028402904152,75,0.0069365881154,0.811213525534,648,2.45288712203,0.897265747923,4.14484285782e-08,-1587.70852297,-1356.61982006,108.833972094
0.594171756975,-0.00207241323812,1.90723803627e-08,-1437.96626428,-1248.8285398,0.0020724323105,76,0.009012453439,0.813999909947,648,2.45555224979,0.898351684946,-1.05449400323e-08,-1588.5965034,-1358.96086779,109.044263526
0.585563127325,-0.0110387651549,6.31575052699e-09,-1432.93202467,-1250.17365722,0.0110387714707,77,0.00898111961756,0.800655453986,650,2.41997509611,0.883757249254,9.98475702119e-09,-1588.5965034,-1354.27638584,112.920586107
0.587252421577,-0.00196616935769,5.22779417324e-08,-1432.52632952,-1251.81341812,0.00196622163563,78,0.00859737529826,0.811896020656,648,2.42695649543,0.886638001341,7.06401726003e-09,-1588.5965034,-1353.58972348,107.556317905
0.606841864018,-0.00426648926439,4.59107581031e-08,-1433.83355752,-1248.32736221,0.00426653517515,79,0.00558916003968,0.817239159608,648,2.50791439842,0.919451490778,-2.95889890367e-09,-1588.5965034,-1354.76483623,105.417872286
0.610243640432,-0.00412938950571,-1.74784144861e-08,-1437.98144396,-1248.30401604,0.00412937202729,80,0.00928804349502,0.816469535478,647,2.52197302647,0.92504154219,-3.61283303274e-08,-1588.5965034,-1358.80723797,108.001825739
0.618202239489,-0.00631626751629,-1.13671703223e-08,-1443.90464879,-1258.03349699,0.00631625614912,81,0.00876511148926,0.829647003561,645,2.55486377833,0.937998906511,4.70174967293e-08,-1588.5965034,-1364.31370949,104.574741681
0.623314790634,-0.00747631172363,-1.43067954635e-07,-1438.00403174,-1257.94090174,0.00747616865568,82,0.00693034632103,0.820870206197,646,2.57599257874,0.946234927314,1.96214040016e-08,-1588.5965034,-1358.71364473,104.632789757
0.61869064625,-0.0029493510426,-8.89634833821e-09,-1437.78810498,-1258.03349699,0.00294934214625,83,0.0065027691116,0.816869821064,647,2.55688223226,0.938788638252,2.89527526953e-08,-1588.5965034,-1358.68551653,107.729481218
0.608574462623,-0.00368410541995,8.11304725043e-09,-1440.28320814,-1258.0190197,0.003684113533,84,0.0084985177824,0.816164283493,647,2.515074763,0.922302529949,-3.84937773878e-08,-1588.5965034,-1361.1955027,108.51215831
0.613496418449,-0.00207495341529,-2.03432878278e-08,-1431.28254053,-1258.03349699,0.00207493307201,85,0.00999081417502,0.801525771137,649,2.53541588417,0.930357680458,-6.21575091397e-09,-1672.06248239,-1352.59893877,109.355490182
0.61332315079,-0.0037403499663,1.48952347607e-08,-1428.09674026,-1255.06285023,0.00374036486154,86,0.0084790577603,0.805165200184,649,2.53469981548,0.930075214046,1.76959886189e-08,-1588.5965034,-1349.42075345,108.492502744
0.615917784923,-0.00821569602121,-7.0532968002e-08,-1428.13503585,-1256.6431071,0.00821562548824,87,0.00852265218524,0.805596193328,649,2.54542274131,0.934296742815,3.60679560107e-08,-1588.5965034,-1349.41021765,108.077746383
0.617850646399,-0.00515883705198,-1.64312656519e-08,-1433.16116481,-1256.69148667,0.00515882062071,88,0.00848021264391,0.804836292895,649,2.55341073854,0.937430009979,2.13819693062e-08,-1588.5965034,-1354.37322397,110.171506015
0.61732801952,-0.00281301641916,-1.44300303982e-08,-1432.69258502,-1255.57075237,0.00281300198913,89,0.00593283025105,0.806119646365,648,2.55125086205,0.936583773035,4.66979094282e-08,-1668.6253217,-1353.77918666,108.169778384
0.612750662777,-0.00287834405843,3.07774883271e-08,-1436.55229642,-1252.59949744,0.00287837483592,90,0.00691212567808,0.819572751818,647,2.53233387632,0.929141358274,-1.09538737525e-08,-1670.55694662,-1357.40327753,105.767087477
0.609477589562,-0.00504915689689,-4.11762410297e-08,-1435.37672662,-1255.78486052,0.00504911572065,91,0.00700958767435,0.82000679892,647,2.51880714402,0.923785433906,-2.80114963447e-08,-1676.09394996,-1356.21233261,105.305903867
0.606033230907,-0.00669848612354,6.85669889186e-08,-1447.73476631,-1251.82130849,0.00669855469053,92,0.00598785643567,0.8372583902,643,2.50457253501,0.918118075269,-3.49165781843e-08,-1683.63341984,-1367.97120853,100.67209479
0.605535055087,-0.00308564896518,1.92948802215e-08,-1447.60609449,-1253.33889739,0.00308566826006,93,0.00916161514741,0.838533588957,644,2.50251370818,0.917295709985,-5.18966468688e-08,-1669.13030066,-1367.8930557,101.538062603
0.615798740837,-0.00436290287551,1.37053366228e-08,-1440.07636329,-1257.92636759,0.00436291658085,94,0.00975222864781,0.815839384627,647,2.54493076409,0.934103444952,-4.10038319409e-08,-1667.87014192,-1360.94414155,107.288773734
0.616612575683,-0.00461188682189,-3.28995961534e-08,-1437.55446389,-1257.71122923,0.00461185392229,95,0.0097812292913,0.804704263373,648,2.54829412487,0.935424164671,-1.73737252362e-08,-1624.37408891,-1358.70863345,110.487455151
0.614753185157,-0.00551826015153,-1.18015249189e-08,-1432.13476206,-1254.9977706,0.00551824835001,96,0.00913587220635,0.806264990452,648,2.54060976335,0.932404116529,1.74643985384e-08,-1662.25095678,-1353.24396816,108.064914529
0.614297928588,-0.0042245279483,1.43580025007e-09,-1423.87264953,-1254.59970919,0.0042245293841,97,0.00894489327808,0.792793166124,650,2.53872831025,0.931663290399,1.0852896859e-08,-1682.70652843,-1345.32139349,109.683595532
0.61651314853,-0.00292821129019,-1.44507347206e-08,-1431.18764804,-1254.22899715,0.00292819683946,98,0.009300087511,0.807739801461,647,2.54788321916,0.935262904304,-1.81349756878e-08,-1680.5684319,-1352.148797,106.345824028
0.610607045668,-0.00352483728425,6.7003459665e-09,-1432.498874,-1253.58274339,0.0035248439846,99,0.00754556977379,0.818025090695,646,2.52347488268,0.925636873382,-3.12022697124e-08,-1663.72331376,-1353.27852854,104.508164181
0.605930760336,-0.00252866473012,1.46342718965e-08,-1429.98670432,-1254.0974166,0.00252867936439,100,0.00709429836974,0.803131509158,648,2.50414905167,0.917948976892,-2.89828305799e-08,-1664.59913683,-1351.09143198,109.363228652
0.605608327704,-0.0043440237186,7.03087622798e-09,-1425.86438932,-1257.52273957,0.00434403074948,101,0.00756528951978,0.793543678811,649,2.50281652422,0.917416707414,3.98305557425e-08,-1673.58722673,-1347.28780699,110.700195203
0.59743112466,-0.00253803329248,-8.68343602967e-09,-1429.5568256,-1257.66614834,0.00253802460904,102,0.00624257973108,0.806551242562,647,2.46902234081,0.903822258848,-1.52899078953e-08,-1674.72089076,-1350.59887393,107.08997908
0.595820928221,-0.00457459083597,3.58634757132e-08,-1437.75655176,-1256.1497403,0.00457462669944,103,0.00965628175599,0.82364292727,645,2.4623678315,0.901123420137,-3.6950922544e-08,-1673.6198739,-1358.34465186,103.466350202
0.597300593871,-0.00676211867054,-7.49318790038e-08,-1431.9928193,-1256.36947154,0.00676204373866,104,0.00741818365719,0.815974583211,647,2.46848289213,0.90360374822,-2.40977289234e-08,-1665.20251956,-1352.93016199,105.657604652
0.59707545436,-0.00414813218375,1.29550552016e-08,-1431.49557688,-1255.20203743,0.0041481451388,105,0.00660546600322,0.813125559924,647,2.46755245101,0.903226748842,1.05082799129e-08,-1672.17452719,-1352.5101911,106.709981665
0.595977386585,-0.00525373237136,-2.78232982863e-08,-1434.81818467,-1254.98123585,0.00525370454806,106,0.00982110882653,0.81172204701,646,2.46301443189,0.901385978597,-2.80401458719e-08,-1677.05212242,-1355.67180961,107.790273799
0.58637555238,-0.00292083942588,3.09257578347e-09,-1438.85956473,-1257.88110825,0.00292084251846,107,0.00509155631083,0.815066611652,645,2.42333263061,0.885143712896,-1.55680474068e-08,-1682.44002512,-1359.41011379,106.739276946
0.58537660434,-0.00353837977083,2.5448484074e-08,-1438.90144545,-1257.79605168,0.00353840521932,108,0.00703139334622,0.819495373801,644,2.41920424673,0.883438662428,3.29806006949e-08,-1680.39071167,-1359.37021419,105.156735848
0.583299041863,-0.00530786715225,2.47254124609e-08,-1437.52828326,-1257.92268674,0.00530789187766,109,0.00632450709619,0.812680583166,645,2.41061823914,0.879883245367,-8.42681602276e-09,-1680.36617984,-1358.1222056,106.892337511
0.582780891216,-0.00657036696575,6.33888219594e-08,-1433.01455056,-1257.32017804,0.00657043035457,110,0.00685396673197,0.806212869856,647,2.40847686171,0.878994540113,2.48150195947e-08,-1680.99015957,-1353.94923875,108.0378988
0.581440046042,-0.00380827633338,4.83139282297e-08,-1432.15775307,-1257.91967156,0.00380832464731,111,0.00950131723575,0.807553807593,647,2.40293550882,0.876691118616,-2.74605004291e-08,-1675.24364305,-1353.06524454,106.740741432
0.57508396294,-0.00439486882034,-1.44862578082e-08,-1440.68096172,-1256.67554123,0.00439485433408,112,0.00988817552203,0.818217517263,645,2.37666752489,0.865699306863,3.4035077201e-08,-1678.3822063,-1361.23922459,105.692445314
0.569267960343,-0.00435384278432,-9.20105459084e-08,-1428.45037224,-1248.71744061,0.00435375077378,113,0.00918460641844,0.803551551444,649,2.35263154861,0.855534509557,4.97222147899e-08,-1677.26436237,-1349.71158658,107.777717639
0.56810155679,-0.00492708078301,6.75887213912e-08,-1430.07269023,-1249.6415965,0.00492714837173,114,0.00713777871283,0.817112908875,647,2.34781111607,0.853483454126,6.73835669485e-08,-1670.9595367,-1351.11082059,104.176729094
0.565659144249,-0.00623342745671,-1.04487254076e-07,-1431.94392856,-1250.45433208,0.00623332296945,115,0.00975357553156,0.821301009324,646,2.33771728119,0.849174932378,1.94692808542e-08,-1668.589373,-1352.83096243,102.631835068
0.566362355471,-0.0073773647215,-9.31151508372e-08,-1432.09651049,-1249.44699719,0.00737727160635,116,0.00661679084376,0.80865322756,647,2.34062346425,0.850417331594,6.52710420157e-08,-1679.16366019,-1353.10577229,106.540467397
0.564883266817,-0.00386170632275,6.02581831551e-09,-1431.61017793,-1252.55934661,0.00386171234857,117,0.00977565627465,0.799056381756,648,2.33451078819,0.847802356619,5.14741387292e-08,-1683.96658621,-1352.77065,109.368479038
0.559585062047,-0.00620711611357,-8.79483201243e-08,-1433.43596512,-1249.87972697,0.00620702816525,118,0.00941865182449,0.8062029114,646,2.31261473122,0.838378802675,-4.207578852e-08,-1683.01030173,-1354.24077775,107.452140414
0.554851502934,-0.00547822949415,-5.0575823064e-08,-1439.13289912,-1249.02197082,0.00547817891833,119,0.00996040988587,0.814805297756,645,2.29305220306,0.829883769888,5.70558178481e-08,-1669.46043982,-1359.78536601,106.653633586
0.555158526544,-0.00678311743488,1.56663084864e-07,-1427.98891322,-1252.03548999,0.00678327409796,120,0.00888900441976,0.799915015456,649,2.29432104916,0.830436960596,4.12090119806e-08,-1666.43299188,-1349.3679296,108.646158433
0.555048413856,-0.00578288431079,1.07282029125e-08,-1427.4547331,-1249.63787499,0.00578289503899,121,0.00824136976441,0.804639406245,648,2.293865983,0.830238596338,-9.18196307875e-09,-1675.65456546,-1348.65037976,107.251787649
0.552002898385,-0.00625027671797,-1.14770552677e-07,-1434.45165376,-1251.16558761,0.00625016194742,122,0.008881935067,0.811659039346,647,2.28127968572,0.824736551183,-8.0464346297e-10,-1676.85925784,-1355.41734705,106.521113584
0.549953499731,-0.00421554410789,6.68308613156e-09,-1431.55853049,-1250.15719934,0.00421555079098,123,0.007736920719,0.806798891563,647,2.27281007165,0.821016982931,2.79144883875e-08,-1670.32023081,-1352.65025166,107.753987869
0.549229150612,-0.00437353391499,1.36239551265e-07,-1432.40190363,-1252.83719201,0.00437367015455,124,0.00705992434963,0.823150851769,646,2.26981653133,0.819699005026,-3.27824188906e-08,-1657.45288871,-1353.32277744,102.624667536
0.548967123849,-0.00167182306352,1.32156302564e-07,-1441.0108073,-1258.02420423,0.00167195521982,125,0.00684138332916,0.826402637104,644,2.26873364511,0.819221810239,-7.27582105675e-09,-1679.71758577,-1361.54034,104.390214588
0.549096976094,-0.00437831105059,3.84254560677e-08,-1436.2226377,-1258.03324918,0.00437834947605,126,0.0073404334842,0.822138164229,646,2.26927028956,0.81945832147,2.26173968443e-08,-1674.59265486,-1357.01967447,104.855328041
0.548677979189,-0.0069280036902,8.94547724834e-08,-1434.69809622,-1256.92099867,0.00692809314497,127,0.00971585010589,0.808187752633,646,2.26753868791,0.818694964784,1.47882937007e-08,-1673.94015588,-1355.62988027,108.448755058
0.548751044244,-0.00380247133238,-1.0483033324e-08,-1439.0513653,-1256.19297868,0.00380246084934,128,0.00796351369461,0.816082790527,645,2.26784064616,0.818828121561,3.85900258415e-08,-1676.70102126,-1359.71179359,106.251706671
0.547760817576,-0.00387653426223,6.49944985635e-08,-1435.86199719,-1251.2547414,0.00387659925673,129,0.00678747003199,0.821057759686,645,2.26374830536,0.817021981615,5.0854776279e-08,-1673.65537987,-1356.61409602,103.416475529
0.54723313614,-0.00427974790227,2.22362469362e-08,-1438.29277624,-1258.02451723,0.00427977013852,130,0.00918079220518,0.817063640531,646,2.26156753974,0.816058174509,5.18802619753e-08,-1674.19998684,-1359.12141935,105.708856381
0.542788959391,-0.00336919596286,-8.85140114753e-09,-1431.84324814,-1258.01274066,0.00336918711146,131,0.00643827861629,0.809249456507,649,2.24320095115,0.807903841871,5.70748357465e-08,-1656.93192663,-1353.15758524,108.238984184
0.540332072334,-0.0026595614555,-1.88618914354e-08,-1430.78491139,-1257.39537344,0.00265954259361,132,0.00975765761669,0.801613551404,648,2.23304729697,0.803367153543,1.54482504566e-09,-1673.18385258,-1352.0135818,109.791250688
0.537134884028,-0.00606372348129,-1.69736535128e-08,-1431.41346423,-1257.83073514,0.00606370650764,133,0.00988566751467,0.803985781594,646,2.21983417662,0.797432497877,2.63580619553e-08,-1671.31459782,-1352.48991043,108.950589141
0.536626266912,-0.0029410698748,-2.16820909649e-08,-1429.2474151,-1257.7933742,0.00294104819271,134,0.00755534536706,0.80069024724,649,2.21773219871,0.796485141653,3.63794279146e-08,-1670.49628064,-1350.57347745,109.6314819
0.535136953324,-0.00459385995211,-8.27710604551e-08,-1432.27455613,-1257.20207485,0.00459377718105,135,0.00645641685745,0.803488787821,647,2.21157726575,0.793705955881,-5.18740947975e-08,-1669.4585771,-1353.31115325,108.989937005
0.533086460639,-0.00212474535423,3.22069382507e-08,-1432.54115871,-1258.00230758,0.00212477756117,136,0.00605560426489,0.81729464051,646,2.20310313034,0.789866880315,5.78888857961e-08,-1670.99457912,-1353.35536483,104.789357389
0.532937364097,-0.0084499754878,-9.51508017526e-08,-1432.89641779,-1258.00415105,0.008449880337,137,0.00900810487069,0.822708952612,646,2.20248695439,0.789587155717,-3.8768470545e-08,-1679.77064287,-1353.70333211,103.306961843
0.533819078216,-0.00268856243224,-1.09579407145e-07,-1435.46139878,-1258.02491615,0.00268845285283,138,0.00882661005044,0.82002508918,645,2.20613084197,0.791240230936,-9.02146524151e-09,-1680.63055674,-1356.0988063,103.985072387
0.538020945143,-0.00401820677284,-3.7877732924e-08,-1440.15153769,-1258.00797348,0.0040181688951,139,0.00677675854492,0.834176433918,644,2.22349602917,0.799080745119,3.88206551349e-08,-1665.92975756,-1360.58331484,101.153783503
0.538973260764,-0.00517917080467,-5.90023246154e-08,-1430.72327839,-1257.72917782,0.00517911180235,140,0.00950787463383,0.807147475788,647,2.22743169379,0.800849214929,2.04955097338e-09,-1683.65079602,-1351.79875702,106.895809305
0.534266468935,-0.00464840801293,7.37726504279e-09,-1438.55975011,-1257.79990554,0.00464841539019,141,0.00996650905358,0.818605449683,645,2.20797978763,0.792077974218,-1.09763975686e-08,-1675.49655027,-1359.26277062,105.400165365
0.529314674893,-0.00507929518304,-8.11067999431e-08,-1430.46588943,-1258.00113441,0.00507921407624,142,0.00692104207273,0.810162048546,648,2.18751535313,0.782766357797,3.87222136577e-08,-1667.68958013,-1351.73173973,107.251221435
0.527583042037,-0.00572062519775,-1.042072238e-07,-1440.44526405,-1257.99291273,0.00572052099053,143,0.00973616540646,0.822317946051,645,2.18035897973,0.779489532846,3.57318736821e-08,-1673.71810035,-1361.14010268,103.698586344
0.525708683508,-0.0039482485683,-5.7181712022e-09,-1438.58421418,-1257.87933559,0.00394824285013,144,0.00943589410893,0.823657276596,645,2.17261275947,0.775930479902,-3.33378280537e-08,-1661.4953398,-1359.20802177,103.46784347
0.524936882099,-0.00471162354506,-4.903483552e-09,-1441.30441284,-1257.83337482,0.00471161864157,145,0.00809550628499,0.827506706306,645,2.16942311158,0.774461285013,-3.64519634477e-08,-1656.65452409,-1361.89417531,104.284903563
0.52499605232,-0.00447920888925,1.96294757134e-08,-1432.6746644,-1258.02204327,0.00447922851873,146,0.00840083967866,0.806970377588,647,2.16966764621,0.774573997396,-1.27195080024e-08,-1645.59715579,-1353.71738126,108.075562319
0.527246955671,-0.00454476392611,2.7796700508e-08,-1437.15219883,-1258.00880157,0.00454479172281,147,0.00663561789903,0.80846464337,646,2.17897002507,0.778852299589,9.79418524061e-09,-1678.86879833,-1358.02397687,108.941289107
0.527182786934,-0.0049004618509,-1.65930415667e-08,-1437.15550461,-1258.01911629,0.00490044525786,148,0.00650667229289,0.818058538073,645,2.17870483292,0.778730586904,-7.91697241098e-08,-1678.62173471,-1357.7958371,106.247137971
0.523419107932,-0.00550535950683,-2.16159494005e-08,-1427.43170885,-1258.00599134,0.00550533789088,149,0.0097430976222,0.811674700432,648,2.1631505587,0.771565750974,-5.15481919372e-08,-1678.63758798,-1348.51426409,105.176000558
0.522081169701,-0.00471684515574,3.24513757936e-08,-1430.56652505,-1258.01693271,0.00471687760711,150,0.00785135777292,0.81062637614,648,2.15762121942,0.769006327528,2.66837824059e-08,-1649.90028881,-1351.71959942,106.441504246
0.522208117342,-0.00452500378085,-3.58791271201e-08,-1438.91464326,-1258.03349699,0.00452496790172,151,0.00893560317606,0.825015078529,644,2.15814585991,0.769249454874,-4.50810363484e-08,-1658.99211627,-1359.47373612,104.130476785
0.520439860054,-0.00864052093741,7.19794906512e-09,-1431.89315313,-1258.03142127,0.00864052813536,152,0.00967516722399,0.817115233227,645,2.15083812758,0.765857592958,2.58985478618e-08,-1673.10225367,-1352.63675452,103.492491799
0.519719160827,-0.00311146303915,-4.41823126322e-08,-1435.26444306,-1257.99778648,0.00311141885684,153,0.0076460400487,0.817893322796,644,2.14785967129,0.764471844572,7.03736694474e-08,-1682.73684999,-1355.87564976,104.366247581
0.519698623033,-0.00646583488426,-1.46236290781e-07,-1432.44426667,-1257.35911693,0.00646568864797,154,0.00853662856804,0.810664344752,647,2.1477747941,0.764432326692,-2.35162197493e-08,-1664.38298889,-1353.57454721,107.168094385
0.520214419914,-0.00454151297054,-5.07064873164e-08,-1426.10206813,-1258.0036734,0.00454146226405,155,0.00662232697102,0.795582796829,648,2.14990644405,0.765424326795,2.84421781682e-08,-1662.51797084,-1347.3769283,109.610019361
0.519776658574,-0.00376837174229,-5.22004684257e-08,-1429.03556953,-1258.02172368,0.00376831954182,156,0.00936493488257,0.804407956633,648,2.14809729403,0.764582470792,-1.25782746441e-08,-1663.59630271,-1350.22376249,108.542912923
0.521830166301,-0.00508543964359,-2.63278629211e-08,-1428.30438887,-1258.02768279,0.00508541331573,157,0.00943268017509,0.804236709804,648,2.1565838898,0.768525437254,-2.19980381688e-08,-1662.5581383,-1349.61182762,108.350279272
0.520199722711,-0.00434070102266,2.05923101044e-07,-1431.63719195,-1258.00675482,0.00434090694576,158,0.00663449942892,0.817149763005,647,2.14984570445,0.765396074194,-2.184246084e-08,-1681.98887679,-1352.65946269,104.752331904
0.518869859078,-0.00491849749472,9.50243886218e-09,-1434.04986087,-1258.02326606,0.00491850699716,159,0.00621725445709,0.819028165897,647,2.14434973532,0.762836352724,4.52212204349e-08,-1655.72635064,-1355.09236926,105.063751737
0.518276584644,-0.00727511165544,-5.21365889586e-08,-1431.7675287,-1258.02667708,0.00727505951885,160,0.00849231399498,0.813697495621,648,2.14189789147,0.761692301172,-4.00827870894e-08,-1632.06643467,-1353.09150498,107.167300011
0.516881111912,-0.00350080601407,1.43515802025e-07,-1436.4637815,-1258.00655063,0.00350094952987,161,0.00655636564662,0.82930260907,646,2.13613077755,0.75899614467,-1.07816446882e-08,-1630.82907141,-1357.41990774,104.414757526
0.514942188375,-0.0054623647444,1.20970212963e-08,-1438.70368735,-1258.00564132,0.00546237684143,162,0.00657020313333,0.826740219667,644,2.12811772746,0.755237893003,-1.73097769451e-08,-1678.16133822,-1359.24788303,102.906290553
0.513669331611,-0.00325560678121,3.65471135309e-08,-1434.67058088,-1258.00599081,0.00325564332832,163,0.00621767587072,0.819426320705,645,2.1228573524,0.752762988943,-1.83363734196e-08,-1682.98920238,-1355.41363934,104.451236067
0.511546730243,-0.00419159431777,9.2154693915e-09,-1434.15167097,-1258.02346248,0.00419160353324,164,0.0082434430356,0.81738153476,646,2.11408521118,0.748622194666,1.78901374825e-08,-1646.72568697,-1355.00414621,105.404805095
0.50476750182,-0.000838874263554,-3.39318463518e-08,-1440.3265529,-1258.02423939,0.000838840331707,165,0.0094958575425,0.827834401115,643,2.08606848131,0.735281185049,-2.78838186984e-08,-1651.63151801,-1360.76677516,103.770727905
0.504198315849,-0.00448775421932,4.67089797554e-08,-1426.3079893,-1258.00670769,0.0044878009283,166,0.00698474385958,0.809543653453,648,2.08371618861,0.734152928728,-3.10238295054e-08,-1651.55142388,-1347.50510181,105.640076956
0.501933846803,-0.00488097207895,1.19994217989e-08,-1433.68893189,-1258.00949207,0.00488098407837,167,0.00592307794951,0.816793778718,645,2.07435774638,0.729651585954,2.26708590789e-08,-1651.25907439,-1354.5127912,105.320718462
0.501793164103,-0.00508416410736,-3.51635798292e-08,-1435.23309765,-1258.01218716,0.00508412894378,168,0.00980399309636,0.825799825609,645,2.07377634257,0.72937126531,-2.93019219999e-08,-1648.50558502,-1355.97072878,102.010543463
0.497907379751,-0.00732029741495,1.08570129962e-07,-1438.36496808,-1258.01394038,0.00732040598508,169,0.00904287692181,0.820251002946,643,2.05771743975,0.721597329515,-1.52083534655e-08,-1675.65665185,-1358.77091345,103.996999841
0.497691967041,-0.00515173086073,-5.6297235626e-09,-1430.44263941,-1258.01854157,0.00515172523101,170,0.00901578663042,0.81199512888,646,2.05682719689,0.721164599794,-3.05200824802e-08,-1662.8822894,-1351.59618237,106.206959167
0.498433158292,-0.00545960087228,1.13453461608e-08,-1435.80568479,-1258.01528017,0.00545961221762,171,0.00978081702279,0.811102829926,644,2.05989034121,0.72265274896,3.64479513237e-08,-1643.51399111,-1356.53199541,108.328002075
0.492237215083,-0.00411085277601,2.04462163068e-08,-1440.97216005,-1258.01945732,0.00411087322223,172,0.00816527888129,0.831524304996,643,2.03428417244,0.710143998998,-1.10259185115e-08,-1639.47608091,-1361.47091668,102.902477048
0.489426437082,-0.00372146895538,-3.25790638196e-09,-1438.6361973,-1258.01741743,0.00372146569747,173,0.0089177606581,0.816658186887,643,2.02266798207,0.704417423147,2.87498247431e-10,-1668.76076263,-1359.13255342,105.570436901
0.487817475525,-0.00439333914681,-9.44881117232e-08,-1433.1974182,-1258.02249768,0.0043932446587,174,0.00995856341609,0.799013910917,646,2.01601857619,0.701124564546,-1.59742432615e-08,-1674.87335977,-1354.18912674,110.173969742
0.486259478909,-0.00327775335634,1.13940354678e-08,-1431.45840309,-1258.01381396,0.00327776475038,175,0.00625051562125,0.812340367573,647,2.00957979473,0.697925642866,1.50875676397e-08,-1642.25636503,-1352.60937192,105.82504834
0.479884525487,-0.00311870891847,-1.20672985891e-07,-1435.48701987,-1258.03349699,0.00311858824548,176,0.00959788177871,0.815445040452,645,1.98323382484,0.68472875728,7.38976113634e-09,-1661.50773818,-1356.18353854,105.468420897
0.47843709515,-0.00596357871559,-8.4405519623e-08,-1441.01943483,-1258.03349699,0.00596349431007,177,0.00577581982821,0.830831177103,644,1.9772519841,0.681707993883,6.11043915466e-09,-1656.78893634,-1361.55379844,102.798451215
0.478200804018,-0.00502932610376,-6.68477622548e-09,-1434.58220722,-1258.03349699,0.00502931941898,178,0.00728303134785,0.824991542231,645,1.97627545633,0.681213990587,-3.81850768832e-08,-1657.35598223,-1355.35729637,103.186824657
0.478571600571,-0.00578153848961,1.77067018655e-07,-1433.92984846,-1258.02556954,0.00578171555663,179,0.00992954135401,0.821797247632,645,1.97780785887,0.681989089388,-8.35930913379e-09,-1657.35854011,-1354.65694584,103.584658514
0.479612470392,-0.00527047114533,1.51515631125e-07,-1435.69867228,-1256.16066657,0.00527062266096,180,0.00705792877276,0.822763548438,645,1.98210949422,0.68416167869,1.97326699425e-09,-1625.52949128,-1356.4475876,104.298948829
0.479988023554,-0.00370215299768,-4.87339904663e-08,-1435.56634095,-1257.03850511,0.00370210426369,181,0.00657534594898,0.815947701865,645,1.98366155455,0.684944406885,-2.25918738161e-08,-1658.21688577,-1356.37499578,107.257155359
0.478048052398,-0.00452317807281,-2.08078727453e-07,-1433.37677489,-1257.04487847,0.00452296999409,182,0.00818974164511,0.818535423061,646,1.97564417492,0.680894509691,1.00956003557e-08,-1681.38136483,-1354.35083217,105.793226078
0.475626952534,-0.00604982710682,-1.97884324418e-07,-1427.6873757,-1256.7309942,0.0060496292225,183,0.00938641110561,0.816339686318,648,1.9656384196,0.675817088026,-6.16367812345e-09,-1657.20471113,-1348.95018006,104.650793964
0.474724535529,-0.00469970464562,-2.00276499538e-07,-1431.61902122,-1255.93651122,0.00469950436912,184,0.0072051453455,0.814428173702,646,1.96190897255,0.673917964834,-2.41321705952e-08,-1650.67209417,-1352.47191522,104.70780389
0.473921586694,-0.00312374914541,1.54877602886e-07,-1428.23531142,-1258.03341916,0.00312390402301,185,0.00860354351866,0.809292490426,647,1.95859060073,0.672225133318,3.48752049462e-08,-1665.77859092,-1349.44030566,106.267795322
0.471602952907,-0.00472566072207,-3.4941442693e-07,-1435.1676835,-1258.03196644,0.00472531130764,186,0.00661064103683,0.817506129181,645,1.94900831018,0.667320684332,-1.67071565471e-08,-1676.18133328,-1356.05686564,104.80046006
0.470132805464,-0.00418936336854,-1.9160521964e-07,-1435.31730793,-1258.03201268,0.00418917176332,187,0.00716651375179,0.816905013322,645,1.94293258574,0.664198473829,-3.09985678237e-08,-1680.15568475,-1356.10943009,105.089688917
0.469720641056,-0.00300410128912,-7.16504375465e-08,-1430.61036889,-1258.02845102,0.00300402963868,188,0.00650691585037,0.812665834006,647,1.94122922097,0.663321391481,-2.30027341619e-08,-1661.98242784,-1351.76660371,105.878064192
0.468626653546,-0.00308202138358,-7.701655919e-08,-1427.45776436,-1258.0278586,0.00308194436702,189,0.00991385365627,0.809126357159,647,1.93670806449,0.660989657777,-2.48718974305e-08,-1664.34338131,-1348.65931856,105.849158155
0.468207130322,-0.00446593238582,-9.73118631781e-08,-1434.52225468,-1258.03349699,0.00446583507395,190,0.00807697587194,0.815446127895,644,1.9349742877,0.660094038385,-1.25932161366e-08,-1658.10191491,-1355.09627271,105.256724166
0.466911069665,-0.00551790440902,-1.92193020487e-07,-1435.05492319,-1258.02568891,0.005517712216,191,0.00990123776537,0.818069419792,645,1.92961801719,0.657322064775,1.89062737688e-08,-1653.01412393,-1355.74384833,105.047974205
0.463984264872,-0.00252687273279,-2.40206159781e-07,-1432.60290755,-1258.02623062,0.00252663252663,192,0.00921100851894,0.817955678265,646,1.91752231926,0.651033893961,-3.68029324793e-08,-1664.44733652,-1353.61212466,104.379513047
0.462811740294,-0.00366671793707,-3.16512816242e-08,-1431.86379046,-1258.02792422,0.00366668628579,193,0.00732483062576,0.814629766118,646,1.91267659017,0.648503617185,-1.59486697182e-08,-1663.72992153,-1352.77154232,105.659747168
0.463105593975,-0.00205068325144,-1.6247124609e-07,-1423.65072835,-1258.03349699,0.00205052078019,194,0.00655854006877,0.801646530243,649,1.91389100849,0.649138347047,-2.5055404862e-08,-1645.48970459,-1345.2055546,108.570029559
0.46288661402,-0.00559935435276,6.86816358174e-08,-1432.94767707,-1258.03349699,0.00559942303439,195,0.00959327527165,0.822610491671,646,1.91298602316,0.648665384191,-2.80400077601e-08,-1669.90472452,-1353.90469482,103.967196327
0.462248396635,-0.00401978674828,-4.13308980179e-08,-1430.38761141,-1258.03349699,0.00401974541738,196,0.00888823739712,0.811493122101,647,1.91034844217,0.647285655874,-8.14116662973e-09,-1669.36223596,-1351.51457841,107.269332583
0.459200777322,-0.00541819320022,1.28046669995e-07,-1432.72062694,-1258.03349699,0.00541832124689,197,0.00644531283129,0.819391768606,646,1.89775345028,0.640670792001,-1.26048365079e-08,-1668.98447717,-1353.68452756,104.165523046
0.458168456755,-0.00396290705523,7.87100198995e-08,-1425.77183968,-1258.03349699,0.00396298576525,198,0.00904208428555,0.806266756699,648,1.8934871467,0.638420180219,-3.47419027991e-08,-1661.99831619,-1347.14512193,107.428358606
0.456981701261,-0.003399490392,-1.04743154615e-07,-1429.60244248,-1258.02377514,0.00339938564884,199,0.00865933431412,0.796628418207,646,1.88858260506,0.635826603311,-2.71535225416e-08,-1667.62288487,-1350.62961707,107.712042466
