MaxKL,ExplainedVariance,AveragePolicyStd,Perplexity,AverageReturn,MaxReturn,NumTrajs,LossBefore,MeanKL,Iteration,MinReturn,AverageDiscountedReturn,Entropy,LossAfter,StdReturn
0.42781838824819035,8.09352584952e-14,1.0,4.13273135412,-795.012366524,39.6787278923,75,-0.03319021432371891,0.13747981892995084,0,-998.027033581,-451.226930728,1.4189385332,-0.07689916812919137,394.716917014
0.11790354255790507,-0.51430097071,0.999000504554,4.12860070796,-19.5404286582,58.8724109019,55,0.007045951269225056,0.027185015338312222,1,-997.544828853,-14.6480931652,1.41793853793,0.011692559576883975,232.920796244
0.057440782569248894,0.0249907979951,0.998500300278,4.12653349806,-96.5344468126,49.6771764993,59,0.02577877717327741,0.01045752425763315,2,-999.99927433,-79.9616482539,1.41743770781,0.01956620099630024,330.713779847
0.08798402172958585,-0.0288728670606,0.998578730167,4.12685762772,-21.1136683336,57.6379242924,56,0.011345960837785699,0.010398206272696293,3,-999.99800734,-22.7161838475,1.41751625241,0.007790383806418118,232.315760265
0.03691275752471035,-0.0245864649955,0.998790297918,4.1277319804,-38.7184867759,56.4043424663,55,-0.01624415962161289,0.0017359739004883786,4,-999.441095539,-23.8063265458,1.41772809884,-0.019539738798798962,265.511004511
0.05838443850561216,-2.14324744273,0.998769498837,4.12764602338,-58.3694702413,52.4284107059,57,-0.0011699504579263077,0.0015022149482670703,5,-999.999669177,-49.5619372438,1.41770727435,-0.0025465408504145247,291.956383827
0.081082127722704,-0.211672325726,0.99873857606,4.12751822786,13.594973798,53.0399988606,54,0.005431785579928498,0.004679023038118208,6,-999.510356787,6.05508706683,1.417676313,0.0005838985753074247,139.457348253
0.058177331343886945,-0.00635934716409,0.998769938462,4.12764784023,15.9364611687,59.0420675909,54,-0.017624734391326106,0.0038429918827567935,7,-996.861743332,4.81119250958,1.41770771452,-0.018959743500840034,139.399382837
0.05637245957106688,-81.1549464589,0.998622600807,4.12703893329,16.1979929954,53.4210749063,54,-0.0074126317117814,0.00547488951219542,8,-999.915236345,6.754409475,1.41756018453,-0.006876460271294923,139.84237275
0.09021054346259538,0.00109623902599,0.998422133304,4.12621045495,-43.3490178103,52.1816540291,56,0.00626565745190928,0.018343809766245764,9,-999.865599664,-35.8908044914,1.41735942037,-0.0030456003492068456,263.796474
0.07943348754172182,-220.727961555,0.99830372098,4.12572108863,37.488646952,57.8947801772,54,-0.005372571060644708,0.005876980698360186,10,13.1574373719,23.4018599262,1.41724081387,-0.007202998538255825,10.3572505879
0.04765592973726803,0.660880588761,0.998147990054,4.12507749455,37.3179160235,60.8907938141,54,-0.049929399565529005,0.0014468160995919977,11,23.9268805931,23.2395539484,1.41708480617,-0.05161302067868145,7.36414717675
0.0783384173696786,-0.00526057167244,0.997713017072,4.12327986807,19.3403975527,53.590987917,54,-0.012976252269167442,0.002244133340132371,12,-977.088218817,14.073241714,1.41664893114,-0.015145294739887679,137.113625363
0.12128488643946413,-0.20482021202,0.997241689766,4.12133199894,-0.633812992343,59.8669773517,55,-0.002332455628954453,0.004015897629634258,13,-998.529273251,-7.10155446749,1.41617641182,-0.0030871367838325526,193.968213885
0.11852507469545386,-3065.18270401,0.99680085909,4.11951016418,41.0969660969,58.0405058541,54,-0.004789335857873707,0.00447116243848832,14,23.166141958,25.4709596884,1.4157342641,-0.004601453337486992,8.16745924808
0.08809110597919168,-0.00534263947789,0.996371158566,4.11773432735,19.6838384223,58.8780679588,54,0.005830091070266227,0.00693835865599761,15,-999.973731685,8.87993031601,1.41530309155,0.003133247811411703,140.309375011
0.019708560536066982,-0.00559752539953,0.996021962227,4.11629119269,20.5044023874,60.0328434895,54,-0.0053421387910986915,0.0007579451017522637,16,-969.042507679,16.2001601394,1.41495256199,-0.005659666321805669,136.116176105
0.010763029916401576,-11.2439832467,0.995670330104,4.11483799159,39.666266111,54.0161785993,54,-0.008507265950435081,0.00021297878883642425,17,22.3218410746,24.530280779,1.41459946315,-0.010196585588850006,7.9844749734
0.07210978078320224,-0.00405512366426,0.995296180846,4.11329173322,21.8381185944,56.3784088503,54,-0.024034792499275065,0.007422671607293356,18,-988.02750165,14.5287718082,1.41422361628,-0.028484304131153198,138.876238898
0.04176857069574738,-0.490720708368,0.994818305551,4.11131680301,41.4745273346,63.3128555787,54,0.008094454247243109,0.0020407021935781654,19,22.7356740883,25.5432797098,1.41374336722,0.00697279992489914,9.01936445758
0.11466745872394918,0.00459488669202,0.994438599143,4.10974757843,23.4595770822,60.7096166074,54,-0.015594857774023597,0.004308300103882457,20,-971.61031419,17.3685232718,1.41336161018,-0.019431006356418663,136.966571664
0.09285650303960362,0.205613606133,0.994000056429,4.1079351992,41.1902126547,63.7000342606,54,0.010957619720974997,0.0045021927655496665,21,17.2598298181,25.0820519197,1.41292051765,0.010054302363508844,10.3503905753
0.12542388011157202,0.747313133354,0.993675096143,4.10659222564,43.0991906163,59.857505443,54,0.0007245036113992852,0.006612383748386924,22,21.0599265365,26.2052066487,1.4125935424,-0.004823649919113186,8.37529656794
0.15889000773147322,0.784979679341,0.993384020997,4.10538929026,43.9834581004,67.0031219598,54,-0.024358047869452417,0.013423658118185093,23,22.1595510892,27.1427780637,1.4123005716,-0.03234367439677796,8.58225770437
0.2977093599465365,0.817645357454,0.992977509829,4.10370928881,43.4991662575,64.2508323295,54,-0.03088677711657822,0.036035406906375966,24,26.6424233041,26.7433463044,1.4118912693,-0.04264263833803902,6.24265351451
0.19188999133881382,0.780048177473,0.992446206872,4.10151355642,46.7080420642,63.1228189964,54,0.014839472859534157,0.007687967375969355,25,31.2206752534,28.6369027291,1.41135606569,0.009564894268671362,7.60237457385
0.16403965870953727,0.795373070082,0.992057251864,4.09990610986,47.270395197,63.6743751892,54,-0.029394845043700768,0.009454625144759903,26,35.3095966665,29.1325918711,1.41096407341,-0.0382461864106097,7.41302202733
0.18810915818011678,0.854007901704,0.991552186428,4.0978188101,48.3785340094,65.1347286848,54,-0.013249222965945575,0.0074102638073664075,27,28.0866934842,29.7738984624,1.41045483461,-0.014082843376316448,6.71430712678
0.1690440792436721,0.826403133002,0.991020672844,4.09562220724,49.5033920196,72.7279436035,54,-0.01838320054555743,0.009219949489033806,28,27.9286034201,30.383866202,1.40991864892,-0.02634742946629284,7.36941295758
0.2596875401884784,0.857650458721,0.990440564871,4.09322477684,50.8365571941,75.0042250247,54,-0.025791291989394047,0.010434968475731138,29,36.0127922441,31.1077719342,1.40933311338,-0.029654769036209266,6.71163888895
0.22626496156058137,0.844876743913,0.98978614086,4.09052021821,48.0652871287,64.168316913,54,-0.00883057706788995,0.010775436418425655,30,36.396896285,29.2995200347,1.40867215468,-0.01747451782517027,6.54205338626
0.2042472197772319,0.88687155654,0.989142966978,4.08786215334,51.9845618946,67.5009411278,54,-0.036571705127657936,0.00913115453487776,31,41.5938006114,32.1897226896,1.4080221325,-0.042935939702573166,5.82518963943
0.40169554786890416,0.852593013262,0.988396886883,4.08477880474,51.3937356833,70.0910260685,54,-0.03580377995274792,0.037765347907995336,32,36.8301004855,31.8790440596,1.40726757868,-0.04571584504968,7.50168812219
0.4061157928948178,0.813302920805,0.987568993709,4.08135734466,50.6900300304,70.1815396968,54,0.013329556656364918,0.033016954479446324,33,36.0909703063,30.8707370132,1.4064296156,0.0036173752779823957,7.7542031786
0.3648329922282812,0.870668811001,0.986889289457,4.07854830959,54.9817294746,66.451246651,54,-0.012876820054805985,0.03960503158282405,34,40.2750148779,33.6803750739,1.40574111863,-0.010015060394557625,6.78505316017
0.3512793036022449,0.858441688568,0.986207936842,4.07573246227,50.2006569605,61.5907435665,54,-0.03869144429336827,0.020663939763194597,35,38.332363384,30.6692713309,1.40505047588,-0.05261643410566253,5.99693014434
0.3192007318236251,0.861718464788,0.98542864836,4.07251187233,52.9971723022,64.3360035619,54,-0.02540594381511738,0.013788249286414015,36,32.0744276492,32.6954446722,1.40425997673,-0.02960428359026929,6.97075883121
0.6204686113628489,0.807411727541,0.984610180255,4.06912936353,52.383814532,65.1698458312,54,-0.025875919520619656,0.03291625804549516,37,33.910821498,32.524129722,1.40342906098,-0.045805522811779964,7.40292938166
0.1805961824034016,0.892070810729,0.983755926745,4.06559896326,53.5999722403,66.9896492139,54,-0.02434072060174596,0.010780608900751491,38,42.3009894406,33.0162690839,1.40256107858,-0.024410557728881437,6.16197726512
0.840868637033806,0.898713546448,0.982875870917,4.06196192895,53.734672716,67.3506779801,54,-0.045463225629447115,0.0534823836166711,39,43.0660313105,32.8623581856,1.40166609063,-0.050480341913909876,6.26709379232
0.5716162968427602,0.803145149245,0.981913048474,4.05798284245,50.0996817204,70.9851311164,54,-0.008730740566554478,0.0604636364241553,40,29.9735927169,30.7943947285,1.40068601331,-0.03879404045783444,8.2083539051
0.2658177566503853,0.872639361532,0.98099910968,4.05420577894,54.4744129216,71.7218679449,54,-0.054802327301320106,0.009665269567647163,41,34.2107759447,33.393128141,1.39975480622,-0.05425626817704981,6.66644849309
0.1451927071871471,0.890113032546,0.979990845523,4.05003889404,52.9027076691,73.8983384179,54,-0.029717484069585777,0.00621421760051763,42,41.1735366984,32.7553066187,1.39872648454,-0.029014789302320185,6.16728229222
0.5446186714985702,0.876488466651,0.978965278894,4.04580050268,52.6594280725,74.3264600314,54,-0.0703881347005314,0.025568665695254175,43,38.9449341528,32.3865143356,1.39767943023,-0.07922276051822497,6.93015584009
0.3111548969981821,0.816383431826,0.977846121988,4.04117532785,52.7000252575,72.1037175356,54,0.012798443205208865,0.014874998863408788,44,28.946401126,32.0583079615,1.3965355724,-0.005410411975346806,9.35147491069
0.22332094216829806,0.864872945322,0.976882820667,4.03719426227,55.9283932057,74.7699937983,54,-0.00665353526346412,0.016000525020753175,45,39.2347513957,34.5372529515,1.39554996117,-0.007947097499948083,6.56375191488
0.5539864520729153,0.864818201478,0.975981895313,4.03347097982,51.6487316835,65.0672024271,54,-0.00877465179897654,0.0718884618122179,46,39.9084596107,31.2453611794,1.39462729058,-0.047767422151081165,6.45376901362
0.3451347756600212,0.910628681595,0.97512943993,4.02994801073,53.588159223,64.6019566844,54,-0.061562921473045644,0.02052041709540344,47,42.9521389601,32.8591544268,1.39375347531,-0.07040961974717069,4.98741954331
1.5728712070420978,0.911338932862,0.974169961667,4.02598274482,56.6987659926,66.8100487304,54,-0.025670716725683898,0.2151995999080521,48,45.5035769395,34.7742684164,1.39276904127,-0.06510910612026924,4.85629428732
1.1756100984603663,-0.0212664131793,0.973210468538,4.02201741749,-3.05037490428,64.2419339368,55,0.01638522770323267,0.07233472986550847,49,-997.343768057,-8.32685688601,1.3917836219,0.031663159391816284,193.478203291
0.5811548602596496,0.0236686470596,0.97240522308,4.01868955434,-34.9886287905,41.9750612098,56,0.015041274623210638,0.07602576253706737,50,-999.892374639,-30.614118508,1.39095586798,-0.0002252240177090258,228.507741866
0.9022015563737588,-5.84612813044,0.971734145447,4.01591617076,35.9695759372,63.1257500601,54,0.005272859780625265,0.06576269638236383,51,9.77234065545,22.4511429752,1.39026550836,-0.011744301200264769,11.9166213137
3.218728539319199,0.675797260044,0.971145414548,4.01348310412,51.5975961686,72.7005038213,54,0.005187951808749805,0.3219272104031065,52,29.8654592043,31.7971526685,1.38965946882,-0.07278247196188228,9.40338789383
0.648172230332699,0.873121900747,0.970631286044,4.01135834913,53.5953080436,70.2113315107,54,-0.045350712693916516,0.02767291867451535,53,40.3920293598,33.1828771355,1.38912992439,-0.02418186653411002,7.04362134771
0.3212973277673338,0.859362976099,0.970006131281,4.00877475244,48.1860465361,62.3875345413,54,-0.024345522802126856,0.01818677145519514,54,36.1539519599,29.872245798,1.38848564661,-0.03744052324113344,5.94440441532
1.6627131488828313,0.888708667696,0.969350920746,4.00606694331,51.5451574286,69.691565075,54,-0.05728683428443463,0.11034026413328717,55,38.7526777888,32.0348667206,1.38780994787,-0.07982847381103583,6.39486962945
0.27440247220130726,0.854736835954,0.968572323626,4.00284921059,58.2367044081,72.4771590876,54,-0.011280792358461552,0.019816752499287674,56,38.7802300289,35.9728122001,1.3870064102,-0.0036879561323425168,7.80857578277
0.8259341104693294,0.828167196336,0.967825459045,3.99976261991,54.5759816747,67.9342534269,54,-0.011395255545138445,0.030663151338808325,57,29.2139748152,33.4876429943,1.38623501434,-0.02161554063435066,8.18063885294
0.9333288559370481,0.890981835749,0.967106734643,3.99679232504,59.2435706424,71.0627150771,54,-0.01968389683390901,0.05358935007547433,58,42.4926350499,36.2204863625,1.38549212067,-0.024750131590490377,6.63601610817
0.34769093558181746,0.915214504112,0.966384735103,3.9938084949,57.8134459837,67.6081400787,54,-0.031084118041357932,0.006301456455945655,59,43.4115251512,35.6433565773,1.38474528565,-0.030896127771876728,5.51767301176
0.4827219192419332,0.898455463383,0.965622682638,3.99065913679,57.4273497581,70.8206624078,54,-0.036095572670410817,0.022768138821688665,60,34.6364701203,35.1111833803,1.38395641445,-0.04733124402158528,6.37687955458
0.7327911788276998,0.880018032538,0.964810051962,3.98730075252,58.0486875066,71.0716326072,54,-0.02340526433567536,0.0238473358378031,61,37.4656769751,35.7794968495,1.38311449884,-0.022091946079270782,6.64723621767
0.7810789026005498,0.784912155083,0.963992050466,3.98392017209,52.191082089,70.9343242944,54,0.02437851427481601,0.04987619173802856,62,32.2654929073,31.71125577,1.38226630239,-0.014024158136981305,8.55305111907
0.4821219488217102,0.877916326781,0.963345386387,3.98124768317,58.7697021975,72.7947802816,54,-0.0376918650954837,0.035854273001102,63,44.9352354213,36.1962003515,1.3815952584,-0.0393698715562969,7.0820808509
0.4586267039553742,0.902118691421,0.962631412639,3.97829702148,56.2879459225,69.2437392348,54,-0.020784327485370804,0.00506977818534355,64,37.4861408045,34.669379642,1.38085384368,-0.02457401780721693,6.38165682638
0.9410001864295534,0.902824278333,0.961911499988,3.97532181589,56.9576056403,70.9152800395,54,-0.025835598094615525,0.05493244166673581,65,40.6221593173,35.0124699673,1.3801057048,-0.04679130580734979,6.53645222392
3.261540874252307,0.90996334734,0.961169606848,3.97225577085,60.4891938897,76.29530253,54,-0.022519910995246077,0.13534858254486287,66,42.718060099,37.0895561188,1.37933413758,-0.0291535935413528,6.81859142577
0.4790106151903059,0.710610150077,0.960418765232,3.96915274416,51.6755607373,68.9006256677,54,0.010330868004718833,0.012681543376911915,67,29.3619599107,31.9578999759,1.37855265735,-0.00020585961724008613,10.1378601198
1.9730316035061286,0.821596251227,0.959777151158,3.96650112556,54.9036648336,70.7883783531,54,0.014394127411411628,0.17454122720636325,68,34.3054193459,33.4241977992,1.37788437753,-0.04201938192439988,8.27285422687
0.4830409016085974,0.90430237672,0.959250221115,3.96432346525,63.5570146977,77.0817609913,54,-0.02634649414096703,0.02860340907456962,69,52.3708961854,39.2942349627,1.37733521386,-0.018777611737537607,5.71798821364
0.37727939485861134,0.902791769093,0.958679158781,3.96196341804,60.2034644485,72.2110306925,54,-0.02757660865212715,0.009006549126397995,70,46.4658633278,37.0526910034,1.37673971503,-0.032878548315720284,6.20881501922
0.5604027911082853,0.921683979856,0.958064421654,3.95942287464,60.2877163029,68.9114662771,54,-0.03535822960647008,0.02499025431936277,71,46.8030959228,37.3893489441,1.37609827592,-0.035579103283628184,5.30442199333
0.27345816106753723,0.916809189267,0.957385504352,3.95661709182,60.3769905391,70.8008003792,54,-0.014477152262544224,0.014154191687982261,72,43.5268455266,37.2880929388,1.37538939043,-0.02112316774832128,5.37327019703
0.22015140762579366,0.917623216496,0.956718708286,3.95386140281,60.3858702448,74.6946212253,54,-0.03430967456809372,0.006953875540973126,73,38.1544056574,37.0641000492,1.37469267173,-0.036665514252575755,6.00709944014
0.3163734293963169,0.925018492195,0.955996774973,3.95087784637,60.3857552005,73.6376776315,54,-0.046062806129867025,0.025500876002295964,74,51.3445127152,37.3169632477,1.37393779381,-0.05171502617816097,4.71545439298
1.5578740880454904,0.893199874549,0.955191028127,3.94754791112,58.0398257973,69.2413811052,54,0.012912826170081224,0.12092715828295089,75,42.5786868493,35.6667806321,1.37309460415,-0.04677757557920931,5.6917706776
0.8100932218064774,0.893498796113,0.954509311077,3.94473055769,57.540078155,74.6730445966,54,-0.03922763050608026,0.035910344197210536,76,41.4210497955,35.6094841634,1.37238065227,-0.06330251236611764,6.12210327281
0.9909766254449042,0.914142208867,0.953760623807,3.94163643434,60.8149457891,74.5934912593,54,-0.03771965164716456,0.04373259062934747,77,46.8831628117,37.3578764855,1.37159597574,-0.04370854986379574,5.99126263601
0.5831783100335971,0.887036738138,0.952957705977,3.93831819065,60.1704280368,76.4480939424,54,-0.0021459142471134487,0.024416514675702477,78,45.867925724,37.0679554906,1.37075377702,-0.016581559945933386,7.1819520189
1.0638506893964683,0.912232164643,0.952223243628,3.93528285507,61.1001091576,71.5762536074,54,-0.02839951624021475,0.07485462614934954,79,41.5762104279,37.3737437218,1.36998276113,-0.03679773490662382,5.86804773103
0.36393093528326637,0.903083923244,0.951461951725,3.93213664015,61.2985026081,74.2932165646,54,-0.004786636880166498,0.013066019996061789,80,46.7382693345,38.1560692604,1.36918295248,-0.008409534452956228,6.3151858841
0.8000923179246526,0.920551575106,0.95075585376,3.92921852695,60.7011553949,72.6991113555,54,-0.02714808887795541,0.052930421463100785,81,50.4511748922,37.4045604979,1.368440558,-0.049103486676823634,5.38114341173
0.1580350408542175,0.900651106934,0.950023704226,3.92619274961,60.1772399687,69.2071783852,54,-0.011042056241165384,0.007458116483551405,82,41.9895342246,36.5153589447,1.36767019032,-0.00639292634025465,5.79809907336
1.6998272715348932,0.893487791804,0.94932206511,3.92329306364,57.1638685165,66.621396454,54,0.0026998606924942244,0.0885157008092526,83,40.4112312776,34.4899176596,1.3669313684,-0.027522374686955547,6.75551145627
0.4883411882754471,0.917728699545,0.948696911696,3.92070947252,60.00185443,70.9397247564,54,-0.03533004653733807,0.016648820731944722,84,49.159127096,36.9784981487,1.36627262532,-0.03840769762983725,5.56020303401
0.6357027428520441,0.926069842452,0.948010241099,3.91787164742,57.8607963958,70.8343458285,54,-0.0476631720214734,0.03385935365455368,85,48.2499371845,35.9095281233,1.36554855927,-0.059720859568272125,5.26066118617
0.7272876199623052,0.927283270015,0.947231885971,3.91465491478,61.1286279971,72.7090985929,54,-0.04221136937785745,0.0693786649491459,86,48.5755484737,37.8056003385,1.36472718118,-0.04741273293091496,5.55504373953
0.21191730533474093,0.826048434149,0.946389808312,3.91117483403,54.9436884392,70.3459536522,54,0.02838925230868898,0.013825526815024719,87,28.5156837977,33.4692165271,1.36383779793,0.01982088151651144,6.95534168175
1.8132827583963405,0.866547552168,0.945732685713,3.90845912286,58.6483963787,72.4132892516,54,-0.000382000837896525,0.10688460105768718,88,42.7173252757,35.9985440257,1.3631432101,-0.030004071296965786,6.73212418344
0.42518907313939375,0.924696954932,0.945136827049,3.90599659908,60.8463529111,75.0774663825,54,-0.032388019291868735,0.012343584973916705,89,49.4487789041,37.6835537938,1.36251296176,-0.030216550048472544,6.0363400575
0.8115637863252974,0.927211097309,0.944488445291,3.90331701146,59.7449119552,75.9996104088,54,-0.033804950382686785,0.034065481538258495,90,46.8446400908,37.1466590494,1.36182670741,-0.045465858586412736,5.51365521216
0.2233673799201447,0.931023096377,0.943788869082,3.90042585093,61.7256972153,71.3229642039,54,-0.03573118359923771,0.009339788943893187,91,51.9043894846,38.3038303675,1.36108573972,-0.03408263093734915,4.79346679112
0.16268752859399205,0.893090563388,0.943037917764,3.89732237087,59.6978176152,77.6323138958,54,0.014433379705521667,0.003330135255016696,92,43.9154039235,36.8246887421,1.36028974577,0.009816710717507988,6.3802771704
0.5002317608198127,0.928845578474,0.942410281324,3.89472851808,62.366059,77.5659831804,54,-0.01906030078052077,0.015977012363841216,93,50.4237511772,38.220188558,1.35962397678,-0.027650506177073958,5.4253316333
0.28733924598489446,0.926647231827,0.941777431617,3.89211312025,61.8063344314,74.8921458037,54,-0.021948294949089182,0.0076513801661504625,94,46.9302354318,37.8331648726,1.35895222871,-0.022706052924072448,5.67282288404
0.47688130056269823,0.909393280656,0.941130218528,3.88943836242,61.4220528296,73.1756164454,54,-0.02840712246204002,0.013137860573804927,95,46.4628092681,37.9848447372,1.35826476737,-0.03157519148456996,5.85362133548
0.10359359453030012,0.923485688667,0.940449014223,3.88662312803,62.3258317245,74.2156920671,54,-0.03167069237360486,0.0017434368206772106,96,47.3026479578,38.6869467836,1.35754069014,-0.0333782397785218,5.69518595922
0.3213630958824873,0.940960329117,0.939727056171,3.88363946936,62.1535076667,72.7041239944,54,-0.023337103996148217,0.004697113643768049,97,52.3747708564,38.4301777962,1.35677272155,-0.026065389168876733,4.92808258999
0.35805163626300657,0.936227358171,0.938995375078,3.88061562796,64.1468123473,75.4523389457,54,0.009053324974698034,0.009920792706330528,98,51.4276193809,39.5483202823,1.35599380805,0.0036640191096245817,5.57377026465
0.1906843756374828,0.928348726875,0.93836598961,3.8780145469,64.2992287174,74.8242258588,54,-0.02283946197550904,0.0057753873860167185,99,54.6213836283,39.3365165621,1.35532330795,-0.02135729024738421,5.43558379273
0.20582621628568748,0.926233918894,0.937718923677,3.87534039724,64.6637226417,76.9944863101,54,-0.034495638337230156,0.006012564913834254,100,49.882221122,39.8738461723,1.3546335034,-0.036171993349565,5.74198759167
0.7055967486987784,0.926509979876,0.937018371607,3.87244520373,63.9513984018,74.2176864223,54,-0.019498112767805498,0.025009181378067014,101,53.7522945845,39.7192615531,1.35388614311,-0.03374959229237103,5.72408400125
0.4449785667933417,0.903840206119,0.936318517308,3.86955289392,61.9778928522,74.9066850685,54,0.008080152263796714,0.020607287936254323,102,45.8515501054,38.2225915027,1.35313896908,0.0036821619708321714,6.33761960196
0.46648196260470737,0.915811963401,0.935714559554,3.86705689878,61.0281049744,71.1126693301,54,-0.0018604397082040178,0.01650817443001997,103,45.7075224366,37.3726953173,1.35249372645,-0.004133035505398814,6.34590910834
0.299939721087558,0.920222886292,0.935162006017,3.86477334345,60.4852747878,71.8060360847,54,-0.009126090868351032,0.018629215509373978,104,47.1567429739,37.2221506973,1.35190303697,-0.010029032769175758,6.07286305903
0.6795520808536603,0.907830497594,0.934630425438,3.86257646372,60.227771497,71.3211269119,54,-0.02716230023833696,0.012693131870723413,105,41.0205419289,37.1418849433,1.35133443846,-0.031029649795034364,6.0483673259
2.40428629761932,0.920720096243,0.9340562074,3.86020337483,60.9853579551,72.3845723924,54,-0.048076657609555644,0.09809721508028141,106,42.8731359918,37.8118520348,1.35071986987,-0.06085951390266342,5.81026079502
1.0980570427631169,0.915968857094,0.933377272144,3.85739751782,61.6707134965,73.7673157209,54,-0.030617793534206284,0.08249632481514989,107,42.3009424987,37.7346035978,1.34999273791,-0.06971117123790235,6.97900703241
1.2328477653605476,0.941482735766,0.93266070119,3.85443612257,62.617175881,77.4705626762,54,-0.032149377259585374,0.07405475088752506,108,53.3057056726,38.8796614515,1.34922472461,-0.026848536836151654,5.12939752482
3.5309146403926013,0.935505747408,0.931905741864,3.85131607849,63.5159617467,75.3213217098,54,-0.026672479737092688,0.3316137674624959,109,50.8773625498,39.1976527026,1.34841492845,-0.046150851578849975,5.00160362473
0.9373159034072376,0.261715227873,0.931134001206,3.84812668167,39.2760012303,65.2569475517,54,0.028673503020890084,0.0321945932546637,110,17.4646123909,24.119093365,1.34758645369,0.02310662913142802,10.5658287783
3.9926683698901284,0.529130460506,0.930540057227,3.84567207077,36.6129491363,65.4943434055,54,0.044324802020121096,0.3989519537843686,111,9.07041115198,22.6163480593,1.34694837852,-0.08577561948955059,11.7235702033
3.4742869886356202,0.768679792505,0.930162787869,3.84411291786,62.357710545,72.3235422151,54,-0.02830288719236629,0.14797186597792547,112,48.8102088587,38.7353256853,1.34654286577,-0.018564916265820915,5.10921728918
1.2805362750311198,0.904065666653,0.929726145853,3.84230839372,60.7288744778,74.384131788,54,-0.025893546313476443,0.019804625040223057,113,47.2655527614,37.8644787512,1.34607333018,-0.02698256640994162,6.0540182235
0.33023216927064086,0.922689040372,0.929244117048,3.84031629816,60.9764078121,75.2467125262,54,-0.015079856291929025,0.01655653065242065,114,45.6988428475,38.0075021302,1.34555473252,-0.020758114450643884,5.91240043982
1.8495786813769786,0.927221034302,0.928757106788,3.83830361559,65.2255370856,76.9825171681,54,-0.006310913102275799,0.17717378998452013,115,53.1328739363,40.310891948,1.34503050222,-0.04052145117290309,5.45069835132
1.3301654637726221,-0.0263539732748,0.928295264085,3.83639494377,32.7150476029,52.8978998864,54,0.005924792525776973,0.10495613992040441,116,4.30688038002,19.7201609343,1.34453310891,-0.04922675029107635,11.9190521496
1.7414459375951212,0.677323833774,0.927898593091,3.83475560912,57.0157414454,72.3325477845,54,0.018813509150218066,0.1228821286762218,117,38.2982306201,34.5636823573,1.34410570635,-0.006687678446129554,8.73402583935
0.6744045173034514,0.924752803807,0.92760645186,3.83354826789,62.3875170111,75.5609008277,54,-0.026380721546730265,0.01559234770323593,118,51.1174884346,38.7230814095,1.34379081501,-0.022976441899997924,4.79960725536
0.9352486809803325,0.903336373671,0.927251719091,3.83208225265,59.7361412344,73.8563441239,54,-0.029293073283005108,0.04169889305197767,119,43.4296678135,37.0568734178,1.34340832456,-0.04732904316490647,6.66790863517
0.6742613907336433,0.926529963746,0.926831013946,3.83034359131,61.9122231334,77.2141683823,54,-0.024350082179846484,0.04631872235028931,120,51.2469223626,38.3267562778,1.34295450969,-0.022405454709966414,5.72905183856
0.14086154518528773,0.916631875686,0.926367582198,3.82842835239,59.4767513019,72.5336552366,54,0.014559207305842262,0.0041829225395639,121,49.395683089,36.6490265372,1.34245436712,0.013321957057164014,5.74321468282
1.9287358359676048,0.879397608304,0.92600018005,3.82690997801,57.6416534188,72.4574034875,54,0.01621169029838775,0.08257763627927414,122,38.5968456666,35.3560942383,1.34205768331,-0.015020700381322687,8.00927442952
1.3179034439129833,0.936988786462,0.925725410337,3.82577442861,62.6253585538,73.5497772457,54,-0.0071140410934533525,0.06371586480221034,123,48.2834451394,38.4225433084,1.34176091178,-0.00761568788222074,5.20036226323
0.9508400589341722,0.923885637737,0.925452239089,3.82464548523,57.983452448,67.2582996221,54,-0.02703528169309977,0.0297448845395244,124,40.0482081567,35.6873711026,1.34146577938,-0.034097196521381164,5.45180714179
2.190847929883025,0.90433825543,0.925111708605,3.82323816422,56.1244748038,67.498716946,54,-0.04442011665856438,0.04271621521981764,125,42.0717269397,34.8667554073,1.3410977505,-0.05097672129107702,5.92067723909
2.7002675802358396,0.927299876954,0.924653180492,3.82134319071,60.7215025437,72.8895630826,54,-0.030913288612811406,0.10791834027524892,126,49.7280923056,37.8169478331,1.34060198142,-0.030660047651321496,5.53842829152
2.7415448977891232,0.923541989931,0.924134011282,3.81919760384,65.5103246969,79.3961892465,54,-0.04159638961112161,0.13646157224223318,127,54.9969374813,40.2366559975,1.3400403492,-0.03127622542477543,4.79025219394
0.7262876199136858,0.744174645534,0.923526346246,3.81668628749,51.5547482392,71.9526335985,54,0.017249483401208247,0.04232418892929756,128,33.5853542288,31.603090009,1.33938258215,-0.003973605769997138,8.43649378595
3.0697498888473937,0.859608447508,0.923038048143,3.81466828261,58.8911393231,73.0650660223,54,0.028418323628352726,0.22038387057900932,129,43.3878983154,36.6478059153,1.33885371013,-0.0011251319083507285,6.91173856434
0.9656049543083427,0.937848309304,0.922697113557,3.81325929155,64.0950408567,75.9794050731,54,-0.036413450908652036,0.05417281268559782,130,56.6707524629,39.6577503186,1.33848428054,-0.023416114209608787,4.48182042468
3.5849448616923163,0.884417532904,0.922266250555,3.81147865052,59.6047352179,76.1818770658,54,-0.048038779779379245,0.07465442527344754,131,46.2783176863,37.0408281494,1.3380172111,-0.06709854647770618,6.09263781013
4.411165469622631,0.93508712042,0.921718451997,3.80921474624,61.4222102232,71.1142811139,54,-0.02902831226621014,0.18037082657926823,132,51.9722174891,37.7311113489,1.33742306455,-0.03826639378250038,4.43817235361
0.685097812702834,0.847967796722,0.921127267758,3.8067715406,58.4022539894,75.1189785677,54,0.0218754770621145,0.04731949279838414,133,36.6180022691,35.6592670958,1.33678146525,0.0021371569106939372,7.85772225239
1.6453992086975806,0.910439043673,0.920669253439,3.80487869046,58.1095373675,70.1066572888,54,0.006791626538366499,0.09821037167953586,134,46.6424538963,35.6339976711,1.33628410919,0.0010284034452149732,5.32901422791
0.5601183717727043,0.927000696436,0.92027889917,3.80326546114,60.5068066159,75.3730286002,54,-0.0408213559862041,0.014943892411252994,135,48.7522232474,37.4212277767,1.3358600296,-0.047895805921700604,5.34213903145
0.593122821232508,0.929114097454,0.919790837853,3.80124843483,61.3328796655,73.2898418177,54,-0.02598323241541436,0.025806896819503183,136,48.3451543391,37.8522425123,1.33532954826,-0.03568341516425635,5.53965312424
0.9473019042627372,0.898359708601,0.919263433336,3.79906881364,60.4066896739,72.1558635334,54,-0.020638154924975113,0.01760395983042824,137,49.8447767142,37.1574003556,1.33475598766,-0.030462388775114452,5.73593031695
0.6703305832973698,0.933280853691,0.918718102859,3.79681510929,61.6315717794,71.2529577938,54,-0.015991550303896842,0.016448351322905688,138,50.1371162719,38.2840455378,1.33416258617,-0.016635493483822598,4.04068432815
0.17921524152889293,0.906849920819,0.918171891885,3.79455776607,60.2069081497,73.0799175731,54,-0.044582382826881414,0.0075165961498356035,139,42.7205342278,37.1392912038,1.33356787338,-0.048952461698289616,6.30808612607
0.426492355458678,0.910960235174,0.917533063431,3.79191765969,59.0077161817,69.8274332974,54,-0.029656515595514677,0.02400030838952816,140,47.5537050728,36.6451001056,1.33287186994,-0.03710401548165256,5.34849387138
0.21028283451282762,0.904619642052,0.916858801651,3.78913111689,58.9895523467,73.5286506112,54,-0.00825705021817213,0.008847124672440197,141,44.158848938,36.275277409,1.33213673605,-0.00759243231739281,6.30653083014
2.6893048785054443,0.863202524416,0.916222347641,3.78650082344,57.7690763069,69.3478061212,54,-0.004574449564540942,0.07425569019230205,142,33.6915738808,35.53957431,1.33144232704,-0.03147195089639341,8.25475832828
1.9609818085407844,0.924038091955,0.915632287223,3.78406226225,61.8907052854,74.5490138206,54,-0.032056386195070834,0.04586435077941249,143,48.2987958154,38.1897672017,1.33079810514,-0.03346136307518555,5.46535763822
0.9885719386462352,0.942325019261,0.914993766839,3.78142342904,62.3029723525,72.9063623166,54,-0.021599606247449343,0.025850637276466016,144,49.1813234949,38.1370464347,1.33010050728,-0.021495968089252953,4.87694217104
0.6347544981179042,0.930585471891,0.914345486691,3.77874426135,62.0164753739,73.3225051909,54,-0.004317083617947598,0.014690953342261817,145,50.4989783385,38.4135575935,1.32939174845,-0.0037177838009651468,5.58872578459
0.9937241254996254,0.955656633104,0.913745653732,3.77626531287,63.9249697494,73.0282622445,54,-0.03529312154276263,0.02681491510122232,146,54.0890689838,39.2619881282,1.32873550876,-0.03618300094147881,4.61531493471
1.262941999801966,0.932104039145,0.913087964831,3.77354726133,61.9061054788,70.2519465809,54,-0.016512892295738015,0.08079560097472872,147,51.0847405853,38.3581319899,1.3280154772,-0.029134747160597253,4.52421215827
0.29818083767691433,0.932584299728,0.912439056679,3.77086549827,60.7159428398,70.4835672437,54,-0.026846700167492354,0.008360105363083237,148,50.8718750149,37.4982405208,1.32730455025,-0.0293845013915449,5.0273982532
1.1403205043696039,0.91716957746,0.911764380868,3.76807724439,61.4900351222,72.9663667449,54,-0.03842654187287969,0.051934707458643266,149,47.6897657036,38.168445642,1.32656485661,-0.04131764976109268,6.580019342
0.09799245149440897,0.918769351501,0.911030117195,3.76504272988,59.8701315149,71.7761876913,54,-0.011389828606182083,0.0037166104248296927,150,48.7932787282,36.8670622359,1.32575921043,-0.012262054227693301,4.76946149784
3.255444521960676,0.89150845124,0.910329305371,3.76214646289,60.4048398069,72.033163413,54,-0.004336889392094386,0.1414217436102916,151,41.071431568,37.1459729161,1.32498966231,-0.027284295304038475,6.89255054725
0.0776773942156672,0.937709487424,0.909682140843,3.75947190575,58.9023573059,66.4306820384,54,-0.03964529447150035,0.0017949156427759414,152,46.5918754767,36.6669835798,1.32427849694,-0.04005600627123576,4.17741647563
1.288742689946332,0.909986310794,0.908968651853,3.75652324743,59.1003176814,77.939832606,54,-0.03310801252790056,0.09801699019490903,153,49.6668270301,36.7359380673,1.32349386139,-0.04676768073539084,5.53974070185
0.22840734153187242,0.913155838847,0.908216650467,3.75341542772,61.0995817121,74.6295437018,54,0.0026788610266167377,0.011600030466948127,154,44.9001698051,37.3279672781,1.3226662062,0.0035602503168901084,6.42667712737
0.562813253856878,0.912865890293,0.907547084741,3.75064829245,62.131387418,75.4663795872,54,-0.013185250132336486,0.02083497037950892,155,46.8439678538,38.3939838919,1.32192870303,-0.019344322753634527,6.89123191969
0.4538975431246169,0.902318912255,0.906898708856,3.7479687291,61.2248015202,71.1068286202,54,-0.03294777858515231,0.012141450384503382,156,42.9103324766,37.7445387306,1.32121402099,-0.03573895620868412,7.2028134373
2.2586502028134054,0.930597781742,0.906205402992,3.74510348222,63.3587565451,75.8808024057,54,-0.034565089340733775,0.09997374672076807,157,50.4547229521,39.1786864117,1.32044924869,-0.038765500001759316,5.88415181834
2.331866772285634,0.895382348686,0.90546699433,3.74205183759,60.0552477868,77.9694540563,54,0.004226939742384279,0.1588247693178518,158,39.6350272349,36.3391588892,1.31963408067,-0.03456541171595786,7.37056288494
0.9835799374714252,0.895217688311,0.904814987782,3.73935726969,60.6377396723,79.2391397646,54,-0.011146134207157628,0.026022710252805677,159,47.5982656002,37.6386563572,1.31891374363,-0.0029522497962787215,6.38024885846
3.591754261881221,0.910042763436,0.904189265529,3.73677132771,58.9684078917,69.6760080418,54,-0.014086285716768471,0.09670832889542631,160,46.9531292765,37.0526020317,1.31822195722,-0.02193870614070293,5.35228504473
2.056955111157318,0.911513908683,0.903577420049,3.73424273471,61.8688204492,70.6479382577,54,-0.00888564545641861,0.05466384111443855,161,42.2823147454,38.0458795505,1.31754504963,-0.012322670099731628,5.90461488961
1.2676700727473351,0.897536127086,0.902995314768,3.73183704997,60.8241747072,75.1074091937,54,0.0027703628277397255,0.06981526748426645,162,46.5277613706,37.6647072308,1.31690061911,-0.027591501617207196,6.5545155264
2.3198054907086245,0.911851868918,0.902479436904,3.72970506534,61.6768051003,73.8544563744,54,-0.02487425984301067,0.08407461959625417,163,47.9573688789,37.896136306,1.31632915958,-0.02023060097252935,6.36732757511
1.013002585159028,0.877300873785,0.901930582888,3.72743679914,57.9731832137,69.240816112,54,-0.03483816061181231,0.02019346567524156,164,40.3345611042,36.2101570778,1.31572081222,-0.033686977817536906,6.80329326065
0.39264649636418253,0.923779828829,0.901319896465,3.72491299622,58.4223172427,71.7702224982,54,-0.026394366070193097,0.024745775172240057,165,48.8044995215,36.1911054884,1.31504349484,-0.03207445500939679,5.49724047719
3.85672528974886,0.937753919979,0.900681143305,3.722273201,63.2740258134,72.2914983007,54,-0.031990693206156044,0.24008942745790784,166,53.5485707591,39.348960422,1.31433455719,-0.047187847481140674,4.71481725044
1.29699989862115,0.244916542839,0.899999282727,3.71945525441,39.8786871532,62.0656815562,54,0.03222360979565193,0.0553304909908006,167,22.1759383417,24.0853858033,1.31357722058,0.004930926283522118,11.4970082565
2.3049947097899954,0.749061390187,0.899495725317,3.71737418692,54.1410061445,69.1211684179,54,0.02019558192862192,0.29235863580407834,168,35.2288347846,32.7330408131,1.31301755531,-0.029521189832573996,7.6418178337
1.220048585057797,0.921579506156,0.899110369253,3.71578161383,59.1351729598,69.4495474342,54,-0.03042874759099224,0.08631794418599739,169,49.3791388917,36.495568024,1.31258905007,-0.011185401951892424,4.81638986907
1.1249700489958905,0.903789939324,0.89866137413,3.71392603761,52.0600050156,61.1069015321,54,-0.03632674567865908,0.011017835989051492,170,43.5231588495,32.4973990685,1.31208954825,-0.048699990842329406,4.28731207093
1.6894593146169952,0.916487941144,0.89813642908,3.71175658074,54.2637493803,66.4434258418,54,-0.04529693209577115,0.12027285163824196,171,40.4845147048,34.0490296761,1.31150523646,-0.07665150024415282,5.78591129305
2.585309787596535,0.936142165722,0.897515706526,3.70919130118,61.5704379222,72.2342828927,54,-0.028321251816018047,0.13944547225857684,172,49.8075905415,37.9473530555,1.31081387474,-0.021344570751138135,4.91123495027
0.2525354342445539,0.815588577894,0.89686311755,3.70649432625,52.8320721303,68.3225683362,54,0.010005109151729547,0.011956581474512503,173,30.0821626839,31.6654676638,1.31008650436,0.01378418511757881,8.16094177817
4.849108832923683,0.729774021227,0.896308056096,3.70420040638,48.3230756644,62.5842663559,54,0.03404378159331321,0.28813869701258793,174,24.1785500698,29.1141715739,1.30946742071,-0.056122488800110136,9.33475927764
3.7158963467157506,0.873038265832,0.89592329803,3.70261030466,62.0063582607,72.2287781451,54,-0.022074887149817823,0.10359895353984204,175,51.1210425769,38.1229582846,1.30903805866,-0.005938575329216297,5.58294961377
0.9558884444203927,0.902314022295,0.895503129222,3.70087385985,55.9175511133,66.1350230364,54,-0.03483368207323624,0.03598574236221785,176,45.4116514513,34.9802218535,1.3085689701,-0.04364031124259334,5.28890751744
1.7693389957123569,0.925520288915,0.895009989401,3.69883584545,58.3545537605,70.0144089151,54,-0.01663316861958815,0.07423295717720961,177,45.2580478947,36.1077947246,1.30801813378,-0.02419592268819424,5.29071894886
3.4148779353413103,0.920462640156,0.894510109938,3.69676997792,64.2356194229,76.9155476677,54,-0.025786470889550314,0.17198894244759835,178,46.6205153327,39.5914643794,1.30745945944,-0.04002936336059014,5.99760687675
0.523100627502871,0.689260452286,0.893974434975,3.6945561772,49.5635076502,62.430993525,54,0.001826279025317928,0.011207362545519697,179,32.3060161463,30.1012779268,1.30686043276,-0.001341408146695489,7.10991504576
1.1469068787192445,0.743317847868,0.893497235097,3.69258403831,49.8865977461,73.3785252789,54,0.02371599772300959,0.05825787566831736,180,28.999384987,30.3441059921,1.30632649435,0.001758769084996837,10.9313141947
1.3817928286576566,0.848198296274,0.893146928711,3.69113631612,60.1809636877,73.6260820559,54,0.001186004974096222,0.08829614159489194,181,31.2611585236,36.9389736962,1.3059343554,-0.005635539857051173,7.72324417002
0.9812968620153689,0.921883851192,0.89283479578,3.68984635457,58.8706036654,70.0924864241,54,-0.021780597328334032,0.04712543755003738,182,47.9951395162,36.1448022871,1.30558481886,-0.023142535779790835,5.49680360665
0.5717752660896727,0.916796133975,0.892480679608,3.68838288757,58.1339441933,72.2588858064,54,-0.018997059487537552,0.024218322114140704,183,47.1407742561,35.7194598283,1.30518812014,-0.017224387795384828,5.45353445446
0.929400927639077,0.923685885993,0.892097883559,3.68680089433,57.5924716193,69.5961887668,54,-0.05072471738094239,0.053367428308114334,184,47.1982680591,35.2141031522,1.30475911571,-0.07343911019159974,5.28947490239
2.3892471788636467,0.92696590349,0.891587361144,3.68469104234,58.4022190249,68.0448799558,54,-0.038060380035193984,0.10756745228366106,185,43.3100475438,35.8660118798,1.30418668016,-0.0781824343657395,4.88715776759
2.300995058763894,0.927836840138,0.891003314436,3.6822773342,64.8611778365,75.0997139344,54,-0.02107125401730908,0.17324933603622905,186,46.2170458238,39.7136730372,1.30353140159,-0.009126269903259224,6.39148623705
2.0019314310600014,0.86485301891,0.890407509917,3.67981503418,59.2152459173,72.0884839329,54,0.026383720839559154,0.1967526608196444,187,41.0479157607,36.5649249103,1.30286248847,-0.041355499994191615,7.60899898787
3.9963556253738535,0.922273807625,0.889959048135,3.67796166211,63.7837158202,76.0306684826,54,-0.0003284603824862163,0.20504357111161525,188,46.3527571205,39.3722060301,1.30235870256,-0.0064361664471421776,6.11487482087
1.7704799897553676,0.905632831607,0.88955336097,3.67628506605,56.6490298103,66.5162920507,54,-0.027749327969451093,0.05533994828735963,189,45.2469396676,35.5313131983,1.30190274938,-0.004340441614796652,5.34915246511
0.8097692097566699,0.889515377699,0.889096307067,3.67439618505,52.6453077848,67.4970588069,54,0.0016013219556290398,0.03046834132875824,190,43.3758696318,33.2469732514,1.30138881578,-0.0024747474774095587,5.93655555463
1.7579322581976422,0.884264429848,0.88868931152,3.67271418179,53.7151221751,67.7805097764,54,-0.007842407312089957,0.0920892982021193,191,38.0908385818,33.4704282858,1.3009309478,-0.020221204611389387,6.47084336892
0.3210610676653541,0.906718041258,0.888296043261,3.67108890973,60.1708078132,71.466739996,54,0.0039757726753797545,0.015011136973329352,192,46.3572613071,36.6248186712,1.30048832371,0.0010866836615104037,5.8386950609
2.198409627199849,0.908920282216,0.887954563827,3.66967766696,59.8218084738,75.2307849526,54,-0.01892192785279255,0.17739056106615606,193,47.8270719448,36.8758495376,1.30010382904,-0.05665230361182603,6.46415936285
1.130167889452305,0.911050734262,0.887583562419,3.66814441781,59.2289658966,71.358488551,54,-0.046276784442936154,0.04959602085798812,194,46.4846614923,36.629042241,1.29968592598,-0.06609854570454818,5.84968562588
2.0007818163623656,0.92597166837,0.887097724958,3.6661365821,63.1711486554,74.6745216061,54,-0.015853167372766475,0.15419627571916733,195,46.6478425436,39.1973286009,1.29913840516,-0.016195187388483974,6.51084201797
3.188575853869776,0.715963386506,0.88660709342,3.66410893376,50.0860885654,66.3023493528,54,0.03418370761599682,0.10128761784966461,196,34.6413623716,30.0549686125,1.2985851772,-0.0044333249418777,7.81887060991
1.5825591648979074,0.896211295479,0.886280176301,3.66275787314,62.9676387416,69.785987219,54,-0.01859207659516923,0.04887849597849964,197,55.3814144769,38.5621876639,1.29821638091,-0.016933034708355926,3.66112417045
1.7070896772782789,0.936423590683,0.885923768731,3.66128493639,60.1860382371,70.6489575207,54,-0.025160517688165185,0.03816255376404005,198,49.3031456288,37.0171974139,1.29781416132,-0.03476532871678328,4.80335970803
1.0513942286205888,0.928250042457,0.88551932066,3.65961346117,59.5149907707,71.0950167462,54,-0.045782617154883354,0.0411693369614816,199,49.7189167493,36.8881487941,1.29735753013,-0.06251587920845932,5.27938226712
