Entropy,Iteration,AveragePolicyStd,dLoss,AverageDiscountedReturn,AverageReturn,MaxReturn,StdReturn,NumTrajs,ExplainedVariance,MeanKLBefore,Perplexity,LossAfter,MeanKL,LossBefore,MinReturn
1.4189385332,0,1.0,0.0125751097486,-925.906019797,-997.874400441,-995.295926381,0.797011985403,594,1.61548552313e-11,0.0,4.13273135412,-0.0125750974639,0.00682797824562,1.2284675212e-08,-998.779444663
1.426289222,1,1.00737777143,0.0541267945129,-923.874931789,-997.870228167,-994.953005312,0.812325102417,579,0.917613316205,-4.08264059192e-09,4.16322170144,-0.0541268325982,0.00998865876704,-3.80853330246e-08,-998.801938118
1.44912055208,2,1.0306421132,0.0439717409535,-920.029508102,-997.741706921,-993.853215152,0.868621618251,553,0.879492553887,1.43694230438e-08,4.2593669761,-0.043971713554,0.00865816588026,2.73995345218e-08,-998.773317602
1.46648231967,3,1.04869211864,0.0553684692408,-917.479349205,-997.586989788,-992.820711711,0.993004679496,537,0.870378718889,3.75894189386e-09,4.33396279952,-0.0553684876652,0.00991039605169,-1.84243271716e-08,-998.738168624
1.47442797272,4,1.05705785397,0.0490196686594,-911.613990171,-997.533962487,-992.266180284,1.1562518333,503,0.861260920336,6.30052630207e-09,4.36853613623,-0.0490195984716,0.00858044367192,7.01878044853e-08,-998.77328965
1.4790592499,5,1.06196473568,0.0582009583499,-905.097238632,-997.300991208,-992.435402508,1.25672521988,470,0.834785178583,5.65980445844e-09,4.3888149601,-0.058200958035,0.00972546327052,3.14909836176e-10,-998.743916229
1.49062862321,6,1.07432234923,0.0493976559783,-895.77531583,-997.211179204,-990.915359564,1.48121361855,430,0.767130836927,-1.01619042209e-08,4.43988565709,-0.0493976643967,0.00855921379706,-8.41837381034e-09,-998.753601123
1.49043430461,7,1.0741136087,0.0408108899984,-885.470151792,-997.032436399,-991.663369366,1.47637490251,391,0.752668885221,-1.003465884e-08,4.43902298858,-0.0408108571264,0.00768255104896,3.28719767554e-08,-998.802392907
1.48611785545,8,1.06948724383,0.0391453276955,-872.576483224,-996.794001245,-989.155639223,1.79360473535,350,0.635921458239,-3.64910033301e-08,4.41990346542,-0.0391452138614,0.00922729542069,1.13834098985e-07,-999.957472189
1.48337152674,9,1.06655410983,0.0374429055829,-854.872388699,-996.78306479,-989.55203057,1.78622940553,306,0.665608380723,-3.10213676691e-08,4.40778161054,-0.0374429188724,0.00879035050981,-1.32894527284e-08,-998.711980201
1.48022049366,10,1.06319865191,0.0176658861722,-834.412537001,-996.670289654,-989.889710557,1.78262084091,264,0.510964039908,4.64983803475e-08,4.39391440439,-0.0176658688213,0.00466875255678,1.73509397994e-08,-999.998190209
1.47580672129,11,1.05851627614,0.0248076302784,-810.983825484,-995.931348754,-982.539632708,3.13936967306,232,0.503323454012,-5.04129234885e-09,4.37456340325,-0.02480759291,0.00643099948387,3.73684096352e-08,-999.999585972
1.47041929959,12,1.05282893639,0.0223982352953,-768.024894712,-995.774540143,-982.395017191,2.97597694758,185,0.290406549234,-1.1495214329e-08,4.35105915595,-0.0223982612053,0.00898184561447,-2.59100571792e-08,-999.999239033
1.4644789107,13,1.04659326258,0.0128154474536,-705.265674295,-965.390455308,15.4998179065,167.01456205,140,0.0949212930073,3.65160617091e-08,4.32528879127,-0.0128154149353,0.0089952641565,3.25183357034e-08,-999.996583248
1.45773208215,14,1.03955584409,0.00961934395429,-710.510095577,-968.438045753,9.54213956418,163.608781971,145,0.0866047218517,-7.17035999673e-08,4.29620503123,-0.0096193196096,0.0058452104047,2.43446953167e-08,-999.999697495
1.45114291905,15,1.03272855884,0.0160221598738,-670.881028912,-919.354979957,19.0750525441,265.609636454,132,-0.102059496618,2.06625499141e-08,4.2679896954,-0.0160221382616,0.00595615759832,2.16121821075e-08,-999.999585978
1.42938128001,16,1.01049746258,0.00251916523128,-550.505043019,-761.852693122,23.9162868936,425.167784495,103,0.20901470363,-3.46866043666e-08,4.17611454686,-0.00251917495649,0.00197532552055,-9.72520969564e-09,-999.999436893
1.42307470347,17,1.00414473602,0.0265203294708,-475.796933832,-665.360435645,33.8841037212,471.474344552,91,-69.760934378,4.50461639457e-08,4.14986043462,-0.0265203207591,0.00587002562736,8.71172437523e-09,-999.996762784
1.42899718209,18,1.01010940714,0.0124741686585,-577.715987712,-777.144622512,18.6448911262,414.44667335,110,-10.990987751,-1.39309717061e-09,4.17451081797,-0.0124741721621,0.00664558548649,-3.50358998523e-09,-999.999693573
1.3976016946,19,0.978889181366,0.0129135465052,-532.544410241,-720.714970267,19.9743698766,448.400464134,102,-28.3859164702,-1.60972266662e-08,4.04548601204,-0.0129135433274,0.00902558747333,3.17781219717e-09,-999.997611491
1.38978006392,20,0.971262536986,0.00588239716216,-513.464910201,-693.071573793,30.6836642853,460.89267418,99,-0.655186662648,-3.40368306699e-08,4.01396713969,-0.00588239981098,0.00494238218044,-2.64881479769e-09,-999.999436456
1.38375638126,21,0.965429545372,0.0125622458311,-501.345995868,-650.504947101,16.8835389713,477.016814716,101,-6.68237017195,7.80639140135e-09,3.98986095236,-0.0125622551457,0.00619339294395,-9.31464137597e-09,-999.996711059
1.36347581147,22,0.946047290014,0.0139945446547,-493.631216206,-659.286270201,26.5248841107,473.744344645,98,-97.6623297108,2.74941292441e-08,3.90975929793,-0.0139945424089,0.00851406840553,2.2458668664e-09,-999.999169787
1.36186368464,23,0.944523370504,0.0121079983817,-386.914603982,-500.46285671,33.7041432655,502.778416728,83,0.11015463899,9.53643351786e-09,3.90346134798,-0.0121080102134,0.00925707482634,-1.18317286445e-08,-999.999426372
1.36170158609,24,0.944370277037,0.0210974983725,-372.516997645,-509.558028951,43.9756172976,504.560492226,81,-301.094643808,-4.1735794265e-09,3.90282865381,-0.0210974981534,0.00788578714034,2.19074705723e-10,-999.999010674
1.39581218808,25,0.97713901922,0.00973407536069,-366.921889063,-528.276061867,46.4847299368,503.478266952,78,-21.112305401,-2.99054515249e-08,4.03825306207,-0.00973406997904,0.00288361713947,5.38164512396e-09,-999.99791586
1.38834899365,26,0.969873586127,0.0073842897887,-227.131155174,-312.817037904,35.7587272416,471.653239613,68,-4.7413683433,2.18868502003e-08,4.00822697892,-0.00738429366578,0.00609030486806,-3.87707537459e-09,-999.994708577
1.38389732017,27,0.965565621547,0.0112275829093,-208.582357366,-259.392254951,29.5030088446,447.881919473,67,-0.0738408195889,-5.68991467831e-09,3.99042331863,-0.0112275837664,0.00701660305982,-8.57116605021e-10,-999.992930129
1.36912417858,28,0.951406032233,0.0151128534921,-206.76606163,-270.596913482,38.9037947346,457.80137121,67,-34.112818407,2.33880454378e-08,3.93190553991,-0.0151128570554,0.00776544955681,-3.56333849468e-09,-999.995883728
1.37556125297,29,0.957550057199,0.00735406998081,-172.902027049,-255.733191752,41.1226594635,448.556791626,63,-7.62716328795,7.00226306799e-09,3.95729714453,-0.00735406997676,0.00401828833146,4.04258651963e-12,-999.996695877
1.36569926589,30,0.948153123284,0.0103742522362,-115.895116302,-166.243575371,40.9761980066,393.127131603,60,-7.60217985753,2.28053445017e-08,3.9184621411,-0.0103742545677,0.003031646534,-2.33149841994e-09,-999.998839232
1.37527474834,31,0.957275753974,0.0151136317632,-145.919579576,-228.991772887,40.3055535667,435.984814168,61,-9.38806628603,-2.18243373443e-08,3.95616352299,-0.0151136297178,0.00818465326684,2.04536146693e-09,-999.988064618
1.36013332828,32,0.942890421677,0.0228718543284,-84.7368383359,-113.489531682,51.5137528198,348.984448687,59,-12.8362651527,-1.65474145497e-08,3.89671280917,-0.0228718521134,0.00981801568695,2.21492609894e-09,-999.987099877
1.37301594837,33,0.955115899787,0.0222543977652,1.52842419996,7.52884745084,51.1108308179,138.624062921,54,-7.64971096958,1.31832269337e-08,3.94723742587,-0.0222543959387,0.00972872344904,1.82641035822e-09,-999.813041163
1.37415251582,34,0.95620207056,0.00797834149646,16.1202881644,25.9218392501,47.4109287713,7.94187803081,54,-1.85066713612,1.9748658292e-08,3.95172627788,-0.00797834034556,0.00708226269255,1.15090065399e-09,10.72418964
1.38077876418,35,0.962559141467,0.00377729946971,6.36987130158,9.83791345008,48.7095232505,138.221653482,54,-0.0141010833529,3.6675164225e-08,3.97799834414,-0.00377731241031,0.0093318694689,-1.29406033443e-08,-993.047018948
1.37985018714,36,0.96166574601,0.00846817002187,19.0305888091,30.1868171397,61.2456090094,9.23310134457,54,-54.1834772877,-8.12952807155e-09,3.97430618072,-0.00846817183098,0.00471497598592,-1.80910727718e-09,10.8219281772
1.37583463712,37,0.957811871997,0.010331215542,2.05442126723,-7.6043475274,47.8205517494,189.682245171,54,-0.00142442700898,3.06431766836e-08,3.95837915475,-0.010331213105,0.00809091106652,2.43697032355e-09,-973.856235194
1.37335146664,38,0.955436412388,0.0035950773602,19.7900251242,31.0030875902,53.6235321291,10.6894445902,54,-127.840831297,-7.40659737708e-09,3.94856201835,-0.00359507517227,0.00976693648384,2.18793262704e-09,12.7890576431
1.35506446733,39,0.938123133807,0.00513835256291,-21.9083412049,-44.569968308,46.5278995013,264.02322204,55,-0.51249335126,-2.06284803683e-08,3.87701088911,-0.00513832943057,0.00821938464945,2.31323339292e-08,-988.400172897
1.3519784741,40,0.935232554615,0.0119746044592,20.29468028,30.99058879,50.7007706134,8.7895285149,54,-457.961328309,1.38855161258e-08,3.86506490185,-0.011974607456,0.00716699727918,-2.99677539711e-09,11.9040314265
1.35409833564,41,0.937217221007,0.00875077754557,22.9223001942,35.4896096428,47.9098946454,8.60841787548,54,-1.5181133007,3.94890173339e-09,3.87326699488,-0.00875077250348,0.00855194796843,5.04209590343e-09,15.3778491397
1.34967200531,42,0.933077955634,0.0128670602827,22.5125654563,35.8298475389,57.060888406,8.9059376971,54,0.609695706373,-1.9917959268e-08,3.85616052309,-0.0128670800079,0.00925854407385,-1.97252550058e-08,20.9339223462
1.34442785456,43,0.92819756211,0.00998798557884,23.9803449761,38.76599652,63.8350352914,9.19775779406,54,0.660753438341,-1.48358155483e-08,3.83599116775,-0.00998799693514,0.006548710639,-1.13562998994e-08,21.3531226527
1.34138931407,44,0.925381476803,0.0135079212147,24.5344854171,39.5596265484,59.7655418496,8.46288416494,54,0.704328551739,-3.51989551395e-09,3.82435304371,-0.0135079060214,0.00738897363055,1.5193238475e-08,22.010266084
1.34009187742,45,0.924181631486,0.00917628750664,28.5201882894,45.8116771767,60.2695900639,8.75561408503,54,0.762135380131,2.52173593396e-08,3.81939440534,-0.0091762966885,0.00645737021306,-9.18185262801e-09,22.7611844212
1.32927154078,46,0.914235581959,0.0103272386893,29.4397472459,47.4325187598,63.428331523,7.75278885647,54,0.808687132432,-2.60438935695e-09,3.77829005461,-0.0103272202842,0.00957607373509,1.84051257021e-08,27.5701716744
1.32393944337,47,0.909373762146,0.00968474359597,31.1817572114,49.9779071744,68.2109111501,9.46605845978,54,0.765507354762,-9.68335643614e-09,3.75819745944,-0.00968472005021,0.00843182619958,2.3545760672e-08,33.0122655721
1.31393445356,48,0.900320849594,0.0123715359293,33.7069022265,53.8783545464,70.9968987611,7.91086965703,54,0.832666289036,-3.75173355716e-08,3.72078420389,-0.012371528669,0.00737957064937,7.26025888651e-09,42.1710700936
1.30504569485,49,0.892353576833,0.00847162398772,32.4135793436,53.7022242387,70.4888861102,9.64941362687,54,0.788234331622,1.35069762597e-08,3.68785760594,-0.00847161835266,0.00759189194902,5.63506755909e-09,34.8043198734
1.30131220146,50,0.889028192168,0.00887533172076,34.1343349185,55.6988907299,70.7387433978,6.10693703404,54,0.86884913121,-4.10735850886e-09,3.67411468447,-0.00887531518585,0.00960917310402,1.65349098044e-08,40.616745131
1.29968904032,51,0.887586326663,0.00429693360309,33.6410260009,54.7025697334,67.9073117888,8.97341871608,54,0.83652843654,4.02910530772e-08,3.66815584169,-0.00429690997849,0.00592195529631,2.36246023629e-08,26.5451383572
1.28699775113,52,0.876392891716,0.00968334471864,33.7027505775,55.3308296092,74.5850983932,7.52269410534,54,0.835214281057,-1.13801326695e-09,3.62189638212,-0.00968335978334,0.00791563052294,-1.50646976715e-08,39.793031609
1.27550396397,53,0.86637748607,0.00667796042604,35.7830734139,58.9576647847,70.3353043284,7.9032549068,54,0.865751506042,-9.35220023646e-09,3.58050540119,-0.00667790852666,0.00971400989223,5.18993807755e-08,43.0385978129
1.26883168592,54,0.860616017026,0.00729454208352,36.5871520048,59.9203821802,74.8482245028,7.62417115306,54,0.88695649099,1.57975635351e-08,3.55669479743,-0.007294528348,0.00860304965833,1.37355211272e-08,42.505906284
1.26450385227,55,0.856899462183,0.00949602340606,36.8377142254,60.0651348159,72.0156459392,6.15084511303,54,0.912846189924,-2.44817194572e-08,3.54133527469,-0.00949600825293,0.0068390769317,1.51531294209e-08,47.7601809402
1.25954470112,56,0.852660487775,0.00952400186147,37.9375463373,61.8907755866,76.5996230112,8.00478947872,54,0.881879054511,-3.25938186441e-08,3.52381673225,-0.00952402233527,0.00571185049872,-2.0473801971e-08,38.9387443325
1.25822077765,57,0.851532377475,0.00727390159158,36.9757881155,60.2296124057,75.9065250601,8.64888469542,54,0.860092031757,2.86322853205e-08,3.51915455544,-0.00727387519133,0.00615670337885,2.64002494278e-08,38.8331463843
1.25457497014,58,0.848433506719,0.0108177774904,38.5746661274,62.6975107188,77.2277269663,6.52060788093,54,0.922040515483,-1.47466344136e-08,3.5063477551,-0.0108177841152,0.00822997348164,-6.62484375926e-09,50.3533047827
1.24928425326,59,0.843956538865,0.0122667039695,38.9684354561,63.4134654152,76.5505728658,6.52772263076,54,0.92887434639,-6.33974989173e-09,3.48784564969,-0.0122666980953,0.00687384152969,5.8742303634e-09,53.2589055133
1.23374030067,60,0.830939548274,0.00763275598791,39.2561552817,63.6421650618,77.4742678173,6.12744573629,54,0.925318253157,-2.15691076111e-08,3.43404992453,-0.00763275607866,0.00613543471042,-9.07522198679e-11,47.772987601
1.22601950242,61,0.8245487345,0.00444104906692,40.1127707324,64.5654520187,74.0462143821,4.30243853253,54,0.95094037768,2.56234211626e-09,3.40763840807,-0.00444107652284,0.00564983453109,-2.74559224003e-08,55.1579446099
1.22165583147,62,0.820958514111,0.0068732678015,38.6874291609,62.7787634767,73.9660741071,6.40826086936,54,0.92419950745,-2.73112520377e-08,3.3928009917,-0.00687328413452,0.00727940752832,-1.63330145961e-08,51.8412509349
1.21370522751,63,0.814457276725,0.00734303844531,39.0782968107,63.2598829143,75.5617331797,6.06708941009,54,0.924350373957,2.42275732254e-08,3.36593312411,-0.00734304604732,0.00686114636686,-7.60201729532e-09,51.3967279961
1.20971474125,64,0.811213672233,0.00890520708733,39.9315191857,64.5037940234,75.167603394,4.91083424396,54,0.932222669327,1.64307082107e-08,3.35252817813,-0.00890521906541,0.00937079533194,-1.19780770938e-08,55.1495266867
1.20762607529,65,0.809521086086,0.0062489788281,38.9973787085,63.5560338678,75.2578494822,5.46529970107,54,0.935318877409,8.12790948435e-09,3.34553317429,-0.00624895932605,0.0076067098441,1.95020479864e-08,50.0908804646
1.20568795575,66,0.807953656882,0.00808886684212,38.9113521992,63.4602984033,72.14058921,5.3914849695,54,0.913201042946,3.24494237036e-09,3.33905541047,-0.00808883500176,0.00892890846327,3.18403638385e-08,40.7576843231
1.20552320852,67,0.807820559713,0.00886745384723,39.6761655712,65.1981147583,77.6573107689,8.1294745728,54,0.889209564036,4.33131949751e-09,3.33850535563,-0.00886742015212,0.00595538515967,3.36951133364e-08,39.4125588126
1.19267840757,68,0.797510621723,0.0104166910273,38.6681922734,63.2307148582,74.8082021635,5.73450064347,54,0.910694744768,2.48727515806e-08,3.29589715164,-0.0104167142815,0.00867524714577,-2.32541507545e-08,50.7911913245
1.16139234676,69,0.772945925863,0.00712911101748,40.3219846166,65.7196051585,78.6259992089,6.70390236426,54,0.914800149669,2.01385525478e-08,3.19437786285,-0.00712915029521,0.00711901505718,-3.92777343176e-08,46.7934113893
1.16092769875,70,0.772586861504,0.00936372351878,41.4176771172,66.7093709652,79.6414670753,6.1718278951,54,0.928250998616,4.23532966476e-08,3.19289394632,-0.00936373639774,0.00840515821112,-1.28789634029e-08,53.7807299228
1.15780450477,71,0.770177686987,0.004619286846,40.7088893385,65.9778316716,80.3681900048,6.96313542718,54,0.916258760102,-3.9152194764e-08,3.18293747526,-0.00461929629166,0.00715658175446,-9.44565789612e-09,52.1968215376
1.15160448923,72,0.7654173457,0.00980302344971,41.2126994752,65.7705054568,79.7692746339,7.41282265481,54,0.896047540404,-3.11350040194e-09,3.16326426356,-0.00980298777578,0.00759000916292,3.56739296173e-08,51.8266272462
1.14826376809,73,0.762864566236,0.0090501252994,41.8545926208,67.0942242513,81.5400601564,6.36441718745,54,0.924563689063,5.17364643349e-08,3.15271431183,-0.00905012415765,0.0086855547221,1.14174863755e-09,54.1191359803
1.14459867849,74,0.760073716723,0.00784300181071,41.8983665536,67.3291523417,79.2209659672,7.24209806538,54,0.901445868002,3.60710483704e-09,3.14118048055,-0.00784294193759,0.00691988882431,5.98731170511e-08,51.7028705366
1.14148525967,75,0.757710968931,0.00352897504313,41.1223446121,66.4114866878,77.3160902731,6.8026255861,54,0.913966092678,2.88522558067e-08,3.13141587866,-0.00352897988129,0.0088875384625,-4.83816109989e-09,51.4687709287
1.12810169234,76,0.747637651978,0.00416257614155,40.2611691441,65.2160047547,76.5310905404,5.92761472849,54,0.932532003906,-1.03356688763e-08,3.08978556585,-0.00416260698385,0.00591316294862,-3.08422990492e-08,54.0245924238
1.12460215463,77,0.745025838559,0.00488185906502,41.2225415635,66.8851488798,77.0832354386,5.73144932678,54,0.925286453443,-1.26304592896e-08,3.07899164264,-0.00488189284115,0.00806502666607,-3.37761289916e-08,51.5348604784
1.12339694871,78,0.744128469876,0.00350630588165,40.3914310267,65.4636982564,79.3203715512,6.89161360935,54,0.91344650632,-2.68326023622e-08,3.07528305895,-0.00350631633881,0.00701383720946,-1.04571565891e-08,50.0375669581
1.12168483509,79,0.74285552741,0.00835067889156,41.7277607345,67.8610560023,78.7126694665,7.38722700388,54,0.918666988252,9.29644172754e-09,3.07002232971,-0.00835070124165,0.00831331358991,-2.23500894457e-08,51.9487449474
1.11864833607,80,0.740603268548,0.00612579081516,42.8742990673,69.0507609725,80.509537463,6.83390705989,54,0.929240326277,4.66461730353e-09,3.06071434889,-0.00612582797533,0.00895307961181,-3.71601670665e-08,47.9946828812
1.11057995333,81,0.734651839409,0.00999982213465,41.3149705115,66.9365632028,78.2297183952,6.81737382457,54,0.918391378957,5.33377826906e-08,3.03611869109,-0.00999984159916,0.00571800645945,-1.94645189872e-08,51.9742749614
1.10999004616,82,0.734218590823,0.007096215557,40.8291739074,66.73322674,77.4981914296,7.43602663494,54,0.916915072442,-1.37136310085e-08,3.03432819107,-0.00709621888839,0.00787006295537,-3.33138590717e-09,50.6781531894
1.10674487128,83,0.731839785,0.00155295788023,43.7210793136,70.8133641231,82.4609519955,5.49913596134,54,0.946280233312,-1.33966802096e-08,3.02449722566,-0.00155298502104,0.00935933929035,-2.71408099409e-08,54.5726666152
1.10550831332,84,0.730935381976,0.0104306249569,43.4398056425,69.4650456198,81.0975880354,5.29032806171,54,0.94122643192,-1.08331088544e-09,3.02075957093,-0.0104306545469,0.00682748448917,-2.95899894968e-08,53.8777134938
1.10062061324,85,0.727371505725,0.00306742226608,42.6521478606,69.1303742913,82.5355352153,6.71273601308,54,0.92481979241,-2.71632655258e-09,3.0060310278,-0.00306745148804,0.00704478848182,-2.92219579271e-08,55.3653139969
1.09835608377,86,0.725726215125,0.00954324735044,42.8487097107,68.8667377759,81.2850565262,6.67281456445,54,0.920731791832,-3.48974133479e-08,2.99923148375,-0.00954330570826,0.00915236573191,-5.83578194326e-08,53.8270370721
1.09451411738,87,0.72294334866,0.00779378620866,42.2558477842,68.8343118123,80.1826429332,6.15979419269,54,0.934835436488,-2.45507908447e-09,2.98773064426,-0.00779374113812,0.0091245573581,4.50705375696e-08,53.1028166227
1.09187509193,88,0.721037998005,0.00484426838769,44.7079036825,71.9895734982,80.097431105,5.16256011633,54,0.960807604316,-2.46100184675e-09,2.97985634187,-0.00484423019752,0.00803209629942,3.81901734097e-08,57.8435472185
1.0891939558,89,0.719107386249,0.00800693557384,42.3779119015,68.8662665068,78.858892575,6.69701685048,54,0.93688844428,-1.8192552631e-08,2.97187764213,-0.00800694868603,0.00638004809349,-1.31121908599e-08,53.9508877832
1.08650787248,90,0.71717839577,0.0102818746646,42.4261290012,69.1082345517,77.3530882088,5.86277898527,54,0.947910686637,1.91356192003e-08,2.9639056427,-0.0102818521768,0.00826342307345,2.2487725194e-08,57.7523172403
1.0830407001,91,0.714696120367,0.00789713513608,44.3125175571,71.575858364,81.3521540654,5.25549404564,54,0.956186847692,-1.7228709237e-08,2.95364706531,-0.00789707278738,0.00662779888471,6.23486969207e-08,55.2647423051
1.0794450499,92,0.712130937635,0.00771844986818,43.602592832,70.3229245652,82.6107017268,5.53828052603,54,0.949885619665,3.08770580215e-08,2.94304585421,-0.00771846197854,0.00750740856011,-1.21103595358e-08,58.286447333
1.07577689065,93,0.709523513099,0.00693805547663,44.740961742,71.6050743941,82.9579074596,6.14921667606,54,0.948787059526,-4.37547502674e-08,2.93227006907,-0.00693809043913,0.00821455915723,-3.49624992115e-08,54.0424707346
1.06832881345,94,0.704258558431,0.00834159014863,42.3754839911,69.4604284978,80.3556381448,4.98993406336,54,0.953786795225,-3.40550804223e-09,2.91051142584,-0.00834158173409,0.0067993483829,8.41453439582e-09,56.6374738314
1.06528620495,95,0.702119031876,0.00768930740562,42.546128622,69.4201619542,82.6142639231,5.6563132632,54,0.94913233638,1.73886796073e-08,2.90166933736,-0.00768933520409,0.00702370337152,-2.77984649987e-08,56.4746861483
1.05459524764,96,0.69465268957,0.0160520574639,44.0874933346,71.390215396,80.4095270266,5.55332220139,54,0.956419646248,-2.39763209842e-08,2.87081295041,-0.0160520213917,0.00947419794695,3.60721873629e-08,54.3547646912
1.05334441437,97,0.693784338067,0.00807391235059,43.0529361635,69.81909322,81.7930023895,6.1497668401,54,0.941961489598,3.62453324576e-08,2.86722428693,-0.00807393436915,0.00885185537677,-2.20185572708e-08,55.0991872934
1.05044342651,98,0.691774594652,0.00356472146351,44.5250999333,71.6000347575,83.8547826842,5.25299463371,54,0.95013061169,1.38292196583e-08,2.85891855731,-0.00356475221381,0.00787592296766,-3.07502964798e-08,61.0496691922
1.04687289967,99,0.689308999253,0.00838456786333,44.085735095,71.5362381092,82.754644672,4.85452728161,54,0.960403624768,-7.11828240796e-09,2.84872891389,-0.00838454298472,0.00694402401731,2.48786051225e-08,63.2373978276
1.04179082884,100,0.685814768581,0.00891895091226,44.8606696407,72.4979456232,82.0707861542,7.26352243141,54,0.945702928671,5.72466244408e-08,2.83428819724,-0.00891904268666,0.00952197791245,-9.17744010171e-08,54.3278717823
1.04180674328,101,0.685825683026,0.00195973473453,44.1244304224,71.168296303,83.528739958,5.83332703489,54,0.943332062793,4.66907432162e-08,2.8343333037,-0.00195970745806,0.0085184042206,2.72764677496e-08,60.3616573936
1.03756477012,102,0.682922590658,0.014478518858,44.049577181,70.424618172,80.9758442226,6.71256256951,54,0.938915315685,1.45142929897e-08,2.82233560285,-0.0144786139551,0.00920757792884,-9.50971077704e-08,56.9228314301
1.03494040741,103,0.681132703763,0.0104449134264,44.3808529714,71.8691565368,83.7623367006,5.56176160312,54,0.953867069061,-3.99050411048e-08,2.81493848116,-0.0104448669157,0.00927823407898,4.65106528722e-08,57.8795807859
1.02465508952,104,0.674162941925,0.00812220467615,43.4299275989,70.2004563348,82.2668686863,5.85091199966,54,0.950355144043,-3.70259499172e-08,2.78613432788,-0.00812225382537,0.00898531671197,-4.91492166081e-08,59.4010791017
1.02103374972,105,0.671725984023,0.00593009941042,45.0249733502,72.6799493432,85.2178185812,5.20910812182,54,0.956352722086,6.66180072217e-09,2.77606303555,-0.00593013724686,0.00953824208364,-3.78364340508e-08,60.2101862269
1.01501308455,106,0.667693896891,0.00851900520868,45.0438710283,72.9651316705,80.6388189744,4.44153606447,54,0.965407599443,4.01808439854e-08,2.75939950264,-0.00851901049203,0.00903897824153,-5.28335760313e-09,59.68069959
1.0133134581,107,0.666560030534,0.00988932375817,43.9217841667,71.2549201701,81.7734766298,5.12484936308,54,0.963575676973,1.8425648951e-08,2.75471353759,-0.0098893661,0.00673190410486,-4.23418288655e-08,56.7858215534
1.01188121809,108,0.665606039924,0.0107481632206,43.458554238,70.6007138023,79.4894115027,6.47500375319,54,0.939294673136,-3.35682735497e-08,2.75077095069,-0.0107482192338,0.00656667585228,-5.60132658068e-08,52.6471116128
1.00919626726,109,0.663821317454,0.00573579179261,44.5595379313,72.1303915928,83.091604869,5.27018019585,54,0.964448017639,4.13539715804e-08,2.74339517218,-0.00573580174874,0.00719369234861,-9.95612569534e-09,62.006900998
1.007783816,110,0.662884364049,0.0074005090091,44.6462401572,71.9632596528,84.9789658189,5.53303203221,54,0.953085311354,-1.89115164639e-08,2.73952299546,-0.00740048863629,0.00750832957755,2.03728117781e-08,61.1947266527
1.00273777618,111,0.659547848328,0.00410675744297,44.5667224993,72.4253921184,82.6778196125,5.07823691155,54,0.95998131477,4.09370181087e-08,2.72573407233,-0.00410680659969,0.00517669830266,-4.91567270854e-08,60.7136271277
0.998568461078,112,0.656803710088,0.00710697125434,45.4424314688,73.4462917029,82.82118967,5.39947452916,54,0.964392214731,4.19268378349e-08,2.71439328619,-0.00710689784709,0.00864366821055,7.34072411817e-08,60.5728098312
0.994341538089,113,0.654033310644,0.00804888368304,45.311254613,73.1044734496,84.4982039012,6.06847388232,54,0.953341617062,-1.57445937954e-08,2.70294396954,-0.0080487875509,0.00905638433377,9.61321343088e-08,58.6925133467
0.987080321449,114,0.649301433469,0.00781302776843,45.1630934208,72.9047936421,85.1414496161,5.11882635285,54,0.962697484445,-3.14672177204e-08,2.68338839237,-0.00781303912455,0.00855729877281,-1.13561215883e-08,60.6464852054
0.982813075918,115,0.646536608118,0.00772699042934,44.859393744,72.2518961072,83.0295817526,6.44398779078,54,0.944945479583,-4.33697592284e-08,2.67196211196,-0.00772699341988,0.00646222186561,-2.99054775903e-09,54.1731171273
0.982148424524,116,0.646107029437,0.00434532692296,44.4550822311,72.1908315032,80.157191174,5.09788080632,54,0.964958916319,-2.51268724716e-08,2.67018677867,-0.00434527835197,0.00878288228225,4.85709893034e-08,62.0186052407
0.982256159919,117,0.646176641783,0.0104900607714,44.5546021378,71.6523497238,81.6152832684,5.38647439139,54,0.957248443796,-7.98182397954e-09,2.6704744678,-0.0104901270524,0.00903316040364,-6.62810125271e-08,57.381339915
0.978733704227,118,0.643904517271,0.0084210795337,44.9168433591,72.3198176554,83.5098029146,6.32432509217,54,0.94870593247,-2.27472402026e-08,2.66108438759,-0.00842101655343,0.00703306383751,6.29802615505e-08,56.2260696264
0.976587370771,119,0.642523965555,0.0048483861326,44.3562384022,71.9884319595,82.520687683,6.15637149074,54,0.954266495083,-2.15692448902e-08,2.65537893822,-0.00484838165641,0.00586247664537,4.47619658726e-09,54.7229541723
0.972475544351,120,0.639887442715,0.0062087485842,44.5860861308,72.4123130141,82.4187062584,4.81829025187,54,0.960393136907,1.91526248194e-08,2.64448289762,-0.00620877664167,0.00931898370334,-2.80574663326e-08,61.9564751897
0.967771843809,121,0.636884671408,0.00905538460401,46.3562491689,75.0582877848,83.0350441651,5.29493693428,54,0.971320345245,1.25667838913e-08,2.63207325049,-0.00905538574491,0.00660631258831,-1.14090370028e-09,60.3130874967
0.966123179334,122,0.635835527357,0.00921328469207,45.5187372533,73.3971536532,85.2772246779,5.5934709402,54,0.959298832765,1.70273189437e-08,2.62773741997,-0.00921325317401,0.00990044925935,3.15180556357e-08,60.1556188517
0.964030281442,123,0.634506180102,0.00765939642276,45.8230995597,74.1289256829,85.3523057021,6.01434082672,54,0.960347410982,-1.18825481121e-08,2.62224358489,-0.00765936212004,0.00821313890128,3.43027196117e-08,56.4365276851
0.963620022672,124,0.634245921767,0.0121688517294,44.849975224,72.8650925514,80.456311166,5.43810392201,54,0.963285605442,1.71672716598e-08,2.62116800711,-0.0121689356485,0.00973106527646,-8.39190798859e-08,51.7446639823
0.961598829168,125,0.632965282675,0.0055154604953,46.0441859776,74.4497807726,86.2841871136,5.95867613333,54,0.95964012045,-3.92470671517e-08,2.61587546978,-0.00551547135653,0.00786041554501,-1.08612255999e-08,54.0967786312
0.956461534637,126,0.629721891851,0.0087701896748,46.5005864216,75.1295404511,82.6488301142,4.81085183866,54,0.972118066945,-2.39438208705e-08,2.60247140683,-0.00877020824441,0.00865525245273,-1.85696168521e-08,61.4902440855
0.954039082664,127,0.62819826701,0.00651532695555,46.3013044669,74.4800325095,83.1803687527,4.71250517957,54,0.964687231585,-1.00618761101e-08,2.59617467468,-0.00651538720308,0.00644316198273,-6.0247532269e-08,62.8420316524
0.952611432212,128,0.627302059359,0.00581689918541,46.1611787346,74.5403252157,82.9523626307,4.93304238597,54,0.969455338985,-7.14590675521e-09,2.59247088922,-0.00581691347673,0.00739644147223,-1.42913223339e-08,62.926002018
0.950404510635,129,0.625919179423,0.00679697780792,46.4590699792,75.3000705961,83.3825655468,4.91470612271,54,0.977664144982,-2.01261069477e-08,2.58675581795,-0.0067969570196,0.0089507358193,2.07883168826e-08,60.8404126651
0.94916455521,130,0.625143548514,0.00612221138899,45.264702001,73.4196647134,83.4574213913,5.39538553941,54,0.965323996942,-2.10665475064e-08,2.58355034377,-0.00612217761519,0.00915417801828,3.3773809687e-08,59.6670959157
0.944508717197,131,0.622239746479,0.00694772571017,44.8066753555,72.611213448,83.7034709872,5.57402504389,54,0.952627942626,2.97359875612e-08,2.57154971005,-0.00694772602032,0.008725666756,-3.10153805166e-10,58.3707336718
0.941121742862,132,0.620135801443,0.00460622796285,44.2605131246,71.564093996,83.9283514431,5.96551044315,54,0.955691148768,-2.47039620982e-08,2.56285467044,-0.0046062616812,0.00818977224182,-3.37183416079e-08,53.2737343709
0.937719450134,133,0.618029503069,0.00634073167915,46.1077017439,73.8153449758,85.1301085068,5.81186460132,54,0.943683458631,-5.87267525165e-08,2.5541499051,-0.00634076230315,0.00714824857322,-3.0623996517e-08,60.7554792891
0.935144320863,134,0.616440044614,0.00682228917353,45.8718743458,74.2701946221,85.2298440605,4.66121018236,54,0.968171868999,3.618458988e-08,2.54758110031,-0.00682230281683,0.00718593889881,-1.36432989506e-08,64.7728356972
0.933476851123,135,0.615413006009,0.00703534639942,47.1027984779,75.5546508848,84.5404298222,4.9835282876,54,0.970130917424,2.63362715525e-08,2.54333662567,-0.00703533957961,0.00820199624917,6.81980206026e-09,65.695585169
0.931665823597,136,0.614299484728,0.00712633696023,46.3106057597,74.6878121978,85.0953994767,4.94235296209,54,0.972257058278,4.86285550716e-09,2.53873474136,-0.00712639678218,0.00871893017181,-5.98219411111e-08,61.2992857921
0.924286589759,137,0.609783109373,0.00581322611117,46.0376729257,74.2089860796,82.8205524329,4.54316543792,54,0.965870759259,-1.07058528709e-10,2.52006977532,-0.00581321280323,0.00674190771511,1.33079447744e-08,59.1154268253
0.920023754972,138,0.607189237274,0.0111349728648,44.3711850144,72.1766347197,84.0416563905,4.68278207003,54,0.969918740069,1.15937217604e-08,2.50934999877,-0.0111350488267,0.00798638625435,-7.59618579511e-08,62.7915410865
0.917170242208,139,0.605459084715,0.00793421055077,46.0788295864,74.528653701,86.0530858086,5.10193926461,54,0.969400538518,2.92593439477e-08,2.50219974304,-0.00793426466118,0.00545806461443,-5.41104029467e-08,63.9568367409
0.912629381555,140,0.602716012049,0.00749363915781,46.5745049551,75.4082586524,84.7836155856,4.21413642314,54,0.973476594042,3.56198612828e-08,2.49086336063,-0.0074936958277,0.00697521327076,-5.66698901007e-08,59.617890519
0.907149390119,141,0.59942216683,0.00614242160814,45.629431236,73.8989717898,86.1567658868,6.3240858536,54,0.947821643524,-3.6057918873e-09,2.47725078321,-0.00614242713507,0.00639607058369,-5.52692939166e-09,55.7240194611
0.898911670583,142,0.594504577804,0.00992290879854,45.3660275018,73.9302459613,82.3000368609,5.24860215071,54,0.967826109351,4.51897520515e-08,2.45692770886,-0.00992289159447,0.00878019920336,1.7204064595e-08,56.8820219
0.897022620576,143,0.593382589008,0.00388051083203,45.8657551023,74.2270657604,83.1355203332,5.27176681063,54,0.964879273303,1.21759557992e-08,2.45229083058,-0.00388055648207,0.00898364891841,-4.56500358191e-08,64.388711955
0.895229891676,144,0.592319767851,0.00633857487798,46.4195406989,75.3867773335,85.4946882808,4.61079136346,54,0.974954838639,5.23384762197e-08,2.44789847626,-0.00633859503123,0.0087304005105,-2.01532560976e-08,65.1304047106
0.892658785719,145,0.590798807081,0.00876141302708,45.6461159015,74.0013190193,83.376942222,4.91543797301,54,0.976813862273,-1.4563317996e-08,2.441612754,-0.00876133629221,0.00645552101388,7.67348697881e-08,60.837344721
0.891985014814,146,0.590400878106,0.00701749325025,46.3283118751,74.8231450669,85.1549152871,5.20717331483,54,0.964611375518,-2.69886285542e-08,2.43996822045,-0.00701748891119,0.00712496857814,4.33906283266e-09,61.7656498247
0.887353912729,147,0.587672992801,0.00530361591063,46.2666892718,75.1161397815,84.367894131,4.43479394618,54,0.972940091089,2.51328069467e-08,2.42869460332,-0.00530362268951,0.00919490970859,-6.77887535985e-09,64.2818061027
0.884809271234,148,0.586179476756,0.00838695095559,46.7613123856,75.4473266029,85.1457167992,4.70379029282,54,0.969668277053,4.86621244411e-08,2.42252230273,-0.00838696187121,0.0076012210669,-1.0915619802e-08,66.5089948434
0.883622363943,149,0.585484148787,0.00845944469855,46.0459359369,74.2195275493,82.3158628151,4.67330752666,54,0.969190372432,-1.7444556244e-08,2.41964869903,-0.00845948673497,0.00954480650022,-4.20364209308e-08,62.1333515972
0.882522777456,150,0.584840712151,0.00982386556028,46.5095725408,75.4549033032,82.4796617383,4.1966918257,54,0.975516874825,3.87739573782e-09,2.41698954827,-0.00982384248448,0.00980827104627,2.3075800245e-08,63.1103769552
0.881477550405,151,0.584229740176,0.00908969451552,46.9965180256,75.6368769291,83.2641793087,5.20604157791,54,0.966763187506,4.31805443624e-08,2.41446456524,-0.0090897957965,0.00990449515697,-1.01280983545e-07,64.8073462836
0.87844474687,152,0.582460570283,0.00903345453236,46.5150319867,74.6694406417,85.4598758229,4.76839796093,54,0.968560048718,3.50803713856e-08,2.40715306135,-0.00903351269551,0.00829512837647,-5.81631479631e-08,64.5876166612
0.865431383985,153,0.574929905428,0.00636493625639,47.6275722075,76.7920168692,86.7619282324,5.46256248347,54,0.968008734653,-2.0907069076e-08,2.37603084658,-0.00636487633649,0.00894059711601,5.99199067502e-08,64.2161295255
0.861720577615,154,0.572800405397,0.00873891643978,46.4782738706,75.3944611884,86.3680953973,5.23267856721,54,0.972078487282,-1.60751962852e-08,2.36723019504,-0.00873893400357,0.00670566084894,-1.7563788048e-08,65.4370667582
0.860081747907,155,0.571862451859,0.00897899538095,45.1591825195,73.845494418,84.9523646392,5.47220857891,54,0.967127213269,2.08610761998e-09,2.36335388504,-0.00897897575113,0.00680269049329,1.96298225615e-08,61.6603760721
0.860232428449,156,0.571948626896,0.00622151613247,47.2458677033,76.5633373063,82.4514948332,4.31691735137,54,0.976548476909,2.97828562923e-08,2.36371002332,-0.00622140422123,0.00781802144111,1.11911238462e-07,65.3978891262
0.859609142679,157,0.571592250529,0.00983345337926,47.9525483802,77.1071336758,86.8534822234,5.04837685115,54,0.968856360809,5.1225211295e-08,2.36223721553,-0.00983351666637,0.00722609367615,-6.32871061061e-08,63.9616311979
0.859167412656,158,0.571339816829,0.0032022991148,47.8276039366,76.954142014,86.9010126562,4.83442082233,54,0.973970730237,4.86471216643e-08,2.36119397487,-0.00320227244776,0.00711933899893,2.66670348073e-08,63.5514024796
0.8539425291,159,0.56836241787,0.0082726091043,45.7054914499,74.5424681338,84.5540793705,5.48751634438,54,0.965115787822,-2.82782686156e-09,2.34888918484,-0.00827266974168,0.00828900167598,-6.06373802815e-08,61.5193979373
0.852993325132,160,0.56782318197,0.010750560176,46.4175542045,75.4287431039,83.1115014603,4.73099852097,54,0.970300957371,-9.1599977603e-09,2.34666066773,-0.0107504993169,0.00890644455903,6.08590987558e-08,62.7465660875
0.849676803487,161,0.565943103481,0.00936987459119,46.3136599763,75.0079697593,84.9188525817,5.09992423116,54,0.966899718914,1.90365244679e-08,2.3388908084,-0.00936982202846,0.00921733824438,5.25627308601e-08,61.7204060293
0.845279411214,162,0.563459893476,0.0079143201937,46.6446807045,75.3222856941,85.5289697497,4.78191039175,54,0.96539927618,-3.20250133079e-08,2.32862836856,-0.00791441224137,0.00936867427056,-9.20476698403e-08,62.025873268
0.842378035921,163,0.561827454167,0.00513803501606,47.1157503371,76.2078881112,86.4016876766,4.40268005506,54,0.975767998629,2.72777169741e-08,2.32188193544,-0.00513807673736,0.00569838826924,-4.17212973125e-08,65.9982051519
0.841291562456,164,0.561217375024,0.00689940217663,46.6224496811,75.7003959577,84.7985199605,4.82916049276,54,0.970556366522,-3.4521560166e-08,2.31936064224,-0.0068994046698,0.00693324677962,-2.49316907714e-09,57.3437433857
0.836944536108,165,0.558783043193,0.00470938011606,46.9655873547,75.9355455367,84.0226638705,5.11807988971,54,0.969764294357,4.01346145207e-08,2.30930020276,-0.00470937982327,0.00822292341256,2.92790313246e-10,57.6299890116
0.833322540659,166,0.556762794428,0.00659585510608,46.9355931962,75.9240276308,84.7843185523,4.30449841224,54,0.976508373282,3.82963026846e-08,2.30095105734,-0.00659584135628,0.0090702796038,1.37498028696e-08,65.3294980976
0.831607655424,167,0.555808828338,0.00573840120208,46.9588512863,76.4010440378,84.9669035049,4.54014149572,54,0.976389841901,4.73203344287e-08,2.29700857177,-0.00573830959238,0.0064177625915,9.16097003527e-08,61.0717299893
0.829788521665,168,0.554798656832,0.002144029187,46.2644086441,75.0958410438,87.2394215031,5.54457079904,54,0.962610871077,-8.05101552093e-09,2.29283380431,-0.00214399317929,0.00825756526595,3.60077165556e-08,57.6939825077
0.827646032709,169,0.553611279262,0.00572885285587,47.213857822,76.2578335355,83.490000563,4.42871025195,54,0.971989046558,-6.8833848621e-09,2.2879266918,-0.0057288655676,0.00568732630277,-1.27117232224e-08,66.8681269361
0.825755254167,170,0.552565511904,0.00605771876892,47.7540731486,76.8948731905,85.3914051225,4.07779164232,54,0.977164153405,-1.24198815676e-08,2.28360481625,-0.00605778106427,0.00808587336378,-6.22953414079e-08,64.7309406468
0.821637646097,171,0.55029494156,0.00787987479711,47.7528135641,76.8546036863,83.6616206317,3.36115453543,54,0.980153018736,7.13013614817e-09,2.274221159,-0.00787986164745,0.00830343756683,1.31496633187e-08,67.1747808985
0.817925528425,172,0.548255968778,0.00912840732883,47.0984398496,76.2073431208,83.2366180354,3.34287700611,54,0.980103476941,1.16047474963e-08,2.26579463225,-0.00912847801491,0.00881847802542,-7.06860734946e-08,65.9930401735
0.81474836244,173,0.546516832787,0.00587092086754,47.66119241,76.84726187,85.5529220054,3.69552882772,54,0.980163357494,2.44220380585e-08,2.25860725042,-0.00587097107133,0.00892745469301,-5.02037888405e-08,67.1482298685
0.808730558294,174,0.543237877476,0.00969744109434,48.1701354197,77.6114915288,83.9199417506,4.12246814967,54,0.980913731326,-4.55261730536e-08,2.24505620899,-0.00969745197828,0.00998356156175,-1.08839383608e-08,66.9558190379
0.806191221613,175,0.541860163587,0.00884841280952,47.4407591568,76.6967101791,84.9291051184,4.90833717874,54,0.972978037697,2.295294943e-08,2.23936248761,-0.00884842876794,0.00753014848389,-1.59584135311e-08,62.1230661849
0.802822009462,176,0.540037593776,0.00701902558751,47.1597683204,76.7440246573,86.0299882264,4.756053969,54,0.977739559854,-3.94171618678e-08,2.2318302962,-0.00701901198602,0.00708452635091,1.36014872972e-08,60.9456917652
0.800301865476,177,0.538678334766,0.00677313779257,47.5497143425,76.9673137826,84.4823882498,4.7120744038,54,0.976005365844,2.87713853853e-08,2.22621284387,-0.00677311020279,0.00941103767737,2.75897815262e-08,58.0328508623
0.795767561334,178,0.536241332591,0.00983254312017,47.2059274515,76.1369559763,85.6606375768,4.84955828427,54,0.9690475646,5.86516144541e-08,2.21614136858,-0.00983241429007,0.00868869827872,1.28830102364e-07,58.3741037404
0.794474855798,179,0.535548578312,0.00896621232986,47.9541629902,77.1178495348,85.8643076608,4.11803636574,54,0.975939705701,-7.11984082802e-09,2.21327840125,-0.00896622486016,0.00955872245825,-1.25303037365e-08,64.2690263622
0.792353884119,180,0.534413898682,0.00748513951252,47.4984674964,76.9071534125,85.3934295649,4.06815401087,54,0.97581839621,-4.63331665257e-08,2.20858907516,-0.0074850734567,0.00670135650877,6.60558239272e-08,67.5486389164
0.790934041875,181,0.533655653674,0.00654649628501,47.8309775617,77.1920616055,85.1091447737,3.73072426913,54,0.98077475735,-2.87380396147e-08,2.20545545224,-0.00654656094131,0.00666454481582,-6.46562972277e-08,69.85023818
0.790062085527,182,0.533190532052,0.0129814037898,48.1713561875,77.5081653281,87.3004335374,3.88539841723,54,0.978691375865,3.16490867958e-08,2.20353322953,-0.0129813671629,0.00934837949684,3.66268567413e-08,70.2786302694
0.788274482626,183,0.532238250514,0.00656357659247,47.6678481408,77.0837298316,86.5103771672,4.84744441671,54,0.975752677113,-2.45534990118e-08,2.19959770576,-0.00656358087327,0.0067835571408,-4.28079802232e-09,66.6014667949
0.782666281599,184,0.529261705743,0.00773632934178,47.9185732737,77.3178371239,84.1018562488,4.04901999864,54,0.978748389789,1.00284014426e-08,2.18729644586,-0.00773631285005,0.0097194894029,1.64917335296e-08,67.4042873515
0.778245405096,185,0.526927069476,0.00761398484764,48.0882165615,77.7136757142,84.4687502979,3.92656506494,54,0.981993463184,-3.94675201409e-08,2.17764802136,-0.00761409325593,0.00835044781275,-1.08408289771e-07,70.9181457306
0.775735155481,186,0.525606009791,0.00783246133425,48.4431794127,78.1311148303,86.2935884139,3.96395502398,54,0.982119766988,7.15854218125e-08,2.17218843658,-0.0078325116756,0.00889128389314,-5.03413516881e-08,69.5814627932
0.772769407171,187,0.524049503899,0.00607519747288,49.1309429905,79.1821334353,85.3202814274,3.52150491599,54,0.987658959194,2.11675306172e-08,2.16575581588,-0.00607522060432,0.00956763450387,-2.31314397006e-08,71.2602005564
0.769895688432,188,0.522545694817,0.00749291776406,47.4339934126,77.07806037,84.5369284653,4.05074659599,54,0.979021565525,9.9614061444e-10,2.15954097693,-0.00749289938971,0.00961523678126,1.83743425572e-08,64.2449940817
0.767586187261,189,0.521340267426,0.00537467188376,47.3918181343,76.6839178116,85.7815699017,4.14520469373,54,0.97845430782,-2.60910568706e-08,2.15455926936,-0.00537463941918,0.00985057055018,3.24645801424e-08,63.4124358591
0.763742760557,190,0.519340379993,0.00986740192114,47.9722970494,77.2995281728,84.2236391832,3.40625629168,54,0.983368936727,2.70373883282e-08,2.14629427186,-0.00986737272873,0.0095506041185,2.91924158422e-08,69.8833644576
0.762393132585,191,0.518639936464,0.0100056146662,48.109445246,77.7358801205,83.9273655778,3.19236881521,54,0.985896597461,-4.84770817932e-08,2.14339952693,-0.0100056552815,0.00980675270854,-4.06152917646e-08,69.7632972181
0.757902339834,192,0.51631605394,0.00860963016223,47.7458723748,77.2948016332,83.571698407,3.51960565608,54,0.984439039107,2.40846153021e-08,2.13379554476,-0.00860962976338,0.00907209053253,3.98850138734e-10,69.1432133162
0.754017368692,193,0.514314072309,0.00568375584218,48.4630123658,78.3280129926,85.2866795828,3.87341108518,54,0.985990329426,-3.50935607241e-08,2.1255218925,-0.00568375345499,0.00942177322774,2.38718710783e-09,68.4387415709
0.751364127535,194,0.51295128175,0.01056044984,49.2620155996,79.0586642842,86.3492582158,4.49372917729,54,0.978856320416,-6.676409392e-08,2.11988984523,-0.0105604530648,0.00663108527411,-3.22476709657e-09,64.0579477672
0.748680368799,195,0.511576489897,0.00556327606824,48.2635868138,77.9500311918,86.4706024805,4.10011834631,54,0.981203740679,-1.95982943207e-08,2.11420819983,-0.00556338500538,0.00653889878117,-1.08937142129e-07,70.0556839604
0.747512236971,196,0.510979250011,0.00616754051607,48.2549461253,78.0070064778,85.5204339821,3.84040160696,54,0.983374043668,-1.60397040094e-08,2.11173996783,-0.00616752564302,0.00934815097998,1.48730537466e-08,70.2242139104
0.742998317617,197,0.508677928782,0.00655210671834,47.9260219244,77.8124175625,85.5638474704,3.78831287875,54,0.98451368026,-4.81619639725e-08,2.10222922543,-0.0065520548598,0.0093440550911,5.18585432413e-08,68.401163793
0.736228660482,198,0.505245983266,0.00677361673396,48.1683342355,77.9467020203,87.144938392,4.15299831179,54,0.983721431835,-2.44100519797e-08,2.08804591659,-0.00677359758194,0.00709441225937,1.91520245873e-08,69.9864655378
0.735015586752,199,0.504633454233,0.00767221894123,48.479600315,78.191658857,86.3805946543,4.12128747427,54,0.981446401543,-7.61674033845e-08,2.08551449865,-0.00767221648792,0.00800384305013,2.45331001322e-09,69.5973619654
