MaxReturn,AveragePolicySurr,AverageAbsY,AverageY,AverageQ,QFunRegParamNorm,MinReturn,AverageReturn,AverageEsReturn,Epoch,PolicyRegParamNorm,AverageDiscountedReturn,StdReturn,AverageAbsQYDiff,StdEsReturn,MaxEsReturn,MinEsReturn,AverageAction,AverageQLoss,AverageAbsQ
8.11397049148,-1.04808502754,1.05104719358,1.05104719358,1.04619205044,8.0595357672,8.11397049148,8.11397049148,18.9759205047,10,8.03814379417,3.96462703896,0.0,0.0625727288441,14.6334569717,61.2513950152,1.99017076043,0.94298230177,0.0248333600188,1.04746884495
1.80720269641,-0.883604739938,0.885202758956,0.885202758956,0.882828562417,8.06948390875,1.80720269641,1.80720269641,8.69478060312,11,8.05364021362,1.52861448039,0.0,0.0358114271167,9.5265041036,30.9680056847,1.80764705592,0.999999980094,0.00652049103408,0.882828562417
1.80720255373,-0.776568224679,0.776334992882,0.776334992882,0.77399809569,8.10607556532,1.80720255373,1.80720255373,2.76506571382,12,8.061402064,1.52861438672,0.0,0.030432347443,1.26361989158,5.52001169464,1.80730423454,1.0,0.00476826798874,0.77399809569
1.80720255373,-0.704419321393,0.701470349992,0.701470349992,0.699731116613,8.16733335636,1.80720255373,1.80720255373,3.75192614226,13,8.06305167747,1.52861438671,0.0,0.0256541468787,4.90686129148,19.176980527,1.80799028824,1.0,0.00359764405869,0.699731116613
1.80720255373,-0.664060738206,0.658486764696,0.658486764696,0.657327722451,8.23615604068,1.80720255373,1.80720255373,3.3977351792,14,8.06429649979,1.52861438671,0.0,0.021856676538,3.14135569119,11.0570803537,1.80739626774,1.0,0.00268692885032,0.657327722451
1.80720255373,-0.620952361287,0.61388488047,0.61388488047,0.613045069211,8.33826987016,1.80720255373,1.80720255373,3.58344236854,15,8.06509407044,1.52861438671,0.0,0.0202519753174,2.50968858411,8.9909756798,1.81294367374,1.0,0.00227383920085,0.613045069211
1.80720255373,-0.54753025367,0.540152342292,0.540152342292,0.539558409603,8.41159873187,1.80720255373,1.80720255373,6.91051441133,16,8.06570264378,1.52861438671,0.0,0.0176871933616,7.43775198557,26.6099573462,1.83860546152,1.0,0.00156167785692,0.539558409603
1.80720255373,-0.50255545001,0.495061563103,0.495061563103,0.494714084401,8.49899608403,1.80720255373,1.80720255373,2.51672207937,17,8.06615381286,1.52861438671,0.0,0.0155607027207,1.0089065653,5.49955450967,1.80723266114,1.0,0.00124646577186,0.494714084401
1.80720255373,-0.468127263108,0.460587912643,0.460587912643,0.460319307548,8.59493132888,1.80720255373,1.80720255373,4.27507046525,18,8.06651995343,1.52861438671,0.0,0.0137711505079,3.72603457972,12.9638868476,1.80720278059,1.0,0.000966339245401,0.460319307548
1.80720255373,-0.419201970912,0.411249044053,0.411249044053,0.41123344848,8.74210014475,1.80720255373,1.80720255373,3.60367541846,19,8.06690415357,1.52861438671,0.0,0.0149783395876,3.10548682966,12.2715938027,1.80720533756,1.0,0.000909268974144,0.411237666321
1.80720255373,-0.378212592732,0.370136592249,0.370136592249,0.370181817473,8.82062454914,1.80720255373,1.80720255373,4.33926146712,20,8.06722741736,1.52861438671,0.0,0.0100399750026,5.59229615414,21.5256882547,1.83206919555,1.0,0.000462310823338,0.370181817473
1.80720255373,-0.353581133399,0.345610872805,0.345610872805,0.345640767859,8.89715245738,1.80720255373,1.80720255373,2.81512883541,21,8.06752653205,1.52861438671,0.0,0.00966219879716,1.4690529412,6.77242596025,1.80729069558,1.0,0.000409248523516,0.345640767859
1.80720255373,-0.327171285694,0.319633776817,0.319633776817,0.319681673435,8.96612625936,1.80720255373,1.80720255373,2.21565939498,22,8.06778078439,1.52861438671,0.0,0.00799240860394,0.604181280059,3.49587317145,1.80816602081,1.0,0.000290502392408,0.319681673435
1.80720255373,-0.302112395033,0.295693998858,0.295693998858,0.295755499795,9.03517713567,1.80720255373,1.80720255373,2.99455155653,23,8.06797292058,1.52861438671,0.0,0.00685416727904,3.19263479078,13.0567963749,1.807202664,1.0,0.000197578180283,0.295755499795
1.80720255373,-0.275306322221,0.270106676135,0.270106676135,0.27018415026,9.13481704123,1.80720255373,1.80720255373,4.45138310316,24,8.06812828254,1.52861438671,0.0,0.00620641135966,4.68353198284,14.898954327,1.80726784044,1.0,0.000146129720226,0.27018415026
1.80720255373,-0.251901696497,0.247314562749,0.247314562749,0.247377782341,9.23844753437,1.80720255373,1.80720255373,2.60488420034,25,8.06824588698,1.52861438671,0.0,0.00501114004792,1.92538397243,8.66961476915,1.81694683341,1.0,9.42002735589e-05,0.247377782341
1.80720255373,-0.22949142567,0.225607982045,0.225607982045,0.22567421795,9.31698308569,1.80720255373,1.80720255373,2.51551552207,26,8.06834046007,1.52861438671,0.0,0.00372425166403,1.01645326485,4.75937072247,1.8072025742,1.0,5.41750443175e-05,0.22567421795
1.80720255373,-0.208418891366,0.205287411762,0.205287411762,0.205354215024,9.39365943194,1.80720255373,1.80720255373,2.90798192697,27,8.06839769086,1.52861438671,0.0,0.00330698930935,2.17556393144,9.41122023255,1.80720258202,1.0,5.54245123804e-05,0.205354215024
1.80720255373,-0.190254304292,0.18787874252,0.18787874252,0.187928600119,9.43222661267,1.80720255373,1.80720255373,2.13308448266,28,8.06843467607,1.52861438671,0.0,0.00218405033477,0.43332531147,2.95843680707,1.80720255373,1.0,4.15224036658e-05,0.187928600119
1.80720255373,-0.174923944211,0.173960996133,0.173960996133,0.173995167229,9.43888564897,1.80720255373,1.80720255373,4.51509654259,29,8.06844073991,1.52861438671,0.0,0.00200057193423,5.33055368926,19.2349037824,1.81284505368,1.0,3.01626848756e-05,0.173995167229
1.80720255373,-0.160391084523,0.160133227761,0.160133227761,0.160154849796,9.43680515713,1.80720255373,1.80720255373,2.50364184663,30,8.06844250774,1.52861438671,0.0,0.000901615683362,0.937898436978,5.1459136358,1.80720386297,1.0,1.15122951732e-05,0.160154849796
1.80720255373,-0.145713685151,0.145444511661,0.145444511661,0.145459980181,9.42800347816,1.80720255373,1.80720255373,2.3131179929,31,8.06844468324,1.52861438671,0.0,0.000830338852168,0.770391531603,4.15173452239,1.80724331558,1.0,1.57309906073e-05,0.145459980181
1.80720255373,-0.132492619089,0.132348812061,0.132348812061,0.132360869075,9.45082843215,1.80720255373,1.80720255373,2.84036376037,32,8.06844468487,1.52861438671,0.0,0.000968258822661,2.3539966978,10.1898416801,1.80776844403,1.0,1.34120489639e-05,0.132360869075
1.80720255373,-0.120585515564,0.120537407581,0.120537407581,0.120549707644,9.4858752773,1.80720255373,1.80720255373,3.15747434722,33,8.06844535483,1.52861438671,0.0,0.00111186592112,1.88349111995,7.44704196898,1.83176340972,1.0,1.36775956692e-05,0.120549707644
1.80720255373,-0.110158673256,0.11017398319,0.11017398319,0.110185534691,9.5217717058,1.80720255373,1.80720255373,2.06396728794,34,8.06844521529,1.52861438671,0.0,0.00105352062923,0.245769757189,2.60310991798,1.80720259089,1.0,9.83351511769e-06,0.110185534691
1.80720255373,-0.100313163371,0.100415793185,0.100415793185,0.100423387676,9.56386514103,1.80720255373,1.80720255373,2.60355988754,35,8.06844451614,1.52861438671,0.0,0.00123029915553,1.47171703466,6.7110274228,1.80720256002,1.0,1.45950741575e-05,0.100423387676
1.80720255373,-0.0914209539897,0.0916063586878,0.0916063586878,0.0916155920705,9.59719246696,1.80720255373,1.80720255373,5.22885112952,36,8.06844330816,1.52861438671,0.0,0.0011760979733,5.65351226352,19.3918855997,1.80720255868,1.0,9.98113971208e-06,0.0916155920705
1.80720255373,-0.0829106438758,0.0830794646145,0.0830794646145,0.0830865199524,9.62964192901,1.80720255373,1.80720255373,4.77200738694,37,8.0684426387,1.52861438671,0.0,0.00219384752188,5.65321275011,17.9122830204,1.80720558208,1.0,2.54560917611e-05,0.0830865199524
1.80720255373,-0.0743163218772,0.0743177602664,0.0743177602664,0.0743232903583,9.62944052094,1.80720255373,1.80720255373,6.45990141539,38,8.0684426387,1.52861438671,0.0,0.00157269415588,8.12932734059,28.169937747,1.80759371962,1.0,1.23948484663e-05,0.0743232903583
1.80720255373,-0.0679322090543,0.0679292429227,0.0679292429227,0.0679381989118,9.62944052094,1.80720255373,1.80720255373,2.06358196114,39,8.0684426387,1.52861438671,0.0,0.00137679315088,0.346782862045,3.0782548652,1.80720255373,1.0,8.22797640278e-06,0.0679381989118
1.80720255373,-0.0621550049209,0.0621569369522,0.0621569369522,0.0621609409473,9.62944052094,1.80720255373,1.80720255373,2.89953007089,40,8.0684426387,1.52861438671,0.0,0.00134280043494,1.91239010184,8.28191924656,1.80720255448,1.0,8.42291063261e-06,0.0621609409473
1.80720255373,-0.0570137850976,0.0570165225137,0.0570165225137,0.0570181169878,9.62944052094,1.80720255373,1.80720255373,3.48721689186,41,8.0684426387,1.52861438671,0.0,0.00135868654086,3.50170668332,14.2784406578,1.80720255381,1.0,6.85357358502e-06,0.0570181169878
1.80720255373,-0.0522906571655,0.0522916194986,0.0522916194986,0.0522947002814,9.62944052094,1.80720255373,1.80720255373,2.02505809676,42,8.0684426387,1.52861438671,0.0,0.00131579234971,0.240467816136,2.64515752465,1.80749222638,1.0,6.98944163503e-06,0.0522947002814
1.80720255373,-0.0480189791578,0.0480223001311,0.0480223001311,0.0480239535652,9.62944052094,1.80720255373,1.80720255373,4.45598863797,43,8.0684426387,1.52861438671,0.0,0.00131367474447,4.46724946008,15.3072649457,1.80946794466,1.0,6.5766828211e-06,0.0480239535652
1.80720255373,-0.0441832645338,0.0441830194372,0.0441830194372,0.0441862650669,9.62944052094,1.80720255373,1.80720255373,2.79609810996,44,8.0684426387,1.52861438671,0.0,0.0012810592761,1.40769946533,6.52317235369,1.80721473302,1.0,5.53546655256e-06,0.0441862650669
1.80720255373,-0.0406792408061,0.0406805463912,0.0406805463912,0.0406828993314,9.62944052094,1.80720255373,1.80720255373,2.99013362585,45,8.0684426387,1.52861438671,0.0,0.00127889414875,2.74909416622,11.580586023,1.80720297785,1.0,5.41034723462e-06,0.0406828993314
1.80720255373,-0.0374832962588,0.0374844296091,0.0374844296091,0.0374859691786,9.62944052094,1.80720255373,1.80720255373,3.04296240773,46,8.0684426387,1.52861438671,0.0,0.00123145554171,3.37101609599,13.6682716412,1.80795768909,1.0,5.1625990275e-06,0.0374859691786
1.80720255373,-0.0346257143694,0.0346290854489,0.0346290854489,0.0346280204755,9.62944052094,1.80720255373,1.80720255373,5.8068982736,47,8.0684426387,1.52861438671,0.0,0.00124473392219,7.63545244302,24.4451043294,1.80756404972,1.0,4.96437262069e-06,0.0346280204755
1.80720255373,-0.0320306869351,0.0320309096531,0.0320309096531,0.0320336703682,9.62944052094,1.80720255373,1.80720255373,2.09613939128,48,8.0684426387,1.52861438671,0.0,0.0012380648159,0.332333574733,2.93371101229,1.80722007518,1.0,4.75071406812e-06,0.0320336703682
1.80720255373,-0.0296961933991,0.0296962619631,0.0296962619631,0.0296985367633,9.62944052094,1.80720255373,1.80720255373,3.13559266656,49,8.0684426387,1.52861438671,0.0,0.00124587309145,3.4666516059,14.0644665069,1.80720258358,1.0,4.67133264889e-06,0.0296985367633
1.80720255373,-0.0275134060605,0.0275131602973,0.0275131602973,0.0275152446069,9.62944052094,1.80720255373,1.80720255373,3.24867670188,50,8.0684426387,1.52861438671,0.0,0.0011767516528,3.57903410202,14.4285257107,1.80720292146,1.0,4.16809611573e-06,0.0275152446069
1.80720255373,-0.0255215291358,0.0255228221025,0.0255228221025,0.0255233994217,9.62944052094,1.80720255373,1.80720255373,1.95876310063,51,8.0684426387,1.52861438671,0.0,0.0011552898522,0.140984597962,2.21488737571,1.80720255373,1.0,4.13180598116e-06,0.0255233994217
1.80720255373,-0.0237302795853,0.0237310099009,0.0237310099009,0.0237320453577,9.62944052094,1.80720255373,1.80720255373,2.20326190498,52,8.0684426387,1.52861438671,0.0,0.00113275954385,0.620319724573,4.00178342902,1.80761443578,1.0,3.97454136425e-06,0.0237320453577
1.80720255373,-0.0221628511962,0.0221639547224,0.0221639547224,0.02216477594,9.62944052094,1.80720255373,1.80720255373,2.59542970472,53,8.0684426387,1.52861438671,0.0,0.00117802764439,1.72535185452,7.97914444021,1.81135633143,1.0,4.03029643775e-06,0.02216477594
1.80720255373,-0.0207234948551,0.0207251855989,0.0207251855989,0.0207240280576,9.62944052094,1.80720255373,1.80720255373,4.26192276786,54,8.0684426387,1.52861438671,0.0,0.00117820706118,4.02570280762,16.3698551846,1.855650066,1.0,4.04336272204e-06,0.0207240280576
1.80720255373,-0.0193814300973,0.0193820242569,0.0193820242569,0.0193828056908,9.62944052094,1.80720255373,1.80720255373,2.25785575636,55,8.0684426387,1.52861438671,0.0,0.00115651944266,0.380984677673,3.07999003658,1.81492488357,1.0,3.98067704513e-06,0.0193828056908
1.80720255373,-0.0181682836163,0.0181683457108,0.0181683457108,0.0181692218777,9.62944052094,1.80720255373,1.80720255373,2.15030165492,56,8.0684426387,1.52861438671,0.0,0.00112119591077,0.457354926361,3.42795738477,1.80720255555,1.0,3.72299076425e-06,0.0181692218777
1.80720255373,-0.0170797753396,0.0170808160906,0.0170808160906,0.0170812006212,9.62944052094,1.80720255373,1.80720255373,5.02727191212,57,8.0684426387,1.52861438671,0.0,0.00112109193325,4.91113096484,19.0721191663,1.80923975073,1.0,3.67235752309e-06,0.0170812006212
1.80720255373,-0.0161166967329,0.01611788474,0.01611788474,0.0161172659989,9.62944052094,1.80720255373,1.80720255373,3.14963654452,58,8.0684426387,1.52861438671,0.0,0.0011555535842,1.40592665752,6.31808995806,1.81858711453,1.0,3.86542940019e-06,0.0161172659989
1.80720255373,-0.0152074080333,0.0152068364316,0.0152068364316,0.0152083253939,9.62944052094,1.80720255373,1.80720255373,2.56505634543,59,8.0684426387,1.52861438671,0.0,0.00112259781453,1.79610656814,8.1879549685,1.80720255373,1.0,3.73002276048e-06,0.0152083253939
1.80720255373,-0.0143707003229,0.014371207078,0.014371207078,0.0143718926403,9.62944052094,1.80720255373,1.80720255373,2.20603157944,60,8.0684426387,1.52861438671,0.0,0.00109091424609,0.606778005763,3.96726638664,1.80725937095,1.0,3.54828995668e-06,0.0143718926403
1.80720255373,-0.0136281758551,0.0136293488468,0.0136293488468,0.0136289036182,9.62944052094,1.80720255373,1.80720255373,3.878357264,61,8.0684426387,1.52861438671,0.0,0.00111234987637,4.19350909451,16.0026280537,1.8072025539,1.0,3.64173206058e-06,0.0136289036182
1.80720255373,-0.012921418703,0.0129204135064,0.0129204135064,0.0129223088413,9.62944052094,1.80720255373,1.80720255373,2.79242825831,62,8.0684426387,1.52861438671,0.0,0.00106483280845,2.55461386947,10.8373918769,1.80720255373,1.0,3.33069673e-06,0.0129223088413
1.80720255373,-0.0123018750026,0.0123026679713,0.0123026679713,0.0123023838052,9.62944052094,1.80720255373,1.80720255373,4.32540151028,63,8.0684426387,1.52861438671,0.0,0.0010720059001,6.77904969429,25.7335003019,1.8072070582,1.0,3.4268772863e-06,0.0123023838052
1.80720255373,-0.0117230560592,0.0117220230632,0.0117220230632,0.011723643789,9.62944052094,1.80720255373,1.80720255373,4.30093047294,64,8.0684426387,1.52861438671,0.0,0.00106174876664,4.45199035968,16.5904870355,1.80720619136,1.0,3.42063106575e-06,0.011723643789
1.80720255373,-0.0112239383957,0.0112245952554,0.0112245952554,0.0112246316981,9.62944052094,1.80720255373,1.80720255373,2.69159690499,65,8.0684426387,1.52861438671,0.0,0.00108443254444,0.967446501791,4.93181836711,1.80720287217,1.0,3.48385219938e-06,0.0112246316981
1.80720255373,-0.0107404712717,0.0107415069755,0.0107415069755,0.0107410157679,9.62944052094,1.80720255373,1.80720255373,4.76126664278,66,8.0684426387,1.52861438671,0.0,0.00105164563886,5.2604674258,18.2187032712,1.80720255373,1.0,3.32209961594e-06,0.0107410157679
1.80720255373,-0.0103374323785,0.0103376215794,0.0103376215794,0.0103375852314,9.62944052094,1.80720255373,1.80720255373,3.02691791492,67,8.0684426387,1.52861438671,0.0,0.00107572535723,2.86819644662,11.8538837208,1.80720255373,1.0,3.35821088178e-06,0.0103375852314
1.80720255373,-0.00993336684791,0.00993357487495,0.00993357487495,0.00993410550754,9.62944052094,1.80720255373,1.80720255373,3.7257378159,68,8.0684426387,1.52861438671,0.0,0.00105358638815,4.92136149809,19.2368994142,1.80759958783,1.0,3.31304584242e-06,0.00993410550754
1.80720255373,-0.00958414794001,0.00958344697633,0.00958344697633,0.00958342892488,9.62944052094,1.80720255373,1.80720255373,1.98135365607,69,8.0684426387,1.52861438671,0.0,0.00104611953333,0.247331974365,2.72970894618,1.80949757884,1.0,3.22376422204e-06,0.00958342892488
1.80720255373,-0.00924681105843,0.00924755524165,0.00924755524165,0.00924731357016,9.62944052094,1.80720255373,1.80720255373,3.12572690377,70,8.0684426387,1.52861438671,0.0,0.00103226056456,2.85739041295,11.83581851,1.80732890011,1.0,3.24268887948e-06,0.00924731357016
1.80720255373,-0.00895498042222,0.00895557849265,0.00895557849265,0.00895560744112,9.62944052094,1.80720255373,1.80720255373,2.66504071547,71,8.0684426387,1.52861438671,0.0,0.0010397873565,1.69928324198,7.86242134038,1.80720256588,1.0,3.23240309367e-06,0.00895560744112
1.80720255373,-0.00870276810228,0.00870229085715,0.00870229085715,0.00870359043146,9.62944052094,1.80720255373,1.80720255373,3.6736908666,72,8.0684426387,1.52861438671,0.0,0.00106344339565,2.0569594696,8.29965091874,1.82008708976,1.0,3.3248184621e-06,0.00870359043146
1.80720255373,-0.00844639854477,0.00844659434244,0.00844659434244,0.00844600932393,9.62944052094,1.80720255373,1.80720255373,3.18694869732,73,8.0684426387,1.52861438671,0.0,0.00103045554589,2.1109877486,9.57376247969,1.81049413816,1.0,3.18023924204e-06,0.00844600932393
1.80720255373,-0.00823130059819,0.0082313154421,0.0082313154421,0.00823194441856,9.62944052094,1.80720255373,1.80720255373,2.35706080165,74,8.0684426387,1.52861438671,0.0,0.00103949394019,1.05360705637,5.51324566545,1.81651660481,1.0,3.22059588366e-06,0.00823194441856
1.80720255373,-0.00799424586299,0.00799509987175,0.00799509987175,0.00799432857627,9.62944052094,1.80720255373,1.80720255373,2.9833929051,75,8.0684426387,1.52861438671,0.0,0.000995112674473,2.14959213494,9.14427203219,1.80991593299,1.0,2.98053782617e-06,0.00799432857627
1.80720255373,-0.00783747671091,0.00783718600204,0.00783718600204,0.00783746755278,9.62944052094,1.80720255373,1.80720255373,3.04626330454,76,8.0684426387,1.52861438671,0.0,0.00102942946176,2.17570022618,9.56790009008,1.8072026296,1.0,3.1154857347e-06,0.00783746755278
1.80720255373,-0.00762777327117,0.00762759674659,0.00762759674659,0.00762751570283,9.62944052094,1.80720255373,1.80720255373,2.48190526874,77,8.0684426387,1.52861438671,0.0,0.000994553734848,1.19514718141,5.87423979304,1.80720280021,1.0,3.03867639446e-06,0.00762751570283
1.80720255373,-0.00748426361238,0.00748394590109,0.00748394590109,0.00748460808973,9.62944052094,1.80720255373,1.80720255373,3.32930403435,78,8.0684426387,1.52861438671,0.0,0.00102888591432,3.34489370804,13.7405026452,1.80722813908,1.0,3.16149665844e-06,0.00748460808973
1.80720255373,-0.00732550130152,0.00732606036591,0.00732606036591,0.00732605481241,9.62944052094,1.80720255373,1.80720255373,5.02205882382,79,8.0684426387,1.52861438671,0.0,0.000994776916437,6.40888432584,22.3820486274,1.80720256337,1.0,3.0094341034e-06,0.00732605481241
1.80720255373,-0.00718332634331,0.00718423372926,0.00718423372926,0.00718354038291,9.62944052094,1.80720255373,1.80720255373,3.81990866068,80,8.0684426387,1.52861438671,0.0,0.000998994963138,3.20034892227,11.6740884956,1.8074233558,1.0,3.03132619449e-06,0.00718354038291
1.80720255373,-0.0070698084464,0.00707006892191,0.00707006892191,0.00706941617922,9.62944052094,1.80720255373,1.80720255373,4.87750446256,81,8.0684426387,1.52861438671,0.0,0.00100376211767,3.5400382836,11.5663357065,1.80737400229,1.0,3.08083586635e-06,0.00706941617922
1.80720255373,-0.00696101883907,0.00696059544751,0.00696059544751,0.00696181388862,9.62944052094,1.80720255373,1.80720255373,2.66230897238,82,8.0684426387,1.52861438671,0.0,0.00100961650016,1.57813617649,6.71544154457,1.80722874266,1.0,3.08945740085e-06,0.00696181388862
1.80720255373,-0.00686456012367,0.00686401243211,0.00686401243211,0.00686398327256,9.62944052094,1.80720255373,1.80720255373,3.07009570543,83,8.0684426387,1.52861438671,0.0,0.0010082384007,3.41480761422,13.8506829693,1.80720255373,1.0,3.06056562605e-06,0.00686398327256
1.80720255373,-0.0067365429837,0.00673741191658,0.00673741191658,0.00673657182561,9.62944052094,1.80720255373,1.80720255373,3.32488427093,84,8.0684426387,1.52861438671,0.0,0.000963138199477,3.22591706004,13.3289475093,1.80720255373,1.0,2.92369333027e-06,0.00673657182561
1.80720255373,-0.00665758765511,0.00665733059383,0.00665733059383,0.00665852734064,9.62944052094,1.80720255373,1.80720255373,2.68621739592,85,8.0684426387,1.52861438671,0.0,0.000994713628961,1.44953693419,6.62476444714,1.80720333469,1.0,2.98594540731e-06,0.00665852734064
1.80720255373,-0.00656117320919,0.00656086505998,0.00656086505998,0.00656103954101,9.62944052094,1.80720255373,1.80720255373,4.68365105398,86,8.0684426387,1.52861438671,0.0,0.000970665401642,5.34335089488,20.5259107473,1.80720259819,1.0,2.92550577841e-06,0.00656103954101
1.80720255373,-0.00646885729519,0.00646935325502,0.00646935325502,0.00646836110578,9.62944052094,1.80720255373,1.80720255373,2.79735896776,87,8.0684426387,1.52861438671,0.0,0.000962270780012,2.19182463831,9.62625477722,1.80721054825,1.0,2.88063834183e-06,0.00646836110578
1.80720255373,-0.00642085197656,0.00642031344637,0.00642031344637,0.00642129975051,9.62944052094,1.80720255373,1.80720255373,2.19709839861,88,8.0684426387,1.52861438671,0.0,0.000982729040673,0.451238973562,3.0883528162,1.80720255373,1.0,2.92844656345e-06,0.00642129975051
1.80720255373,-0.00633337868227,0.00633319608168,0.00633319608168,0.00633321572785,9.62944052094,1.80720255373,1.80720255373,4.03722302068,89,8.0684426387,1.52861438671,0.0,0.000953518469877,4.15449777228,16.5778529849,1.80720779769,1.0,2.84663224727e-06,0.00633321572785
1.80720255373,-0.00626814434775,0.00626836103066,0.00626836103066,0.00626865024394,9.62944052094,1.80720255373,1.80720255373,2.83938348537,90,8.0684426387,1.52861438671,0.0,0.000960446598194,1.25208995457,5.88950032554,1.80720263714,1.0,2.82990002762e-06,0.00626865024394
1.80720255373,-0.0061998838979,0.00620029556521,0.00620029556521,0.00620003399763,9.62944052094,1.80720255373,1.80720255373,2.97918823074,91,8.0684426387,1.52861438671,0.0,0.000950170201843,2.475770256,10.6323238697,1.80720255373,1.0,2.81878254382e-06,0.00620003399763
1.80720255373,-0.006132903864,0.00613274420723,0.00613274420723,0.00613227084086,9.62944052094,1.80720255373,1.80720255373,2.64761268882,92,8.0684426387,1.52861438671,0.0,0.000951865455142,1.75159007001,7.95366092939,1.80720258775,1.0,2.82982819868e-06,0.00613227084086
1.80720255373,-0.00607985289735,0.00608015877917,0.00608015877917,0.00608007771212,9.62944052094,1.80720255373,1.80720255373,3.53233052906,93,8.0684426387,1.52861438671,0.0,0.000946396099139,3.42412275982,12.8099898882,1.80720255376,1.0,2.83798095082e-06,0.00608007771212
1.80720255373,-0.00600950342389,0.00601061561166,0.00601061561166,0.00600945389185,9.62944052094,1.80720255373,1.80720255373,3.46466281054,94,8.0684426387,1.52861438671,0.0,0.000924949299405,3.82525080109,15.5130040388,1.80727112661,1.0,2.77813244018e-06,0.00600945389185
1.80720255373,-0.00599031495812,0.00598901058061,0.00598901058061,0.00599070265975,9.62944052094,1.80720255373,1.80720255373,2.50430949003,95,8.0684426387,1.52861438671,0.0,0.000957291063328,1.45074669445,7.03744536873,1.80720255439,1.0,2.8655740681e-06,0.00599070265975
1.80720255373,-0.00592667710602,0.0059263617637,0.0059263617637,0.00592713718653,9.62944052094,1.80720255373,1.80720255373,2.93945534,96,8.0684426387,1.52861438671,0.0,0.000928530712367,2.42026292799,10.5626067096,1.87359333987,1.0,2.73170776938e-06,0.00592713718653
1.80720255373,-0.00588745150528,0.00588886420022,0.00588886420022,0.00588656749149,9.62944052094,1.80720255373,1.80720255373,2.69502053507,97,8.0684426387,1.52861438671,0.0,0.000948684772827,0.965597632127,5.00617573043,1.80720255373,1.0,2.84898156068e-06,0.00588656749149
1.80720255373,-0.005846724301,0.00584687020503,0.00584687020503,0.00584685148464,9.62944052094,1.80720255373,1.80720255373,2.24162110304,98,8.0684426387,1.52861438671,0.0,0.000937647733917,0.56512666692,3.55485615535,1.8072046187,1.0,2.76774782934e-06,0.00584685148464
1.80720255373,-0.00579697152594,0.0057955200786,0.0057955200786,0.00579796457693,9.62944052094,1.80720255373,1.80720255373,4.56958625893,99,8.0684426387,1.52861438671,0.0,0.00092423026423,5.36511663863,16.6502992539,1.8073428685,1.0,2.73345645245e-06,0.00579796457693
1.80720255373,-0.00577295016238,0.00577271471693,0.00577271471693,0.00577263545061,9.62944052094,1.80720255373,1.80720255373,3.5069591634,100,8.0684426387,1.52861438671,0.0,0.000939298774888,4.22131328482,16.8166944561,1.80762322676,1.0,2.81091581264e-06,0.00577263545061
1.80720255373,-0.00574918302432,0.00574979150382,0.00574979150382,0.00574936636975,9.62944052094,1.80720255373,1.80720255373,3.77738422906,101,8.0684426387,1.52861438671,0.0,0.000950101443854,3.01622085596,12.327344886,1.80720255785,1.0,2.82094142565e-06,0.00574936636975
1.80720255373,-0.00570108222736,0.00570124251283,0.00570124251283,0.00570020477696,9.62944052094,1.80720255373,1.80720255373,2.35185495776,102,8.0684426387,1.52861438671,0.0,0.000917149721611,0.768115250006,4.5725008697,1.80720255466,1.0,2.70150142577e-06,0.00570020477696
1.80720255373,-0.00566330896416,0.0056630871573,0.0056630871573,0.00566333606765,9.62944052094,1.80720255373,1.80720255373,2.72654745782,103,8.0684426387,1.52861438671,0.0,0.000918363970867,2.30198986914,9.96516610603,1.80721677716,1.0,2.73644249382e-06,0.00566333606765
1.80720255373,-0.00563964896065,0.00564033681297,0.00564033681297,0.00564005738474,9.62944052094,1.80720255373,1.80720255373,3.07384278224,104,8.0684426387,1.52861438671,0.0,0.000933093569122,1.99082215344,7.24338429523,1.80731232164,1.0,2.75731372732e-06,0.00564005738474
1.80720255373,-0.00562480302654,0.00562436600835,0.00562436600835,0.00562443598231,9.62944052094,1.80720255373,1.80720255373,4.09979494602,105,8.0684426387,1.52861438671,0.0,0.000929892741787,6.26671064288,23.8867962766,1.8072025573,1.0,2.76605477994e-06,0.00562443598231
1.80720255373,-0.00558631496346,0.0055849459907,0.0055849459907,0.00558637234936,9.62944052094,1.80720255373,1.80720255373,4.32376452888,106,8.0684426387,1.52861438671,0.0,0.000924260669335,4.35144033478,13.5886500946,1.80755367907,1.0,2.71578192599e-06,0.00558637234936
1.80720255373,-0.0055561299591,0.00555707076647,0.00555707076647,0.00555657475351,9.62944052094,1.80720255373,1.80720255373,3.25383402709,107,8.0684426387,1.52861438671,0.0,0.00090729433687,3.17020297062,13.162396233,1.80720255373,1.0,2.66077317084e-06,0.00555657475351
1.80720255373,-0.00551437549702,0.00551462462902,0.00551462462902,0.00551404996206,9.62944052094,1.80720255373,1.80720255373,2.50241787607,108,8.0684426387,1.52861438671,0.0,0.000898803722151,1.23269260238,6.14505420315,1.80720392815,1.0,2.64070955734e-06,0.00551404996206
1.80720255373,-0.00550252800971,0.00550292599242,0.00550292599242,0.00550278194261,9.62944052094,1.80720255373,1.80720255373,2.36590496664,109,8.0684426387,1.52861438671,0.0,0.000930069137713,1.16153341354,5.87648438742,1.80839971365,1.0,2.75599021684e-06,0.00550278194261
1.80720255373,-0.00546697905251,0.00546714276748,0.00546714276748,0.00546679373334,9.62944052094,1.80720255373,1.80720255373,3.44816065273,110,8.0684426387,1.52861438671,0.0,0.000893655461022,2.93953522041,11.7262110574,1.80720255768,1.0,2.6071617976e-06,0.00546679373334
1.80720255373,-0.00545138971959,0.00545141200295,0.00545141200295,0.00545152228815,9.62944052094,1.80720255373,1.80720255373,2.53409245834,111,8.0684426387,1.52861438671,0.0,0.000918114248165,1.50910901404,7.24741910393,1.80810712235,1.0,2.69652819821e-06,0.00545152228815
1.80720255373,-0.00541641238525,0.00541573507824,0.00541573507824,0.00541682451841,9.62944052094,1.80720255373,1.80720255373,4.84653034441,112,8.0684426387,1.52861438671,0.0,0.000882820731579,5.89228158689,22.0333015162,1.80720485628,1.0,2.59102340595e-06,0.00541682451841
1.80720255373,-0.00541064972559,0.00540992702401,0.00540992702401,0.00541028396757,9.62944052094,1.80720255373,1.80720255373,2.17100053724,113,8.0684426387,1.52861438671,0.0,0.000903501974688,0.41417338673,3.00427340095,1.80720255374,1.0,2.68140779474e-06,0.00541028396757
1.80720255373,-0.00539064316084,0.00539203404015,0.00539203404015,0.00539113123871,9.62944052094,1.80720255373,1.80720255373,2.3533345672,114,8.0684426387,1.52861438671,0.0,0.000908932233328,1.13583581783,5.90540455127,1.80720677798,1.0,2.69033992185e-06,0.00539113123871
1.80720255373,-0.00535531629551,0.00535490313266,0.00535490313266,0.00535465835318,9.62944052094,1.80720255373,1.80720255373,3.06337225336,115,8.0684426387,1.52861438671,0.0,0.000875355965342,1.68200315829,7.1896667153,1.80723023495,1.0,2.55823350026e-06,0.00535465835318
1.80720255373,-0.00532524635384,0.00532581719724,0.00532581719724,0.00532524692871,9.62944052094,1.80720255373,1.80720255373,2.29525702884,116,8.0684426387,1.52861438671,0.0,0.000874781928769,0.750242060218,4.19449314736,1.8109563868,1.0,2.53537638951e-06,0.00532524692871
1.80720255373,-0.00531227972152,0.00531225654914,0.00531225654914,0.00531287413967,9.62944052094,1.80720255373,1.80720255373,3.18507818631,117,8.0684426387,1.52861438671,0.0,0.000892779980091,3.66158824295,14.7545947073,1.81871291932,1.0,2.57902593446e-06,0.00531287413967
1.80720255373,-0.0052813054092,0.00528083798348,0.00528083798348,0.00528090211123,9.62944052094,1.80720255373,1.80720255373,2.68374147174,118,8.0684426387,1.52861438671,0.0,0.000875631455525,1.91752116258,8.69611988683,1.8073395281,1.0,2.53936652873e-06,0.00528090211123
1.80720255373,-0.00528083334089,0.00528121083663,0.00528121083663,0.00528115634608,9.62944052094,1.80720255373,1.80720255373,1.97834440835,119,8.0684426387,1.52861438671,0.0,0.000907191318677,0.177256139056,2.40645768934,1.80720259378,1.0,2.65604587176e-06,0.00528115634608
1.80720255373,-0.00525371637009,0.00525387665977,0.00525387665977,0.00525374903201,9.62944052094,1.80720255373,1.80720255373,2.08419177577,120,8.0684426387,1.52861438671,0.0,0.000885807953813,0.30617026075,2.85709674318,1.80720396926,1.0,2.58450349479e-06,0.00525374903201
1.80720255373,-0.00520966399727,0.00520947496971,0.00520947496971,0.00521008061764,9.62944052094,1.80720255373,1.80720255373,2.70605762838,121,8.0684426387,1.52861438671,0.0,0.000842470743154,1.70491692366,7.81458952797,1.80721116737,1.0,2.42528476377e-06,0.00521008061764
1.80720255373,-0.00521763095905,0.00521811880138,0.00521811880138,0.0052168770783,9.62944052094,1.80720255373,1.80720255373,3.98284690095,122,8.0684426387,1.52861438671,0.0,0.000881760825682,5.66202928012,21.791788929,1.80720255493,1.0,2.58699066379e-06,0.0052168770783
1.80720255373,-0.00522194837326,0.00522091726961,0.00522091726961,0.00522254053433,9.62944052094,1.80720255373,1.80720255373,2.19745316559,123,8.0684426387,1.52861438671,0.0,0.000909267737683,0.811023146209,4.69034397814,1.80720260109,1.0,2.63413204299e-06,0.00522254053433
1.80720255373,-0.0051843552689,0.00518518778573,0.00518518778573,0.00518409528576,9.62944052094,1.80720255373,1.80720255373,2.1880167932,124,8.0684426387,1.52861438671,0.0,0.000873470067914,0.914120087762,5.05606186577,1.80720255373,1.0,2.55397312185e-06,0.00518409528576
1.80720255373,-0.00517719907761,0.00517649531136,0.00517649531136,0.00517749072488,9.62944052094,1.80720255373,1.80720255373,2.93337260472,125,8.0684426387,1.52861438671,0.0,0.000876657204645,2.75116840827,11.5654965332,1.84071583454,1.0,2.4974799681e-06,0.00517749072488
1.80720255373,-0.00511836664916,0.00511877450211,0.00511877450211,0.0051182395238,9.62944052094,1.80720255373,1.80720255373,2.82074504175,126,8.0684426387,1.52861438671,0.0,0.000831028697714,1.75416641378,6.9046974625,1.80730027226,1.0,2.35483912265e-06,0.0051182395238
1.80720255373,-0.00513058771036,0.0051310196325,0.0051310196325,0.00513016697858,9.62944052094,1.80720255373,1.80720255373,3.92638055698,127,8.0684426387,1.52861438671,0.0,0.000882106794474,3.78007765758,14.1451837595,1.80720255389,1.0,2.52195285784e-06,0.00513016697858
1.80720255373,-0.00513766948411,0.00513677342304,0.00513677342304,0.00513840184772,9.62944052094,1.80720255373,1.80720255373,2.68421770929,128,8.0684426387,1.52861438671,0.0,0.00089081357266,2.17283964495,9.5392997866,1.80720255916,1.0,2.58305743806e-06,0.00513840184772
1.80720255373,-0.00512545251667,0.00512640932603,0.00512640932603,0.00512510740268,9.62944052094,1.80720255373,1.80720255373,3.12110033403,129,8.0684426387,1.52861438671,0.0,0.000885316009574,3.65428150718,14.6690311578,1.80720255409,1.0,2.54185474518e-06,0.00512510740268
1.80720255373,-0.00510721863811,0.00510625544195,0.00510625544195,0.00510777301056,9.62944052094,1.80720255373,1.80720255373,2.45717651735,130,8.0684426387,1.52861438671,0.0,0.000860027142891,1.54614501266,7.29915784166,1.80858198512,1.0,2.45628180669e-06,0.00510777301056
1.80720255373,-0.00511916593291,0.00511953109082,0.00511953109082,0.00511861521228,9.62944052094,1.80720255373,1.80720255373,2.01118945628,131,8.0684426387,1.52861438671,0.0,0.000888716940389,0.27021072986,2.72214773638,1.81161977379,1.0,2.60643292469e-06,0.00511861521228
1.80720255373,-0.00507654692399,0.00507667907141,0.00507667907141,0.00507652742471,9.62944052094,1.80720255373,1.80720255373,6.12829645279,132,8.0684426387,1.52861438671,0.0,0.000844880917636,8.23528154887,29.8430710162,1.80820564264,1.0,2.40551255738e-06,0.00507652742471
1.80720255373,-0.0050513308173,0.00505050714704,0.00505050714704,0.00505105906845,9.62944052094,1.80720255373,1.80720255373,2.83908074801,133,8.0684426387,1.52861438671,0.0,0.000840743910404,2.23793436562,9.69827114136,1.80729380019,1.0,2.41140709822e-06,0.00505105906845
1.80720255373,-0.00504345396522,0.00504364239928,0.00504364239928,0.00504387207634,9.62944052094,1.80720255373,1.80720255373,3.35408142203,134,8.0684426387,1.52861438671,0.0,0.00086253967312,3.52512250966,14.3837837732,1.80756033517,1.0,2.44475038725e-06,0.00504387207634
1.80720255373,-0.00503768400972,0.0050373754294,0.0050373754294,0.00503702931247,9.62944052094,1.80720255373,1.80720255373,3.51223906145,135,8.0684426387,1.52861438671,0.0,0.000863254880963,3.43609167942,12.1575625335,1.80720299044,1.0,2.47664799315e-06,0.00503702931247
1.80720255373,-0.00501626896333,0.00501761758817,0.00501761758817,0.00501659033704,9.62944052094,1.80720255373,1.80720255373,2.21974943986,136,8.0684426387,1.52861438671,0.0,0.0008480968627,0.451944340713,3.18785943849,1.80720255388,1.0,2.42241819174e-06,0.00501659033704
1.80720255373,-0.00497887738806,0.00497848976772,0.00497848976772,0.00497955922911,9.62944052094,1.80720255373,1.80720255373,5.66273841699,137,8.0684426387,1.52861438671,0.0,0.000827234803366,6.52296449027,24.3638049954,1.80764154535,1.0,2.336137379e-06,0.00497955922911
1.80720255373,-0.00497461831469,0.00497453443564,0.00497453443564,0.00497450790981,9.62944052094,1.80720255373,1.80720255373,3.12740620923,138,8.0684426387,1.52861438671,0.0,0.000845017787242,3.55327443883,14.3056228315,1.80720262772,1.0,2.37411109699e-06,0.00497450790981
1.80720255373,-0.00494254610628,0.00494194582826,0.00494194582826,0.00494203498515,9.62944052094,1.80720255373,1.80720255373,2.72699810381,139,8.0684426387,1.52861438671,0.0,0.000827285229157,1.8095420637,8.14025179888,1.80720304403,1.0,2.34249630412e-06,0.00494203498515
1.80720255373,-0.0049589779944,0.00495979970178,0.00495979970178,0.00495857407353,9.62944052094,1.80720255373,1.80720255373,3.96338301842,140,8.0684426387,1.52861438671,0.0,0.00086651841911,5.71928083425,21.8990186966,1.8072247123,1.0,2.5033041487e-06,0.00495857407353
1.80720255373,-0.00494095628315,0.00494098268324,0.00494098268324,0.00494123598296,9.62944052094,1.80720255373,1.80720255373,2.29881211386,141,8.0684426387,1.52861438671,0.0,0.000855515304201,0.50690885967,3.3436318263,1.81412700223,1.0,2.45077556873e-06,0.00494123598296
1.80720255373,-0.00492471237971,0.00492438509465,0.00492438509465,0.00492550925462,9.62944052094,1.80720255373,1.80720255373,3.50814712672,142,8.0684426387,1.52861438671,0.0,0.000852248287783,4.75835667603,18.5033438771,1.80720271838,1.0,2.46624785803e-06,0.00492550925462
1.80720255373,-0.00489058496837,0.00489062835594,0.00489062835594,0.00489029549188,9.62944052094,1.80720255373,1.80720255373,4.97900941453,143,8.0684426387,1.52861438671,0.0,0.000816537307867,7.27249591357,27.4865854462,1.80720630566,1.0,2.30393956623e-06,0.00489029549188
1.80720255373,-0.00490163377011,0.0049010973948,0.0049010973948,0.00490150047575,9.62944052094,1.80720255373,1.80720255373,5.25991615058,144,8.0684426387,1.52861438671,0.0,0.000849366334218,10.5552840426,38.6359727632,1.80720265209,1.0,2.45159781918e-06,0.00490150047575
1.80720255373,-0.00488054256997,0.00488093877019,0.00488093877019,0.00488066409439,9.62944052094,1.80720255373,1.80720255373,2.63793070002,145,8.0684426387,1.52861438671,0.0,0.000837255819286,1.86383028523,8.48249262506,1.80720359074,1.0,2.37433321162e-06,0.00488066409439
1.80720255373,-0.00487202937086,0.00487224054507,0.00487224054507,0.00487180061995,9.62944052094,1.80720255373,1.80720255373,2.42089827053,146,8.0684426387,1.52861438671,0.0,0.000845080802455,1.2709560125,6.35468365408,1.81903375449,1.0,2.41088247197e-06,0.00487180061995
1.80720255373,-0.00486274848406,0.00486233575168,0.00486233575168,0.00486329958161,9.62944052094,1.80720255373,1.80720255373,2.11186236082,147,8.0684426387,1.52861438671,0.0,0.000838119814004,0.760645469506,4.5115068574,1.80720262801,1.0,2.4053482247e-06,0.00486329958161
1.80720255373,-0.00484674194792,0.00484733803454,0.00484733803454,0.00484617567439,9.62944052094,1.80720255373,1.80720255373,5.36317143804,148,8.0684426387,1.52861438671,0.0,0.000830989480883,5.45768399759,15.6265164083,1.80720255382,1.0,2.37894608175e-06,0.00484617567439
1.80720255373,-0.00487370284488,0.00487296867523,0.00487296867523,0.00487444872897,9.62944052094,1.80720255373,1.80720255373,2.40599948715,149,8.0684426387,1.52861438671,0.0,0.00086960104723,1.51427331494,7.15209678646,1.8072025544,1.0,2.53311492606e-06,0.00487444872897
1.80720255373,-0.00484329341048,0.00484356964231,0.00484356964231,0.00484248659372,9.62944052094,1.80720255373,1.80720255373,2.20030495616,150,8.0684426387,1.52861438671,0.0,0.000826304454165,0.531009814503,3.64136001556,1.80720255373,1.0,2.39528089209e-06,0.00484248659372
1.80720255373,-0.00483053300483,0.00483036612841,0.00483036612841,0.0048306029046,9.62944052094,1.80720255373,1.80720255373,2.57265996887,151,8.0684426387,1.52861438671,0.0,0.000824112758118,1.22829316542,6.16596276756,1.80777253721,1.0,2.3225213793e-06,0.0048306029046
1.80720255373,-0.00484702924191,0.00484633099998,0.00484633099998,0.00484695518093,9.62944052094,1.80720255373,1.80720255373,4.54304062023,152,8.0684426387,1.52861438671,0.0,0.000854517965223,6.34934093003,24.0641942461,1.80720262984,1.0,2.48168901013e-06,0.00484695518093
1.80720255373,-0.00485019418836,0.0048511773291,0.0048511773291,0.00485071879626,9.62944052094,1.80720255373,1.80720255373,2.30009930644,153,8.0684426387,1.52861438671,0.0,0.000851684838349,0.726512750686,4.18245619954,1.80720255391,1.0,2.41353405382e-06,0.00485071879626
1.80720255373,-0.00484595778105,0.0048455150967,0.0048455150967,0.004846165766,9.62944052094,1.80720255373,1.80720255373,2.10961532905,154,8.0684426387,1.52861438671,0.0,0.00083054786058,0.421069036871,3.17255854703,1.80720454938,1.0,2.41216796565e-06,0.004846165766
1.80720255373,-0.00483180781966,0.00483169858875,0.00483169858875,0.00483137409461,9.62944052094,1.80720255373,1.80720255373,2.3769604796,155,8.0684426387,1.52861438671,0.0,0.000830205226449,1.08531622626,5.70457802442,1.81715068081,1.0,2.39084756411e-06,0.00483137409461
1.80720255373,-0.00481940936344,0.00482051325411,0.00482051325411,0.00481938682684,9.62944052094,1.80720255373,1.80720255373,3.18607950612,156,8.0684426387,1.52861438671,0.0,0.000830753265304,3.58200215428,14.4962601356,1.82504741306,1.0,2.37075073689e-06,0.00481938682684
1.80720255373,-0.00480319343387,0.00480248234184,0.00480248234184,0.00480342881428,9.62944052094,1.80720255373,1.80720255373,2.55748075554,157,8.0684426387,1.52861438671,0.0,0.000827389793656,0.975351081375,5.08889584402,1.80720353829,1.0,2.38663714356e-06,0.00480342881428
1.80720255373,-0.00480118732355,0.00480075534668,0.00480075534668,0.00480114754899,9.62944052094,1.80720255373,1.80720255373,3.92085240206,158,8.0684426387,1.52861438671,0.0,0.000835219845398,2.64133790533,9.29590265207,1.81011994898,1.0,2.3915519584e-06,0.00480114754899
1.80720255373,-0.00478817287356,0.00478926527851,0.00478926527851,0.00478789083898,9.62944052094,1.80720255373,1.80720255373,2.34280562279,159,8.0684426387,1.52861438671,0.0,0.000824855502576,1.02417993338,5.47943959622,1.80720256251,1.0,2.33288999306e-06,0.00478789083898
1.80720255373,-0.00477548724623,0.00477556826503,0.00477556826503,0.00477540443839,9.62944052094,1.80720255373,1.80720255373,2.39297005815,160,8.0684426387,1.52861438671,0.0,0.000811700916391,1.21280022114,6.15173660665,1.80720255662,1.0,2.26820031096e-06,0.00477540443839
1.80720255373,-0.00475679467901,0.00475606332554,0.00475606332554,0.00475709956785,9.62944052094,1.80720255373,1.80720255373,3.40309429258,161,8.0684426387,1.52861438671,0.0,0.000816472824325,4.60147704581,17.935321449,1.80720537483,1.0,2.32291997389e-06,0.00475709956785
1.80720255373,-0.00476305296782,0.00476405982401,0.00476405982401,0.00476361236566,9.62944052094,1.80720255373,1.80720255373,4.54496405542,162,8.0684426387,1.52861438671,0.0,0.00083889769063,4.2999747931,13.9080256925,1.81474644932,1.0,2.40396457585e-06,0.00476361236566
1.80720255373,-0.00473812382873,0.00473703003282,0.00473703003282,0.00473777661149,9.62944052094,1.80720255373,1.80720255373,2.05253447457,163,8.0684426387,1.52861438671,0.0,0.000809578762882,0.35367651335,2.86936043629,1.80736489887,1.0,2.24178395807e-06,0.00473777661149
1.80720255373,-0.00472049715955,0.00472137745983,0.00472137745983,0.00472008388661,9.62944052094,1.80720255373,1.80720255373,2.50693493345,164,8.0684426387,1.52861438671,0.0,0.000822203659023,1.42559295744,6.844877112,1.80720256823,1.0,2.30619087482e-06,0.00472008388661
1.80720255373,-0.0047257730724,0.00472616665477,0.00472616665477,0.00472646748026,9.62944052094,1.80720255373,1.80720255373,2.25966003046,165,8.0684426387,1.52861438671,0.0,0.00081723328656,0.797223979334,4.60700095117,1.80720257495,1.0,2.2731147498e-06,0.00472646748026
1.80720255373,-0.00470252546721,0.00470096920999,0.00470096920999,0.00470253721071,9.62944052094,1.80720255373,1.80720255373,2.00823200222,166,8.0684426387,1.52861438671,0.0,0.000802176074199,0.262837829733,2.68464827339,1.80720255373,1.0,2.24954213633e-06,0.00470253721071
1.80720255373,-0.00468184396529,0.00468218685074,0.00468218685074,0.00468134986407,9.62944052094,1.80720255373,1.80720255373,2.86123868426,167,8.0684426387,1.52861438671,0.0,0.000800272766307,1.27053309642,5.0685565827,1.80906363118,1.0,2.21192646506e-06,0.00468134986407
1.80720255373,-0.00467935011355,0.00467979916044,0.00467979916044,0.00467960160997,9.62944052094,1.80720255373,1.80720255373,2.60877284727,168,8.0684426387,1.52861438671,0.0,0.000814077604133,1.18694686872,6.11057069777,1.80839500452,1.0,2.2725282309e-06,0.00467960160997
1.80720255373,-0.00466249887844,0.00466307371074,0.00466307371074,0.00466240726155,9.62944052094,1.80720255373,1.80720255373,2.44111454192,169,8.0684426387,1.52861438671,0.0,0.00080058695425,1.0063717343,5.1290334925,1.80721318697,1.0,2.24354482589e-06,0.00466240726155
1.80720255373,-0.00463362627392,0.00463290509796,0.00463290509796,0.00463386960173,9.62944052094,1.80720255373,1.80720255373,3.70684272471,170,8.0684426387,1.52861438671,0.0,0.000791809580502,4.36008242129,17.3529636778,1.80720282044,1.0,2.21778965189e-06,0.00463386960173
1.80720255373,-0.00463766199089,0.00463763401358,0.00463763401358,0.00463726376682,9.62944052094,1.80720255373,1.80720255373,1.95989189353,171,8.0684426387,1.52861438671,0.0,0.000815558403352,0.213973663126,2.54571331338,1.80720357176,1.0,2.3536322782e-06,0.00463726376682
1.80720255373,-0.00464496896988,0.00464533360661,0.00464533360661,0.00464540833896,9.62944052094,1.80720255373,1.80720255373,2.21660935775,172,8.0684426387,1.52861438671,0.0,0.00081461421652,0.467858713554,3.0108171658,1.80801061395,1.0,2.29829627613e-06,0.00464540833896
1.80720255373,-0.00463346182087,0.0046340392755,0.0046340392755,0.00463289307127,9.62944052094,1.80720255373,1.80720255373,4.20598944852,173,8.0684426387,1.52861438671,0.0,0.00079898529175,3.98706609237,14.711889525,1.80730460111,1.0,2.19772918629e-06,0.00463289307127
1.80720255373,-0.00460799263324,0.0046072366844,0.0046072366844,0.0046083365183,9.62944052094,1.80720255373,1.80720255373,4.16053967598,174,8.0684426387,1.52861438671,0.0,0.000787449517536,3.76481879105,15.618822293,1.89133793991,1.0,2.20956638655e-06,0.0046083365183
1.80720255373,-0.00461311309731,0.00461351526135,0.00461351526135,0.00461325802232,9.62944052094,1.80720255373,1.80720255373,4.38643578352,175,8.0684426387,1.52861438671,0.0,0.000817595170576,5.01790001317,15.3526229252,1.80720255538,1.0,2.27192392211e-06,0.00461325802232
1.80720255373,-0.00460779198497,0.00460713600264,0.00460713600264,0.00460745946523,9.62944052094,1.80720255373,1.80720255373,2.48381338503,176,8.0684426387,1.52861438671,0.0,0.000795936409501,1.0476152446,5.4792835268,1.80925854197,1.0,2.19077214034e-06,0.00460745946523
1.80720255373,-0.00460388635398,0.00460365729133,0.00460365729133,0.00460392912013,9.62944052094,1.80720255373,1.80720255373,3.05516166493,177,8.0684426387,1.52861438671,0.0,0.000810962479409,2.46550044121,10.3917162094,1.80720255373,1.0,2.2542410453e-06,0.00460392912013
1.80720255373,-0.00460455792046,0.00460515786573,0.00460515786573,0.00460488742572,9.62944052094,1.80720255373,1.80720255373,3.85717859276,178,8.0684426387,1.52861438671,0.0,0.000805553240895,3.81944873514,15.3722531122,1.84991165284,1.0,2.29100569408e-06,0.00460488742572
1.80720255373,-0.00459038538382,0.00458983528745,0.00458983528745,0.00459019379858,9.62944052094,1.80720255373,1.80720255373,1.97409343436,179,8.0684426387,1.52861438671,0.0,0.00079573057636,0.215225813676,2.57921178942,1.80726061537,1.0,2.21456472503e-06,0.00459019379858
1.80720255373,-0.00458021254817,0.00458039331663,0.00458039331663,0.00457969950628,9.62944052094,1.80720255373,1.80720255373,2.2322269756,180,8.0684426387,1.52861438671,0.0,0.000790677686188,0.543056791984,3.35560026076,1.81882814556,1.0,2.20134860374e-06,0.00457969950628
1.80720255373,-0.00455393628615,0.00455376061799,0.00455376061799,0.00455403212092,9.62944052094,1.80720255373,1.80720255373,2.03370245353,181,8.0684426387,1.52861438671,0.0,0.000781969066754,0.249559755446,2.68405897507,1.80720262813,1.0,2.15810119023e-06,0.00455403212092
1.80720255373,-0.00454707688873,0.00454800572896,0.00454800572896,0.00454731962903,9.62944052094,1.80720255373,1.80720255373,3.63885089004,182,8.0684426387,1.52861438671,0.0,0.000780994231641,3.02042857984,10.5166950923,1.8314210852,1.0,2.17981378522e-06,0.00454731962903
1.80720255373,-0.00453744618193,0.00453687185289,0.00453687185289,0.00453748820075,9.62944052094,1.80720255373,1.80720255373,2.25971580177,183,8.0684426387,1.52861438671,0.0,0.000788492191256,0.707954123856,4.1072357595,1.807735078,1.0,2.16671638706e-06,0.00453748820075
1.80720255373,-0.00453491732981,0.00453581437995,0.00453581437995,0.00453526974534,9.62944052094,1.80720255373,1.80720255373,3.46980235166,184,8.0684426387,1.52861438671,0.0,0.000787765814839,2.99036818956,11.1555133545,1.80720255373,1.0,2.14509495437e-06,0.00453526974534
1.80720255373,-0.00454292436561,0.00454238043217,0.00454238043217,0.00454240077164,9.62944052094,1.80720255373,1.80720255373,4.34862280352,185,8.0684426387,1.52861438671,0.0,0.000800821317763,3.96011187829,12.9529712485,1.80733121268,1.0,2.25783636313e-06,0.00454240077164
1.80720255373,-0.00452206942113,0.00452138231502,0.00452138231502,0.00452238427468,9.62944052094,1.80720255373,1.80720255373,3.78571134741,186,8.0684426387,1.52861438671,0.0,0.000789903685238,3.78605515952,14.9466499001,1.82197543749,1.0,2.18465097305e-06,0.00452238427468
1.80720255373,-0.00451485550772,0.00451568427035,0.00451568427035,0.00451456280693,9.62944052094,1.80720255373,1.80720255373,3.49708098267,187,8.0684426387,1.52861438671,0.0,0.000776435944307,3.74089943203,15.118621542,1.80730038227,1.0,2.15342532233e-06,0.00451456280693
1.80720255373,-0.00452189615081,0.00452164562593,0.00452164562593,0.00452205227519,9.62944052094,1.80720255373,1.80720255373,4.97118293197,188,8.0684426387,1.52861438671,0.0,0.000802565088684,6.86903671763,26.5167933083,1.80720261588,1.0,2.23870337985e-06,0.00452205227519
1.80720255373,-0.00448273186758,0.0044827702897,0.0044827702897,0.00448336449371,9.62944052094,1.80720255373,1.80720255373,2.35769742271,189,8.0684426387,1.52861438671,0.0,0.000763632170388,1.09391840188,5.67501419294,1.80720255374,1.0,2.07870055582e-06,0.00448336449371
1.80720255373,-0.00448467376027,0.00448517780206,0.00448517780206,0.00448400222538,9.62944052094,1.80720255373,1.80720255373,4.27553251607,190,8.0684426387,1.52861438671,0.0,0.000786705928049,3.35461235772,10.9421501511,1.80720255373,1.0,2.18550271164e-06,0.00448400222538
1.80720255373,-0.00450474423538,0.00450423106868,0.00450423106868,0.00450506345798,9.62944052094,1.80720255373,1.80720255373,2.21161840576,191,8.0684426387,1.52861438671,0.0,0.000816144387266,0.743259492257,4.46516681725,1.80727597198,1.0,2.27303383299e-06,0.00450506345798
1.80720255373,-0.0044987782915,0.00449789378759,0.00449789378759,0.00449903511122,9.62944052094,1.80720255373,1.80720255373,2.21135946133,192,8.0684426387,1.52861438671,0.0,0.000791137212177,0.470304065828,3.3988445697,1.80813647847,1.0,2.1988387608e-06,0.00449903511122
1.80720255373,-0.00446710352899,0.0044671216952,0.0044671216952,0.00446669259161,9.62944052094,1.80720255373,1.80720255373,2.29058497888,193,8.0684426387,1.52861438671,0.0,0.000758467287856,0.508791689586,3.3447693502,1.81768873223,1.0,2.10570841244e-06,0.00446669259161
1.80720255373,-0.00448411204033,0.00448502914177,0.00448502914177,0.00448385633732,9.62944052094,1.80720255373,1.80720255373,3.05595903726,194,8.0684426387,1.52861438671,0.0,0.000809382462601,2.06896354386,9.03823446991,1.80720255373,1.0,2.26932887297e-06,0.00448385633732
1.80720255373,-0.00446785300489,0.00446768969016,0.00446768969016,0.00446807506449,9.62944052094,1.80720255373,1.80720255373,3.85547269562,195,8.0684426387,1.52861438671,0.0,0.000770925502802,5.56452388882,21.3778121025,1.81300175427,1.0,2.10765653901e-06,0.00446807506449
1.80720255373,-0.00446292564366,0.00446272084963,0.00446272084963,0.00446313571483,9.62944052094,1.80720255373,1.80720255373,4.70722108476,196,8.0684426387,1.52861438671,0.0,0.000779864098112,4.40762751987,14.9717984475,1.81517881459,1.0,2.18606724196e-06,0.00446313571483
1.80720255373,-0.0044490146648,0.00444937930069,0.00444937930069,0.00444864070381,9.62944052094,1.80720255373,1.80720255373,1.95292429527,197,8.0684426387,1.52861438671,0.0,0.000770393598111,0.237781133288,2.65780686487,1.80720255373,1.0,2.12552976339e-06,0.00444864070381
1.80720255373,-0.00445354646359,0.00445342188927,0.00445342188927,0.00445367647137,9.62944052094,1.80720255373,1.80720255373,3.21807505423,198,8.0684426387,1.52861438671,0.0,0.000786727396858,3.2086324577,13.262650798,1.80770532882,1.0,2.22396076065e-06,0.00445367647137
1.80720255373,-0.00444413539768,0.00444430087624,0.00444430087624,0.00444387654877,9.62944052094,1.80720255373,1.80720255373,2.70307690386,199,8.0684426387,1.52861438671,0.0,0.000792166336079,2.03593099668,9.06897207405,1.80721999809,1.0,2.17767400151e-06,0.00444387654877
