Entropy,NumTrajs,LossAfter,MinReturn,MeanKL,Iteration,ExplainedVariance,AverageReturn,Perplexity,AverageDiscountedReturn,MeanKLBefore,AveragePolicyStd,LossBefore,dLoss,StdReturn,MaxReturn
1.4189385332,63,-0.00889352439746,-1000.0,0.00676535140654,0,2.35478303523e-13,-189.841269841,4.13273135412,-150.226348474,0.0,1.0,1.31686334451e-08,0.00889353756609,392.743027839,4.0
1.43680740035,59,-0.0111400419277,-1000.0,0.00518593895494,1,-0.0652773522178,-168.576271186,4.20724231226,-116.728167435,-7.90408194451e-09,1.01802947052,2.31158523082e-08,0.0111400650435,375.513894364,7.0
1.4319423016,61,-0.00138387588544,-1000.0,0.00727819362993,2,-112.362008937,-211.737704918,4.18682337332,-145.681668823,1.27794705061e-08,1.01308868508,-2.27412326502e-09,0.00138387361132,409.830708817,11.0
1.42243287041,62,-0.297889996207,-1000.0,0.0032747614493,3,-19.1486791355,-289.241935484,4.14719777159,-180.42196007,2.45961044904e-08,1.00350044951,1.6322705398e-08,0.297890012529,453.752230439,7.0
1.43859332314,60,-0.0238736455037,-1000.0,0.00259854819837,4,-38.220768327,-199.016666667,4.21476283575,-127.582545498,-3.67510995178e-08,1.01984921704,9.01544347662e-09,0.0238736545191,400.328177527,8.0
1.43894809372,66,-0.0146552333065,-1000.0,0.00756398289716,5,-0.269399913163,-438.757575758,4.21625837484,-260.207413615,2.67308349622e-08,1.02021109372,-9.2314965417e-10,0.0146552323834,496.481714412,9.0
1.40062980986,56,-0.00288746551372,-1000.0,0.00531302895548,6,-0.422630545832,-88.5178571429,4.0577547762,-52.4333543134,-2.80208766745e-08,0.981857863119,-5.11506143744e-09,0.00288746039866,285.399844271,6.0
1.39551475159,60,-0.00973304291013,-1000.0,0.00696177481854,7,0.0291954721099,-249.35,4.03705211686,-148.099132229,1.30271681012e-08,0.976848425638,-7.9174207191e-09,0.00973303499271,433.158663194,6.0
1.35135635807,69,-0.00402567426163,-1000.0,0.00384502641734,8,-40.9905971404,-318.231884058,3.86266113081,-240.257035793,-2.18050683481e-08,0.934650912395,9.04523430256e-10,0.00402567516615,466.227478997,5.0
1.35040685608,60,-0.0126113206012,-1000.0,0.00727389132409,9,-0.571998518939,-149.116666667,3.85899526703,-113.057591665,-3.53635146028e-08,0.933763880678,-8.86768437139e-09,0.0126113117335,357.445804361,6.0
1.42050435467,57,-0.00940729653521,-1000.0,0.00578930542539,10,0.0863484448265,-104.245614035,4.13920754256,-74.6765250875,-1.79620671702e-08,1.00156704801,2.19093711898e-09,0.00940729872614,307.244646832,6.0
1.4052035937,55,-0.00860138005333,-1000.0,0.00650298907161,11,-0.0341073630706,-34.9272727273,4.07635657729,-28.0428549945,-1.02957632038e-08,0.986358954406,5.45731174422e-09,0.00860138551064,187.481960785,7.0
1.39677139817,56,-0.00669711500537,-1000.0,0.00912795675826,12,0.0308139405273,-52.6071428571,4.04212845354,-41.3743782074,1.77617160285e-08,0.978076750503,-2.15583474272e-10,0.00669711478979,225.402867786,6.0
1.42847033663,54,-0.00179425482027,-1000.0,0.00998981135849,13,-0.0356117207936,-16.5555555556,4.17231207517,-13.4354190898,-9.13153294299e-09,1.00957737575,-7.83055421465e-09,0.00179424698972,135.100191445,7.0
1.44509731306,54,-0.00708420268543,0.0,0.00843486702683,14,-30.4793641304,2.16666666667,4.24226495054,1.41947751802,1.71376689125e-08,1.02650392368,1.28361739446e-08,0.0070842155216,2.40947204913,11.0
1.45705197825,54,-0.0056006430288,0.0,0.00924754757141,15,-0.310715661691,2.07407407407,4.29328415881,1.29541527476,6.10237425314e-08,1.03884907847,3.02686135362e-09,0.00560064605566,2.74773881348,11.0
1.44675096198,54,-0.00552188610929,0.0,0.0083752151096,16,0.052786538959,1.7962962963,4.24928597091,1.18820778355,-4.71498207942e-08,1.02820280507,1.17455957974e-08,0.00552189785488,2.29637096653,8.0
1.44981477669,54,-0.00938525757094,-997.0,0.00894708154226,17,-0.000508345402775,-16.462962963,4.26232496012,-9.39774164064,4.3934954258e-08,1.03135785874,1.96419406919e-08,0.00938527721288,134.705400503,9.0
1.42564372047,55,-0.00720977025781,-1000.0,0.00911887089688,18,0.000889141827585,-34.6909090909,4.16053520259,-27.5233357469,-3.17468541473e-09,1.00672771736,1.11769186872e-08,0.00720978143473,187.528797568,9.0
1.50006048455,54,-0.00660865733389,0.0,0.00654932342787,19,-139.929442146,1.92592592593,4.48196015147,1.17495973944,1.34093354337e-08,1.08450314512,2.25704884453e-09,0.00660865959093,2.01707389692,7.0
1.48163121267,54,-0.0110176594824,-1000.0,0.00809604172019,20,5.1566866799e-05,-33.7222222222,4.40011735724,-14.1173742686,-4.88204022764e-08,1.0646995849,8.50762634275e-09,0.01101766799,189.43428614,12.0
1.4583076544,54,-0.00448153065758,-1000.0,0.00732707928157,21,-0.0521228590902,-16.037037037,4.29867851941,-12.9101522162,7.71495298896e-09,1.04015435582,-1.66470962521e-08,0.00448151401048,135.185464231,12.0
1.50684858932,54,-0.00614366741959,0.0,0.00844303626264,22,-29.3362125295,2.07407407407,4.51248766131,1.1837816233,-6.00717478122e-08,1.09188990879,-2.10175209211e-08,0.00614364640207,2.37932336983,8.0
1.48866893424,54,-0.00688213913947,0.0,0.00842346458123,23,0.0800295841656,3.14814814815,4.43119338204,1.87567711282,-2.94112341426e-08,1.07221907314,1.40457541431e-08,0.00688215318523,3.12343239145,12.0
1.4737687975,54,-0.00642612897506,0.0,0.00910712543729,24,0.0837778728546,3.01851851852,4.36565745436,1.740201297,6.68292958472e-09,1.05636129723,-1.62161060267e-08,0.00642611275895,2.7520412676,13.0
1.44628562106,54,-0.00823295420973,0.0,0.00730495560577,25,0.0822138040946,2.94444444444,4.2473090643,1.92676645312,5.78168949106e-08,1.02772445155,-3.33606410224e-08,0.00823292084909,2.97157313785,11.0
1.43800611495,54,-0.0209741553855,-1000.0,0.00837075385866,26,4.86428207513e-06,-33.8148148148,4.21228861898,-15.3444854422,2.41881153301e-09,1.01925052902,6.70067186196e-09,0.0209741620862,188.912195367,8.0
1.41084834262,54,-0.00359021591877,0.0,0.00802404910045,27,-26.5036703614,4.25925925926,4.09943165191,2.40018173875,1.12049277513e-08,0.991942446929,1.08375382633e-08,0.00359022675631,4.01471914605,13.0
1.41722373319,54,-0.00825525685901,0.0,0.00819784166594,28,0.000924942247757,2.90740740741,4.12565061908,1.84147227066,-1.24042836519e-08,0.998286669411,-1.41164536442e-08,0.00825524274256,3.07479911129,14.0
1.43486438206,54,-0.00856018128339,0.0,0.00983579202279,29,0.0603898693158,3.07407407407,4.19907550021,1.88503010818,-1.13879099553e-08,1.0160533411,-8.40081299806e-09,0.00856017288257,3.39853918428,16.0
1.43568263276,54,-0.00513474421503,0.0,0.00655798634229,30,0.0814987280454,2.66666666667,4.20251280277,1.42668242451,-3.81284212189e-09,1.01688506769,-2.04266876729e-08,0.00513472378834,2.47206616237,10.0
1.43241531103,54,-0.00810680083355,0.0,0.00656576048287,31,0.0563086594304,2.68518518519,4.18880424867,1.76009891563,2.82899015377e-08,1.01356799892,-1.54635616695e-08,0.00810678536998,3.04791412629,11.0
1.4376470249,54,-0.00590534424761,0.0,0.00847069390918,32,0.0925948510302,4.2962962963,4.21077629961,2.61663104316,-2.81382783809e-08,1.018884592,3.58861191415e-08,0.00590538013373,3.85683438428,15.0
1.43511856979,54,-0.00893336734732,0.0,0.00847521820007,33,0.118723737222,3.5,4.20014298935,2.15474861138,5.82922848533e-09,1.01631164222,2.10825218485e-08,0.00893338842984,2.94234726153,10.0
1.40596881396,54,-0.00631961810003,0.0,0.0083676976809,34,0.0586060655639,3.12962962963,4.07947708173,1.79740006695,-7.99202424032e-09,0.987114025125,-2.59031038109e-08,0.00631959219693,3.13313413253,12.0
1.38681820853,54,-0.00754999829374,0.0,0.00991138517986,35,0.166957109716,2.81481481481,4.00209593858,1.72752264634,5.84486005428e-09,0.968390053854,-2.74307993304e-09,0.00754999555066,2.00068575349,8.0
1.37896181716,54,-0.00821268023843,0.0,0.00947352877519,36,0.0765798663249,4.03703703704,3.97077709423,2.28192888962,-1.82589700651e-08,0.960811810394,-4.19556842347e-08,0.00821263828274,2.94368730074,12.0
1.37797690629,54,-0.00671741196456,0.0,0.00706919451943,37,0.109390765546,4.11111111111,3.96686815798,2.38684181478,3.5286631471e-08,0.959865962257,-1.88381950755e-08,0.00671739312637,3.54686437767,13.0
1.36851573064,54,-0.00777607256502,0.0,0.00675000891289,38,0.203126852253,4.09259259259,3.92951390776,2.61046537578,-1.302837737e-08,0.950827327268,3.55082668071e-08,0.00777610807329,3.25615382359,13.0
1.360458602,54,-0.00432031379744,0.0,0.00836603484968,39,-0.0388692463822,3.22222222222,3.89798051361,1.84307704252,3.37637755879e-08,0.94319716904,-5.69380340005e-08,0.00432025685941,3.8473977096,17.0
1.34697771891,54,-0.00826002849015,0.0,0.00868745814691,40,0.0729946928228,4.35185185185,3.84578490593,2.63155989469,2.26617095644e-08,0.930567360033,-4.20374540089e-08,0.00825998645269,4.18620931422,13.0
1.3282144673,54,-0.00511371065228,1.0,0.00531321559852,41,0.198257978289,5.61111111111,3.77429823462,3.48405751817,3.45083650682e-08,0.913269678381,1.21563992897e-08,0.00511372280868,3.2683480178,12.0
1.32048937007,54,-0.00946052050676,0.0,0.00854845383964,42,0.0811368722793,4.07407407407,3.74525374394,2.55712854652,1.8430555207e-08,0.90624176193,-1.94392293663e-08,0.00946050106753,3.56345572938,15.0
1.30786616428,54,-0.00566044651538,0.0,0.00838688223635,43,0.0681116072298,3.35185185185,3.69827377795,1.96155183763,-1.28291716972e-08,0.894873985522,-1.53513405646e-08,0.00566043116404,3.10410366025,19.0
1.29613401069,54,-0.00387304558523,0.0,0.00630489551521,44,0.0761281908419,4.33333333333,3.65513859105,2.59145588935,7.6323235787e-09,0.884436533094,2.22028452877e-08,0.00387306778808,4.26440912498,18.0
1.28186445011,54,-0.0097301718962,0.0,0.00901520739994,45,0.134344090412,4.42592592593,3.60335173608,2.6560099522,-2.16692699895e-08,0.871905630276,-1.77927865146e-08,0.00973015410342,2.97894992593,15.0
1.27966572418,54,-0.0103614505207,0.0,0.00990166359193,46,0.129198192011,4.35185185185,3.59543765678,2.62368555991,6.79438671991e-10,0.869990654775,-3.44974849519e-08,0.0103614160232,2.63282278741,11.0
1.27292811944,54,-0.00684321768915,0.0,0.00634389641162,47,0.111026539662,5.96296296296,3.57129444404,3.45122840504,-4.35373636309e-08,0.864148704095,-4.77406083553e-08,0.00684316994854,4.84180469477,21.0
1.26461857631,54,-0.00861719083748,0.0,0.0087358477558,48,0.139854453902,4.68518518519,3.54174157429,2.59792027064,1.92501440621e-08,0.85699777479,-6.40266099148e-08,0.00861712681087,3.48979503842,12.0
1.25655348672,54,-0.0102072274712,0.0,0.00957234309854,49,0.0607251944508,4.81481481481,3.51329198964,2.87485402093,1.10986650148e-08,0.850113808182,-6.20791202564e-08,0.0102071653921,3.8924146275,12.0
1.23197110071,54,-0.00764194929316,0.0,0.00647150646836,50,0.132696298562,6.53703703704,3.42797977476,3.95994582137,-3.78644174348e-09,0.829470749735,-7.8302161377e-08,0.007641870991,5.21292184708,20.0
1.23586094453,54,-0.00574601792658,0.0,0.00616901430424,51,0.0852033786453,4.46296296296,3.44134004855,2.49744526499,2.71321115575e-09,0.832703544864,1.03114662439e-07,0.00574612104124,3.67026572337,13.0
1.2441902019,54,-0.0108221105533,0.0,0.00769752213512,52,0.113205261036,4.83333333333,3.47012356174,2.80055244634,1.68757834651e-08,0.839668312406,-3.52082628543e-08,0.0108220753451,4.25027232243,19.0
1.24778997971,54,-0.00760796821641,0.0,0.00601316248201,53,0.113299954373,6.12962962963,3.48263774619,3.38491538203,1.2583192821e-09,0.842696378684,2.55910293506e-08,0.00760799380744,5.01865518469,19.0
1.24295894875,54,-0.0112664601081,0.0,0.009544520469,54,0.139656244012,6.44444444444,3.46585359043,3.72045393525,-1.24634962351e-08,0.838635104355,-9.46908110663e-08,0.0112663654173,5.31129706787,24.0
1.24727998747,54,-0.0092664616977,0.0,0.00975682301533,55,0.0561761432218,5.09259259259,3.48086208079,2.93963356993,2.40117198347e-09,0.84226671964,-7.90201708083e-08,0.00926638267753,3.37895731517,12.0
1.22528579904,54,-0.00712186525954,0.0,0.00690216750807,56,0.130998787577,4.75925925926,3.40513912924,2.85792033437,-1.03329051981e-08,0.823943982192,-5.10153457424e-09,0.00712186015801,3.43691929875,11.0
1.22071485295,54,-0.00610963020055,1.0,0.00693658042459,57,0.19354055078,5.5,3.38960994041,3.24671413517,1.73065921871e-08,0.820186373119,-7.57015849443e-08,0.00610955449896,2.998456393,10.0
1.20828935577,54,-0.00727593594385,0.0,0.00794074831356,58,0.0292074864311,4.07407407407,3.34775293725,2.51444589104,-1.81227592377e-08,0.810058203737,4.13803394781e-08,0.00727597732419,3.16140997524,12.0
1.19846285953,54,-0.0100980052523,0.0,0.00736807428526,59,0.15694954221,7.40740740741,3.31501735703,4.57364799729,-2.76488873463e-08,0.802137151673,-9.47067024962e-10,0.0100980043053,4.59274193306,18.0
1.19648817255,54,-0.00710284119484,0.0,0.007077376713,60,0.144790331904,6.33333333333,3.30847769443,3.72133737123,1.30319023628e-08,0.800554744776,6.21867483327e-09,0.00710284741351,4.90275810509,20.0
1.16522134914,54,-0.0131962892157,0.0,0.0093164430499,61,0.164962691608,6.31481481481,3.20663259001,4.10669626596,-2.32327923566e-09,0.775911211072,3.806069102e-08,0.0131963272764,4.05437155049,19.0
1.15968449487,54,-0.00667160519302,0.0,0.00951870923395,62,0.190525021356,6.85185185185,3.18892699456,4.22856536109,-3.98178456318e-08,0.771626975312,-1.49198718935e-08,0.00667159027315,4.1917352873,15.0
1.14845754279,54,-0.00809944891264,0.0,0.00900696368775,63,0.138039096691,6.24074074074,3.1533252873,3.74353002167,1.8314860073e-08,0.763012404411,1.9951252554e-08,0.00809946886389,4.63055546298,21.0
1.14904414191,54,-0.0095484247104,0.0,0.00769675673778,64,0.10833478548,6.05555555556,3.15517556774,3.49243396332,-2.92372944188e-08,0.763460118111,1.23215901283e-08,0.00954843703199,4.63248060365,17.0
1.14410938396,54,-0.00967875655476,0.0,0.00843900681165,65,0.190957505034,6.83333333333,3.13964389407,3.91733904691,1.58554899765e-08,0.759701907781,-1.07823372866e-08,0.00967874577242,4.13991411612,18.0
1.13840390815,54,-0.012382442771,0.0,0.00966928956973,66,0.214106616815,6.7962962963,3.1217817363,3.82259395435,3.24126036011e-08,0.755379788524,7.512037525e-08,0.0123825178914,4.04319102813,15.0
1.12886999621,54,-0.0103822005119,0.0,0.00999226127165,67,0.133177045936,5.88888888889,3.09216037223,3.39436355974,-1.66460794593e-08,0.748212285598,5.29669340577e-08,0.0103822534788,4.36173031698,15.0
1.13968749418,54,-0.00701253884273,0.0,0.00913113205464,68,0.159744391834,6.11111111111,3.12579138453,3.65676472219,-3.30400012905e-08,0.75635000601,1.306897824e-07,0.00701266953252,4.79068025274,20.0
1.12775822057,54,-0.0168152546337,0.0,0.0099229823836,69,0.202406806513,6.90740740741,3.08872449398,3.96846069872,3.37048416399e-08,0.747380903649,-6.83630626752e-08,0.0168151862706,4.07916348777,15.0
1.13467831983,54,-0.00854360605549,0.0,0.00823196161054,70,0.141009144958,6.2962962963,3.11017290102,3.61953843256,3.43551687099e-09,0.75257079024,3.6428292197e-09,0.00854360969832,4.03975443712,16.0
1.14076210632,54,-0.00795683365491,0.0,0.00937785191736,71,0.103192429696,4.2037037037,3.12915220336,2.25834627848,-1.81125851539e-08,0.757163225778,5.93064785582e-08,0.00795689296139,2.94630735384,12.0
1.11602158918,54,-0.0132008731318,0.0,0.00997831531188,72,0.148977710641,7.42592592593,3.05268517691,4.28776123273,-1.98293426124e-09,0.738660443985,8.76994296285e-10,0.0132008740088,4.45388657513,20.0
1.12162144555,54,-0.00778196749296,0.0,0.00922347996262,73,0.168046895867,6.55555555556,3.06982772858,3.91249168129,4.58766489242e-08,0.742808439633,3.30182627937e-08,0.00778200051122,5.13761245409,20.0
1.12754000797,54,-0.00749933757511,0.0,0.00946224380379,74,0.213148251474,4.94444444444,3.0880505689,3.0162976961,-1.8731469098e-08,0.747217833508,-5.29995388625e-08,0.00749928457557,3.43412432456,12.0
1.12399818076,54,-0.00951807769189,0.0,0.00843544877983,75,0.0545272170228,4.03703703704,3.07713257363,2.43115005153,-5.89516024885e-09,0.744575998283,9.18478587069e-08,0.00951816953974,3.14444226323,10.0
1.10966046228,54,-0.0184677443377,0.0,0.00996812063908,76,0.179678075102,6.59259259259,3.03332829019,4.28017985262,2.43066375916e-08,0.733976644081,-1.62952074671e-09,0.0184677427082,4.34408289993,14.0
1.10552652253,54,-0.0130434164816,0.0,0.00870216855474,77,0.190839311266,6.74074074074,3.0208145771,3.84585023135,-2.57822889149e-08,0.73094869186,6.64728875688e-09,0.0130434231288,3.8402603364,13.0
1.10068117155,54,-0.0065346663241,0.0,0.00912873913809,78,0.197398508388,7.81481481481,3.0062130735,4.76142070639,-1.02598577967e-08,0.727415555454,-1.53099678756e-07,0.00653451322442,4.36770163339,16.0
1.08763398303,54,-0.00556934448469,0.0,0.00700934872321,79,0.239459816554,6.83333333333,2.96724520813,3.94567882667,-3.50766991564e-08,0.717986472837,-4.3316704206e-08,0.00556930116799,3.65528536658,17.0
1.06873525752,54,-0.00927965755456,0.0,0.00999587209482,80,0.143664433256,7.57407407407,2.91169462639,4.6929012927,-2.90298696193e-08,0.704544858326,-1.68450385843e-07,0.00927948910417,6.39328887672,26.0
1.06226764693,54,-0.00599741663821,0.0,0.0098590290189,81,0.193869080074,6.7962962963,2.89292368636,3.97925377185,2.70655347023e-08,0.700002840368,2.29392581224e-08,0.00599743957746,4.32640313197,21.0
1.05214460267,54,-0.00302467136957,0.0,0.00713162929126,82,0.183463725105,6.62962962963,2.86378622062,3.87201344251,3.03115815226e-08,0.692952426671,-4.32690703654e-08,0.0030246281005,4.32176359876,15.0
1.03290550484,54,-0.00665353158445,0.0,0.00648898792952,83,0.222125821362,8.53703703704,2.80921617974,5.25720259997,-3.56035780302e-08,0.679748074343,-1.82545076985e-08,0.00665351332995,5.07613502346,21.0
1.02636437191,54,-0.00834511083488,1.0,0.00992136381896,84,0.227525246343,7.24074074074,2.79090069062,4.37856285928,1.19997237702e-08,0.67531626217,8.83081151638e-08,0.008345199143,3.863097899,15.0
1.01896347179,54,-0.0115408958695,1.0,0.00948875257442,85,0.193248149304,9.2962962963,2.77032175859,5.45632897728,2.69334254344e-08,0.670336763076,1.40609478839e-07,0.011541036479,5.35975963263,21.0
1.01768343224,54,-0.00862702556019,0.0,0.00657910350746,86,0.125869069538,6.64814814815,2.76677790579,3.8815420963,-1.24187941042e-08,0.669479254448,-3.02000128269e-08,0.00862699536017,4.91090022451,16.0
1.01523019447,54,-0.00672424593151,0.0,0.00983773415636,87,0.252248659732,8.18518518519,2.75999866068,4.69955016423,8.85699719122e-09,0.667838875596,-1.34090652217e-07,0.00672411184085,4.69070820711,21.0
1.01307447328,54,-0.012338098538,1.0,0.00947792373049,88,0.218091246372,9.18518518519,2.75405528152,5.56800001009,-4.80710079647e-08,0.666400751836,-2.67699725844e-08,0.0123380717681,5.59455447561,23.0
1.01123984231,54,-0.00712057937785,2.0,0.00677732357996,89,0.222199855303,8.46296296296,2.74900723848,4.89982852082,-4.26236665962e-08,0.665179273205,-1.21424011537e-08,0.00712056723544,4.50396106721,22.0
1.01000209226,54,-0.00767304679008,0.0,0.00644747658648,90,0.198505407224,10.537037037,2.74560675953,6.26866683559,3.60035001257e-08,0.664356456849,-9.15043078389e-10,0.00767304587504,5.83004022273,24.0
1.00872628464,54,-0.00803233028598,1.0,0.00671903858567,91,0.184925746111,6.40740740741,2.74210612705,3.84017341422,3.62059999204e-08,0.663509406271,-4.20030786039e-08,0.0080322882829,3.68439410828,18.0
1.00262714996,54,-0.0105641570929,1.0,0.00660477473311,92,0.260510926997,7.33333333333,2.72543255135,4.3976860193,4.4637519625e-08,0.659474889077,-4.08464692496e-08,0.0105641162464,4.45554170128,18.0
1.00033803357,54,-0.0135464935686,0.0,0.00986124094599,93,0.181203717177,7.64814814815,2.7192008543,4.66898860578,-3.33092653459e-08,0.657967000829,-7.79179182743e-08,0.0135464156506,5.62783231543,26.0
0.998460129636,54,-0.00810930308555,2.0,0.00692751318322,94,0.17488159198,10.2407407407,2.71409924797,6.03077261467,3.02166569544e-09,0.656732561449,1.98414065931e-08,0.00810932292695,6.5431196127,37.0
0.994481907028,54,-0.0116063913055,0.0,0.00671579817738,95,0.204063737813,9.83333333333,2.70332340555,5.69019823458,-5.26842641735e-08,0.654125123049,-5.2289751513e-09,0.0116063860765,6.17566910455,29.0
0.99392782225,54,-0.00740609175148,0.0,0.00946663394395,96,0.162736806328,8.16666666667,2.70182595009,4.95927833393,-3.65131299085e-08,0.653762782669,3.14269795905e-08,0.00740612317846,6.07286008645,26.0
0.989459530252,54,-0.0110358186345,2.0,0.00913312928628,97,0.224962558856,10.1296296296,2.68978033453,5.83060665436,-9.25123971873e-09,0.650848096343,-1.14028982414e-08,0.0110358072316,5.90996113385,23.0
0.98917217626,54,-0.0133779542855,1.0,0.00969775715018,98,0.255104441926,8.75925925926,2.68900752645,5.09860431315,5.45910244787e-09,0.650661099412,9.283161502e-09,0.0133779635687,4.29010569319,19.0
0.974068597692,54,-0.0110397398349,0.0,0.00925178628406,99,0.169534615909,8.46296296296,2.64869905732,5.03235441696,2.18420629916e-08,0.640907629934,1.18925410115e-07,0.0110398587603,6.28553001084,24.0
0.965417400735,54,-0.0086482149143,0.0,0.00655575736518,100,0.153845658912,8.25925925926,2.62588347345,4.81056102553,2.19418076486e-08,0.635386926575,-1.13899671413e-07,0.00864810101463,5.28164250962,21.0
0.954238847631,54,-0.00851120003621,0.0,0.00653091248593,101,0.11066003135,9.66666666667,2.59669335123,5.53901745019,4.62634438536e-08,0.628323771552,4.97260473698e-08,0.00851124976226,6.84754619472,32.0
0.952432737487,54,-0.00627935138569,1.0,0.00671300787046,102,0.265603462854,8.24074074074,2.59200766973,4.98225740986,3.46445815924e-08,0.627189973804,3.3291854231e-08,0.00627938467754,4.10480831503,18.0
0.946692631382,54,-0.00620027762172,0.0,0.00665974715341,103,0.225074873176,8.53703703704,2.57717189089,4.81280752723,-2.96335545547e-08,0.623600149649,3.75039816726e-08,0.00620031512571,4.29346170858,19.0
0.940104589599,54,-0.00587025444075,1.0,0.00860346995998,104,0.265962446677,8.48148148148,2.56024917976,5.0079059293,1.24025186787e-08,0.619505348977,-1.95153200059e-08,0.00587023492543,4.17993771326,19.0
0.93528954758,54,-0.00471662539182,0.0,0.00683101395557,105,0.150259684194,8.51851851852,2.54795110402,4.9508104951,-3.0911856963e-09,0.616529574679,-3.47526057464e-08,0.00471659063922,6.00537025331,26.0
0.91635616197,54,-0.00794044048256,1.0,0.00933686923723,106,0.237263183462,8.5,2.50016358059,4.96308524075,1.88110415023e-08,0.604966393012,-5.04767748884e-08,0.00794039000579,4.42948872562,24.0
0.906926647562,54,-0.00870955447723,2.0,0.00989339098799,107,0.195771158471,8.96296296296,2.47669905549,5.18954576744,-5.65535120955e-08,0.599288664872,-9.08848550951e-08,0.00870946359237,5.38159745994,24.0
0.901995674509,54,-0.0107022856089,1.0,0.00973518171773,108,0.210387630546,9.22222222222,2.4645165796,5.31961459479,-6.06573981043e-08,0.596340862355,1.26557525294e-07,0.0107024121664,5.24463276498,20.0
0.896615699667,54,-0.0103882187952,1.0,0.00934843469748,109,0.187459904604,9.57407407407,2.45129314517,5.42175677902,2.54994759752e-08,0.593141178346,-1.05072172723e-07,0.010388113723,6.55631403857,27.0
0.891231254476,54,-0.00683747280007,1.0,0.0093435057518,110,0.240202760189,9.68518518519,2.43812976214,5.66521915449,1.33349459253e-08,0.589956025018,-1.40441633958e-07,0.00683733235843,5.43930848707,22.0
0.883237079519,54,-0.0091333365779,2.0,0.00644467601276,111,0.135437616834,11.3888888889,2.41871662565,6.80472875143,-2.58144665644e-08,0.585258614314,-1.00864356747e-07,0.00913323571354,7.50164590993,30.0
0.876231924432,54,-0.0110890477668,3.0,0.0095505238619,112,0.21425308349,9.33333333333,2.40183234811,5.59297619858,2.81266054891e-08,0.581173113446,1.20089350958e-07,0.0110891678562,5.53440418018,22.0
0.866843060392,54,-0.00807427030432,2.0,0.00643726437471,113,0.260027075919,10.4074074074,2.3793874019,5.81120054836,-5.23795550267e-08,0.575742093549,2.87042575719e-08,0.00807429900857,5.44167225972,22.0
0.86159820928,54,-0.0109975007273,1.0,0.00948065819346,114,0.228860753147,7.81481481481,2.36694053874,4.52342644119,-1.47152805496e-08,0.572730317053,7.13795913383e-08,0.0109975721069,3.82038428392,18.0
0.847788945573,54,-0.0107029557161,0.0,0.00859835836384,115,0.256811898444,11.1296296296,2.33447948017,6.4332857904,-3.35206341573e-08,0.564875691192,4.76269548302e-08,0.0107030033431,6.44074500032,28.0
0.847881988424,54,-0.00812309219823,1.0,0.00932097599192,116,0.174992733736,8.57407407407,2.3346966969,5.04457776109,-1.24705160642e-08,0.564928251282,-4.26016003063e-08,0.00812304959663,4.54443840743,18.0
0.838880018133,54,-0.0135423264682,0.0,0.00998649438401,117,0.128688653315,10.2037037037,2.31377414001,5.75197574886,-3.74981063977e-08,0.559865605031,8.17939090374e-08,0.0135424082621,7.09819911858,32.0
0.843626157182,54,-0.00575850756086,2.0,0.00908068823314,118,0.201707354114,11.5185185185,2.32478173493,6.47301762054,3.29660212461e-08,0.562529120749,7.50580162057e-08,0.00575858261888,6.4828569969,24.0
0.837142423528,54,-0.00729386264746,3.0,0.00658220069363,119,0.240884214399,11.8518518519,2.30975722944,7.16934168869,-2.41773957521e-08,0.55889363027,-1.85787046659e-07,0.00729367686041,6.45614093944,31.0
0.837235287565,54,-0.00813365503203,0.0,0.00892093065768,120,0.199001018164,11.2962962963,2.30997173277,6.21861408408,-1.56510157057e-08,0.558945533798,6.14408966021e-08,0.00813371647293,7.16635562537,29.0
0.829161778825,54,-0.0103147714045,2.0,0.00977572021633,121,0.190678497751,10.6481481481,2.29139723737,6.00235813472,-6.96224633501e-09,0.554451049688,8.08109243587e-08,0.0103148522154,6.16188225033,25.0
0.819766894716,54,-0.00955933868281,0.0,0.00966557258422,122,0.186347795852,10.5185185185,2.26997063371,6.09319570807,4.51213649777e-08,0.549266438875,3.97296109976e-08,0.00955937841242,5.81103911388,26.0
0.80064441337,54,-0.00715129958487,0.0,0.00797923530596,123,0.160885286329,11.8703703704,2.22697555902,6.61354195205,-1.29906582158e-08,0.538862889502,-4.00950425634e-08,0.00715125948982,7.12597308832,33.0
0.795699790853,54,-0.00711112862253,1.0,0.00888946724286,124,0.180922910379,10.3888888889,2.2159911847,6.23046024124,-8.17413836618e-09,0.53620499249,-6.08428278844e-09,0.00711112253825,7.40474489186,30.0
0.788298264879,54,-0.00712968255097,0.0,0.00847974862637,125,0.195856441851,9.46296296296,2.19965001777,5.45584798706,-3.09553865874e-08,0.532250908489,8.10810037953e-08,0.00712976363197,5.55015169283,24.0
0.787555889028,54,-0.0092554744666,0.0,0.0091821268068,126,0.241054343164,14.8518518519,2.19801765671,8.67351411932,2.62448164312e-08,0.531855924899,-4.46752006733e-08,0.0092554297914,8.06319348417,27.0
0.78028918876,54,-0.00802525017241,1.0,0.00646733408673,127,0.28338567338,13.6666666667,2.18210321399,7.8733626002,3.58829603808e-08,0.528005095664,1.21903971102e-07,0.00802537207638,6.91750329612,31.0
0.77381743564,54,-0.00592557995597,2.0,0.00683916293054,128,0.305820033237,13.3703703704,2.16802677944,7.46341701119,2.6678959042e-10,0.524599010597,5.23001340219e-08,0.0059256322561,6.71454004463,26.0
0.756693259615,54,-0.0111279757716,2.0,0.00858838966668,129,0.226634895297,13.0555555556,2.13121717381,7.70488503752,4.39372438432e-08,0.515692163655,-4.90135111616e-09,0.0111279708703,7.8632211538,32.0
0.75749023332,54,-0.00653491544635,0.0,0.00649741753761,130,0.208585889792,10.3518518519,2.13291637488,5.80958587518,-4.13726275461e-10,0.516103320568,-5.66996086854e-08,0.00653485874675,6.43243346443,29.0
0.747891501325,54,-0.00943554881426,2.0,0.00923084247928,131,0.282327710986,11.9074074074,2.11254102742,6.85973410559,-1.79093694319e-08,0.511173082982,-8.87914077319e-08,0.00943546002285,5.61172225006,26.0
0.747995273012,54,-0.0073738722337,1.0,0.00661319745265,132,0.288857064898,13.7592592593,2.11276026074,7.86186645994,-1.03547521668e-08,0.511226131027,2.95655019752e-08,0.0073739017992,7.45339888956,33.0
0.744958833593,54,-0.00746296596385,2.0,0.00646853467977,133,0.213794744046,13.6296296296,2.10635472214,7.87440254955,-1.79200959627e-08,0.509676178211,8.95339853779e-09,0.00746297491725,8.11330935881,42.0
0.74106563701,54,-0.00742480570582,2.0,0.00995142630963,134,0.329257287104,14.9444444444,2.09817021143,8.87552685665,3.93379545605e-08,0.507695766223,-1.00305390177e-08,0.00742479567529,7.04592518612,30.0
0.740683392423,54,-0.00747237382803,0.0,0.00683214830372,135,0.12740951006,8.66666666667,2.09736835048,5.34546115253,-5.29521058112e-08,0.50750173935,1.45091992018e-07,0.00747251892002,5.83095189485,33.0
0.725642994779,54,-0.00574677127933,1.0,0.00861034995446,136,0.24432725605,14.1666666667,2.0660591382,8.06198628882,-2.0109190646e-08,0.499925826569,-8.34622746085e-09,0.0057467629331,6.96751722612,31.0
0.703966871637,54,-0.0068042516765,3.0,0.0096295385608,137,0.270427038496,12.6666666667,2.02175687122,7.34520220786,2.61848129846e-08,0.48920597493,9.57885450688e-08,0.00680434746505,6.32748267774,30.0
0.696877435583,54,-0.00785363916118,1.0,0.00720701551568,138,0.251570564901,16.5,2.00747444217,9.70605832611,2.20490881109e-09,0.485750045225,-4.40599994815e-08,0.00785359510118,9.08346075344,36.0
0.674586848158,54,-0.00674516997788,5.0,0.0072990730463,139,0.386763163777,14.3888888889,1.96322169973,8.24171248075,-1.62504054657e-08,0.475042177075,4.25410431928e-09,0.00674517423198,6.28760293095,32.0
0.648731485742,54,-0.00874553298189,0.0,0.00979863684983,140,0.255647199765,13.6851851852,1.91311247869,8.26302851068,4.08877243174e-09,0.462917212554,-1.58284288873e-07,0.0087453746976,7.09935853668,39.0
0.640931562322,54,-0.00906895474516,0.0,0.00996573235086,141,0.226206524462,14.3148148148,1.89824839258,8.04769429236,1.52199858272e-08,0.459320538871,1.25793201268e-07,0.00906908053836,8.73228168832,44.0
0.632105366129,54,-0.00741111169744,3.0,0.00915363618961,142,0.379157177651,15.0925925926,1.88156780122,8.43641538951,2.15102859968e-08,0.455284324093,-3.71676486691e-08,0.0074110745298,5.92317644549,32.0
0.632993475336,54,-0.00572958016628,3.0,0.00949045359266,143,0.307697218881,15.2407407407,1.88323958116,8.64979973071,-2.1133479633e-08,0.455688845896,-1.47635884617e-07,0.0057294325304,6.52611615311,31.0
0.637135402101,54,-0.0110746345691,0.0,0.00940909254118,144,0.202592464799,12.537037037,1.89105599792,7.36948090281,-4.01458126742e-08,0.457580189924,1.61383481584e-08,0.0110746507075,8.43869606165,34.0
0.633727923769,54,-0.00518778499968,0.0,0.00896524174679,145,0.261846738053,12.5925925926,1.88462323157,7.56145848213,2.98906999152e-08,0.456023648788,-2.39453350186e-07,0.00518754554633,7.49448814381,47.0
0.620161131757,54,-0.00647012931836,0.0,0.00644615770841,146,0.195996149539,15.6296296296,1.85922759832,8.6203560158,1.49605406523e-08,0.449878649012,1.5489945686e-09,0.00647013086736,8.92000725854,37.0
0.616289035219,54,-0.0125938063674,0.0,0.00996377891253,147,0.210608899484,13.1851851852,1.85204240942,7.28744528053,1.79234671549e-08,0.448140043649,-1.19339916916e-07,0.0125936870275,7.31329098052,35.0
0.611545459169,54,-0.0114827859599,0.0,0.00913497560524,148,0.255907156494,14.6666666667,1.84327790938,8.51632151291,1.45945584507e-08,0.446019291222,6.79005607902e-08,0.0114828538605,8.91108340256,35.0
0.606747106451,54,-0.00781623366543,5.0,0.00999916752384,149,0.430173196918,16.7407407407,1.8344543979,9.79268498032,-2.42860797028e-08,0.443884259757,2.03580633302e-08,0.0078162540235,6.28102723724,30.0
0.591662184137,54,-0.00410255154839,0.0,0.00650701065457,150,0.182716724086,14.2592592593,1.80698946979,7.89219224761,-9.62429935747e-09,0.437238551203,5.42146907372e-08,0.00410260576308,7.94701244863,33.0
0.582654670614,54,-0.00843010189301,1.0,0.00859260046307,151,0.261747595704,13.5740740741,1.79078607341,7.85892171742,3.39383493531e-08,0.433317803643,3.2825123052e-08,0.00843013471813,7.21778116068,37.0
0.580163196462,54,-0.00666140009261,2.0,0.0064979397634,152,0.289014645173,17.4074074074,1.78632992969,9.824909797,-3.71902544316e-08,0.432239547317,1.29915383176e-07,0.00666153000799,7.88462760932,38.0
0.573794142145,54,-0.0063845991633,0.0,0.00934072411959,153,0.253789801148,14.7777777778,1.77498885165,8.53058447129,-8.01438104769e-09,0.429495338446,-2.84891078951e-08,0.0063845706742,8.54544857559,32.0
0.570579306024,54,-0.00413162484251,0.0,0.00653031353352,154,0.250007769974,14.9074074074,1.76929171596,8.27502317419,1.77141945557e-08,0.428116798396,-5.76298390591e-08,0.00413156721267,7.63342677895,35.0
0.567252115148,54,-0.00804458429512,1.0,0.00853722269566,155,0.260834771926,14.037037037,1.76341472706,7.97388276301,1.95839117145e-08,0.426694739134,-1.78486336587e-07,0.00804440580878,7.09972081601,35.0
0.566438213724,54,-0.00817742520964,0.0,0.00663348752128,156,0.285683429567,19.3518518519,1.76198006521,10.5831815451,-2.24781488978e-08,0.426347592968,-6.38873771578e-08,0.00817736132226,8.76896338189,36.0
0.551654890913,54,-0.0067817559312,3.0,0.00660893357855,157,0.307365943443,17.2222222222,1.73612373724,9.95071900141,1.47126728578e-08,0.420091118556,-2.30367481907e-07,0.00678152556372,8.28355503094,43.0
0.549514488119,54,-0.00378412073284,3.0,0.00637597874449,158,0.243813792957,14.4444444444,1.73241170718,7.75652563769,7.26356930159e-09,0.419192915953,2.25514575365e-07,0.00378434624741,6.57060419643,27.0
0.549382523435,54,-0.00687564266679,1.0,0.00945433064255,159,0.218818917543,17.2222222222,1.73218310511,9.73833171449,6.83228063014e-09,0.419137600942,6.86703799556e-08,0.00687571133717,9.14222330254,40.0
0.541114941972,54,-0.00600339255344,3.0,0.00699058752568,160,0.298490285785,17.2962962963,1.71792117724,9.62049334732,2.65138089262e-08,0.415686631923,1.92588990814e-07,0.00600358514243,8.398918867,35.0
0.525421873468,54,-0.0126439036894,0.0,0.00984366393009,161,0.255077323115,18.2222222222,1.69117215857,10.2295534535,-3.86459985124e-08,0.409214152495,-8.78739820127e-08,0.0126438158154,9.3998949298,43.0
0.522930816549,54,-0.00437397020495,6.0,0.00666954951798,162,0.358540932613,19.4814814815,1.68696459528,10.6603185269,-5.022497096e-08,0.408196045357,5.73907772844e-08,0.00437402759573,7.74295555768,34.0
0.516112760442,54,-0.00741607233171,0.0,0.00876783934139,163,0.323321088489,18.5740740741,1.67550189708,10.7693467076,1.26862397254e-08,0.40542240797,-6.28489189023e-08,0.00741600948279,7.72586289524,32.0
0.502519027132,54,-0.00538399306564,4.0,0.00820614154393,164,0.319826816517,17.2962962963,1.65287967969,9.8902987434,3.76714892614e-08,0.399948493637,-6.53235771979e-09,0.00538398653328,7.73072185224,32.0
0.497398749727,54,-0.00872964055156,5.0,0.00740912382377,165,0.308482335443,16.9814814815,1.64443810725,9.42050564568,3.12282643078e-08,0.397905880238,2.97185017349e-08,0.00872967027006,7.10631107288,35.0
0.494320825475,54,-0.0065172866214,2.0,0.00762774574754,166,0.347067737694,15.962962963,1.63938443272,9.22047169925,1.90875566464e-08,0.396683038951,-1.32034386348e-07,0.00651715458702,7.47331787827,37.0
0.495237604517,54,-0.00646629269887,4.0,0.00651773834872,167,0.329917964623,18.2592592593,1.64088807516,10.3613627095,-4.14168709328e-08,0.397046876401,3.75979380804e-08,0.00646633029681,6.9473820947,34.0
0.497949377435,54,-0.00628304686206,4.0,0.00669326959341,168,0.264887188543,16.2962962963,1.64534382977,9.23723664611,5.00724732788e-08,0.398125038573,1.63313029699e-07,0.00628321017509,9.12795792673,45.0
0.488812641042,54,-0.00606504358812,0.0,0.00988632999702,169,0.313506299747,18.3333333333,1.63037922485,10.6952863398,-1.51659500514e-08,0.394504042278,1.55412783097e-07,0.00606519900091,8.75171940778,36.0
0.484572485822,54,-0.00608222010313,4.0,0.00654202724559,170,0.346577302165,18.1666666667,1.6234807994,10.4358498971,-9.74952141242e-09,0.392834825275,2.99364063434e-08,0.00608225003954,8.27031729428,41.0
0.481595114606,54,-0.00741632434852,4.0,0.00979292751768,171,0.357710676692,18.5555555556,1.61865428313,10.778115688,-1.28241506303e-09,0.391666949636,8.06873910109e-08,0.00741640503592,8.69794924035,45.0
0.480144099134,54,-0.00630869558841,0.0,0.0065027211664,172,0.336480544175,18.8333333333,1.61630729389,10.5635521656,-3.86476511904e-08,0.391099046949,5.07730376761e-08,0.00630874636145,8.52175864305,38.0
0.468376234907,54,-0.00799959626728,0.0,0.00989359398412,173,0.273841936385,17.2962962963,1.59739828664,9.73027319424,2.65603854466e-08,0.386523620764,8.54491677254e-08,0.00799968171645,8.88116948762,36.0
0.458239928621,54,-0.00463532688022,7.0,0.00646225100992,174,0.473259168042,19.8703703704,1.58128835389,11.3117823262,1.71685363703e-08,0.382625488663,5.91020535376e-09,0.00463533279043,6.38878153426,35.0
0.437420443433,54,-0.00620848272087,4.0,0.00680643399688,175,0.397618317817,20.537037037,1.54870708391,11.6691435912,-3.14727657269e-08,0.374741775163,1.45245142738e-07,0.00620862796601,8.46498881661,36.0
0.415585771936,54,-0.00510045727718,4.0,0.00983102983878,176,0.331474746306,19.4444444444,1.51525807644,10.8281315029,5.7077725657e-08,0.366648094589,1.54733340945e-07,0.00510061201052,8.5541124324,38.0
0.392535344499,54,-0.00541692579086,7.0,0.00653042234482,177,0.366296020314,20.7962962963,1.48073020002,11.8232353676,-6.99888103028e-09,0.358293359317,-1.30676186159e-07,0.00541679511468,8.19977332485,42.0
0.383822337526,54,-0.00808943641329,6.0,0.00987294244237,178,0.385459907769,22.0,1.4678846305,12.5191558043,1.42364398048e-08,0.355185107552,1.01639746954e-07,0.00808953805304,8.84223869759,44.0
0.383737102884,54,-0.00501077687993,3.0,0.00642639915205,179,0.400585497975,22.0185185185,1.46775952121,12.690678683,2.0553470037e-08,0.355154834767,-7.79538170158e-08,0.00501069892611,8.58830113141,42.0
0.376643315691,54,-0.00526612211055,5.0,0.00975174792076,180,0.351011849117,20.6111111111,1.45738439051,11.6256111077,2.5706849982e-09,0.352644356874,5.90680489425e-08,0.0052661811786,8.25388049404,45.0
0.37016655578,54,-0.0061561238318,5.0,0.00987132971015,181,0.404521552143,20.3333333333,1.44797576331,11.509777833,2.074929073e-08,0.350367744535,-3.71402914402e-08,0.00615608669151,7.48083972312,41.0
0.357820884126,54,-0.00497622554493,3.0,0.00946428598327,182,0.364768769607,21.3518518519,1.43020942433,12.3354280009,-3.73046493696e-08,0.346068810618,6.13157175556e-09,0.0049762316765,9.25194155281,49.0
0.344017282861,54,-0.00568178100143,7.0,0.00667118001121,183,0.362752801248,21.8888888889,1.41060301455,12.5137970497,-1.85519364315e-08,0.34132463344,2.81511336466e-08,0.00568180915256,9.02192117724,49.0
0.342784062761,54,-0.00376133401004,5.0,0.00657746815002,184,0.371109784788,20.7592592593,1.40886450277,11.8116394596,-3.62580614576e-09,0.340903964484,7.54445238379e-08,0.00376140945456,8.89014265849,48.0
0.338430658716,54,-0.00468702999245,3.0,0.00968527232631,185,0.400865351784,20.3703703704,1.40274447748,11.8002446953,-8.41806091501e-09,0.339423097531,4.48928552947e-08,0.00468707488531,8.48592799503,42.0
0.337423936266,54,-0.00340376047318,3.0,0.00918162903593,186,0.384769515005,21.3148148148,1.40133301372,12.1811432715,-2.46869349407e-08,0.339081564621,8.65697810956e-08,0.00340384704296,8.7703711524,41.0
0.328925029176,54,-0.00498856473147,5.0,0.00680734676831,187,0.36343620317,20.7962962963,1.3894736817,11.8008035145,-2.13129462967e-08,0.33621195346,-4.96547709332e-08,0.0049885150767,9.55758304646,50.0
0.315635339159,54,-0.00550771539949,7.0,0.00942640675202,188,0.361028787469,22.3333333333,1.37113016697,12.6895675705,1.85767798921e-08,0.331773359912,-7.05291063129e-08,0.00550764487038,7.83628785889,43.0
0.30992342605,54,-0.00500415570998,5.0,0.00995847696239,189,0.393344395939,22.5,1.36332071528,13.1344292742,-7.49836437386e-09,0.329883701229,4.23275495972e-08,0.00500419803753,9.1160217119,44.0
0.302284613985,54,-0.00584019371915,6.0,0.00917736268927,190,0.356908560134,22.9444444444,1.35294623934,12.9373833249,-3.85340648279e-11,0.327373381768,3.79783885964e-08,0.00584023169754,8.5492400933,39.0
0.274656549829,54,-0.00896400581316,0.0,0.00963465255006,191,0.376095261,22.2777777778,1.31607858982,12.5936355006,-2.44287701179e-08,0.318452489903,8.04070685511e-08,0.00896408622023,9.24445112179,44.0
0.269366876024,54,-0.00652917927032,10.0,0.00668963098685,192,0.480837347689,25.8148148148,1.30913534332,14.6980986452,-5.83741670682e-09,0.316772427518,-1.68137156156e-07,0.00652901113316,7.59891335817,41.0
0.264875308412,54,-0.00645017407953,7.0,0.00672126489617,193,0.47009063671,22.8148148148,1.30326845903,13.0243434436,5.02168335803e-08,0.315352813275,-2.03185482255e-09,0.00645017204767,7.22924634685,40.0
0.251585618394,54,-0.00416671197442,8.0,0.00673398476236,194,0.450681175086,23.8703703704,1.286063006,13.4324820056,-3.57176431055e-08,0.311189597339,-1.08591999423e-08,0.00416670111522,7.71013353465,43.0
0.252101794618,54,-0.00503940487395,4.0,0.00660103244039,195,0.500919792435,24.8703703704,1.2867270125,14.1701389489,-3.32687746241e-08,0.311350267474,-7.35160869647e-08,0.00503933135786,8.15599369765,39.0
0.24473191871,54,-0.00616666517257,4.0,0.00983618291031,196,0.443769593951,25.2037037037,1.27727885274,14.3445319268,2.2060085314e-08,0.309064089411,-2.76548822095e-08,0.00616663751769,8.6375142807,44.0
0.242658392328,54,-0.00368958747112,7.0,0.00643175991578,197,0.420595603704,24.462962963,1.27463312528,13.6372049769,4.16002513044e-10,0.308423900821,8.38599945487e-08,0.00368967133111,8.99940936943,47.0
0.227308408159,54,-0.00808914216062,4.0,0.00724856439661,198,0.380498487041,23.3518518519,1.25521692739,13.3609958999,1.64789002444e-08,0.30372574935,-1.25324625291e-07,0.00808901683599,9.86230648293,43.0
0.200571671861,54,-0.00670634877799,7.0,0.00640124356904,199,0.404775653225,26.8703703704,1.22210119937,15.4044376632,-2.44079205736e-08,0.295712712647,-4.53857207309e-08,0.00670630339227,10.2524546226,45.0
