LossAfter,MeanKL,Iteration,dLoss,AverageReturn,MaxReturn,Perplexity,ExplainedVariance,StdReturn,AveragePolicyStd,MinReturn,AverageDiscountedReturn,LossBefore,Entropy,MeanKLBefore,NumTrajs
-0.0268041286883,0.00846671683874,0,0.0268041326737,-756.270855097,18.8463063302,4.13273135412,5.99520433298e-14,432.890180218,1.0,-1008.48615619,-539.759863718,3.98543198561e-09,1.4189385332,0.0,99
-0.0215951441281,0.00853018578499,1,0.0215951360246,-451.540326218,18.0720486403,4.13740511579,0.123791627024,502.374537887,1.0011309135,-1007.33222572,-293.969186322,-8.10351189499e-09,1.4200688077,4.11074421085e-08,70
-0.0182124800411,0.00810483182528,2,0.0182124780191,-440.923752131,21.4118471317,4.02582868128,-0.114107625729,500.566822699,0.9741326828,-1005.2473741,-267.040770385,-2.02199744802e-09,1.39273077323,-2.52152588531e-08,67
-0.016325672651,0.00709665192182,3,0.0163256682868,-233.585473176,26.6421521303,3.96835411585,0.035290344477,432.595293507,0.960225520562,-1001.6174753,-152.690417028,-4.36415793915e-09,1.37835142835,1.14852116082e-08,62
-0.0104971424173,0.00682705890066,4,0.010497137339,-154.879771003,31.9164950576,3.86368116687,0.0123387622813,376.749916718,0.934897731258,-1002.23356442,-114.563790846,-5.0782402958e-09,1.35162039919,-1.07587485448e-08,60
-0.0100209408568,0.00664749709244,5,0.0100209376726,-57.7489918493,28.4998818282,3.79056672081,-0.310297179344,260.786810789,0.917206175772,-1002.89788031,-42.9971759178,-3.18417190089e-09,1.33251553847,-2.09386161187e-10,56
-0.0119035353024,0.00780599659017,6,0.0119035374961,15.5625723366,28.1341904244,3.77371066993,-1855.08710378,5.21101744699,0.913127504929,4.92341279386,10.5546436366,2.19368876106e-09,1.32805877997,-2.05595258457e-08,54
-0.0138825175265,0.00827819173557,7,0.0138825134461,-55.6653107179,27.8541068808,3.72028898327,-0.00489006245748,260.202829758,0.900201020702,-997.585878485,-36.6005866509,-4.08043534441e-09,1.31380134894,-9.55795462221e-09,56
-0.019457167439,0.00653688882094,8,0.019457168513,-20.634140413,32.110509369,3.71593703916,-1.62129387319,191.274343791,0.899147977632,-995.304803114,-6.93915946048,1.07394635493e-09,1.31263087763,2.75183720255e-09,54
-0.0144679953238,0.00384513738737,9,0.0144679948035,14.7935098223,25.9366855073,3.7056597683,-3370.85292614,6.24858814974,0.896661178958,3.20032199166,9.95008993594,-5.20292436808e-10,1.30986131801,-3.59014448587e-08,54
-0.0135691291346,0.00698747237304,10,0.0135691313777,13.3630408868,24.3909527975,3.70352935582,-5.26219090875,5.05922765058,0.896145681505,5.37302037814,9.09954120474,2.24311617955e-09,1.30928624495,1.19708708363e-08,54
-0.0185504676293,0.00897757069798,11,0.0185504671909,-94.079957463,28.8439847091,3.70119979485,-0.00841367501707,311.372628944,0.89558199595,-995.764415899,-52.7145240064,-4.38411194213e-10,1.30865703596,3.06314326681e-08,56
-0.0138022626771,0.00714514484921,12,0.0138022666373,-57.6246006319,29.738644826,3.72689043358,-0.076126350512,259.637286024,0.901798378418,-1000.83260638,-37.6286339363,3.96016903215e-09,1.31557422205,-1.57570402837e-08,56
-0.00886353902217,0.00791597459393,13,0.00886353984891,15.946283261,40.424496576,3.65236847536,-268.163069712,7.30632151452,0.883766246193,6.14837137193,10.9501499165,8.26748317151e-10,1.29537585451,-1.48906552644e-08,54
-0.0158868194696,0.00773496013453,14,0.0158868164056,12.6008555767,27.1246045472,3.70465575349,-2441.24277553,5.6077161876,0.896418236766,5.82111279711,8.63072178503,-3.06401223152e-09,1.30959034039,-2.10504794013e-08,54
-0.0226775171646,0.00895525222689,15,0.0226774996619,13.6940843606,27.6595247359,3.69516233488,-0.476025005554,7.2047429798,0.894121107386,2.63160161867,9.31633415017,-1.75026743323e-08,1.3070244871,-7.13893602566e-09,54
-0.0191027180976,0.00598516713562,16,0.0191027327577,19.2650279476,29.0543695414,3.67116314311,0.29534149072,5.09792280053,0.888314005567,10.9069945171,12.8264969534,1.46600906634e-08,1.30050854458,4.41942343832e-09,54
-0.0083483915392,0.00220160804546,17,0.00834838148592,25.0572867811,40.9306261764,3.58994221072,-5.89695551465,8.68859175709,0.86866091771,11.4327289681,16.1840033349,-1.00532781049e-08,1.27813610508,3.64901411865e-09,54
-0.0148458486223,0.00675919830901,18,0.0148458102168,-13.7542513986,39.0819342299,3.57893122664,-0.0455822628335,189.897162372,0.865996581915,-981.426758666,-2.63609434419,-3.84055201538e-08,1.2750642158,2.06836969496e-08,54
-0.0084556464747,0.00936297414699,19,0.00845564485509,23.2859563962,37.8040821712,3.45212786792,-8766.62670213,6.6466134286,0.835313881333,11.2945266665,15.5453860238,-1.61961364728e-09,1.23899081423,-1.66680111657e-08,54
-0.023432705971,0.00937756746679,20,0.0234327029504,27.8991360465,45.1837046554,3.4779127175,0.556622027626,8.01624548664,0.841553060068,14.6212274355,18.2553594371,-3.02057039957e-09,1.24643232002,-5.03653432571e-08,54
-0.0170707957733,0.00677240294167,21,0.0170707857813,31.7277553369,48.0402378329,3.3971837976,0.676757547267,7.28720053089,0.822019024831,16.4192638004,20.3822680488,-9.99198481526e-09,1.22294679357,3.7056288954e-08,54
-0.0145731486101,0.00646418429976,22,0.0145731472271,37.1528439609,53.9513925694,3.24373921903,0.77018210007,6.07344935894,0.784889928979,24.0017112952,23.5029414247,-1.38296233459e-09,1.17672674431,7.88799237039e-09,54
-0.00514319736975,0.00765117160878,23,0.00514320651162,41.8595493355,49.8966408414,3.06927775202,0.855988712665,4.87553035156,0.742675361406,34.0393389671,26.4140307336,9.14187708408e-09,1.12144227399,2.49914229866e-08,54
-0.0165398664042,0.00949840563063,24,0.0165398567537,41.0888873871,50.7207115787,2.99928457836,0.849286914347,4.91940683039,0.725739062464,29.1890254834,25.8672434211,-9.65049766806e-09,1.09837378635,-2.65552526635e-08,54
-0.010456379651,0.00866100223743,25,0.0104563728716,44.0024042557,55.7769282558,2.88644691241,0.828877212081,6.10553856527,0.698435650681,31.3020849934,27.7331467647,-6.7793788361e-09,1.06002630367,1.22172555406e-08,54
-0.00536000838073,0.00651992091701,26,0.00536001570588,6.74616044572,54.1121132536,2.83194660372,-0.0103129427318,193.662283404,0.685248171502,-989.906427259,-1.26736431716,7.32515707207e-09,1.04096432104,3.93672717758e-08,55
-0.00782482898705,0.0075873661053,27,0.00782484454475,45.4041018723,53.1129644698,2.93715276524,-2.08537037413,4.29666296392,0.710704982628,35.362190792,28.2962888186,1.55577038678e-08,1.07744066491,-1.06775939757e-08,54
-0.0127213704462,0.00895352922976,28,0.0127213615535,46.6088720247,56.2631564893,2.89562859279,0.911446166356,4.53955003558,0.700657348537,37.3523009649,28.8945019291,-8.8927151092e-09,1.06320221795,3.28245189918e-08,54
-0.0136790092922,0.00705802236353,29,0.0136789961112,48.3423336441,58.9735789552,2.83375575864,0.942862758095,3.70935863817,0.68568593403,43.9356731335,29.9917659424,-1.31809531694e-08,1.041602955,-7.4920773474e-09,54
-0.00925567698531,0.00997047943136,30,0.00925567219539,12.5873489111,62.1625614997,2.67521054804,-0.00971449175599,195.000883276,0.647322634551,-990.865142618,1.52205066752,-4.78991898143e-09,0.984028086799,2.39044391503e-08,55
-0.00885667828257,0.00692707917236,31,0.00885667663079,49.9103306656,59.7360695218,2.71764163453,-1.5465437145,4.56953753464,0.657589715291,42.1371987991,31.0959436705,-1.65177657414e-09,0.999764458078,1.57348528096e-08,54
-0.0170059802629,0.00913118769471,32,0.0170059683997,51.9402046622,58.9413817165,2.73650015697,0.958559159941,3.62057603179,0.66215292563,43.6948044147,31.7184327401,-1.18632266739e-08,1.00667978896,2.83261683554e-08,54
-0.0109788701745,0.00700225758239,33,0.0109788566578,50.5959756801,60.6346818291,2.6317966789,0.932514732414,4.19925836118,0.63681774918,43.4878817643,31.3630830704,-1.35166423804e-08,0.96766676082,1.79479751616e-08,54
-0.012815678859,0.00661530784164,34,0.0128156798963,51.4692509204,58.18913664,2.58279066093,0.947128428384,3.86806329114,0.624959727506,44.7536041687,31.6400584334,1.03736548561e-09,0.948870465892,-3.44738122493e-08,54
-0.00643974862538,0.0069187968928,35,0.00643973287899,52.6427884558,60.4619601509,2.5339887067,0.945615080618,3.90249545498,0.613151083284,44.8417584602,32.4163973301,-1.57463863287e-08,0.929794625181,-1.37937904987e-08,54
-0.00848825391856,0.00654293832632,36,0.00848825694611,53.5613203174,61.6565410218,2.5096962747,0.945441565737,4.2538573185,0.607273025911,44.8966678004,33.1380717082,3.02755304792e-09,0.920161739725,3.43585241369e-08,54
-0.01028769072,0.00695336651127,37,0.010287708378,54.22638477,61.6289585403,2.46519739262,0.958388843918,3.86240069001,0.596505599176,46.436612927,33.3873576109,1.76580075838e-08,0.902271882433,-4.54764834679e-08,54
-0.0117581361215,0.00676726474711,38,0.0117581500929,54.8867912485,61.4290556615,2.4201539625,0.968388872621,3.72021562474,0.585606407754,47.0837816565,33.9585398994,1.39714415737e-08,0.883831159013,-2.61347076203e-08,54
-0.0138206273859,0.00672934793856,39,0.0138206634096,56.20512466,63.7449106719,2.39111657631,0.963384242327,3.98520192346,0.578580210379,47.4660419849,34.8448562216,3.60236595837e-08,0.871760443586,4.80109263457e-09,54
-0.0118034821529,0.00733804578414,40,0.0118034738888,56.5691438254,61.0798971219,2.33938436747,0.975596322598,2.62185768308,0.566062530325,51.2592067238,35.1146935579,-8.26404801092e-09,0.84988780393,-4.07802390745e-08,54
-0.0100481851276,0.0073729859542,41,0.0100481597964,58.1016793373,66.1157897809,2.24650067954,0.973654698804,3.16528978769,0.543587397061,49.924001443,36.0579068861,-2.53311890434e-08,0.809373752016,-5.72817226985e-09,54
-0.014154006555,0.00768408972851,42,0.0141540096576,58.1060813058,62.5869046458,2.17365209843,0.985092505667,2.15706395558,0.525960173109,53.7995461691,35.809234114,3.10264905919e-09,0.776408747572,-6.57914295266e-08,54
-0.0114761363168,0.00689371448702,43,0.011476113739,59.1772246193,64.1153637567,2.14760172162,0.982583763094,2.54102660778,0.519656744558,54.0717624705,36.6485059572,-2.25777917154e-08,0.764351741212,-5.050603058e-08,54
-0.00872794094736,0.00734404855765,44,0.00872788350036,59.2473574395,66.4447800792,2.1170162012,0.980900433232,3.03993206012,0.512255944023,53.854884697,36.7667779529,-5.74469983418e-08,0.750007645029,3.46429717135e-08,54
-0.00924956085887,0.00698948636127,45,0.00924941437744,60.6355068759,66.9499691077,2.08409006163,0.981257182395,3.21703442408,0.504288782175,54.0641668838,37.5706831749,-1.4648143168e-07,0.734332338709,9.46863942808e-09,54
-0.00932462991976,0.00677782892069,46,0.00932470956806,61.0263264113,65.0386338612,2.00977959818,0.98495433406,2.65741584752,0.486307825496,54.5666099401,37.9027779107,7.96482931846e-08,0.698025063413,-2.38237207739e-11,54
-0.00763967606852,0.0067435335395,47,0.00763967845917,61.206310521,65.0131123862,1.99153922119,0.986047126395,2.29797531311,0.481894188259,55.6283898777,37.9227493346,2.39065106916e-09,0.688907817739,2.57269024972e-08,54
-0.0108236309493,0.00662322290407,48,0.0108236446514,60.8673144686,66.6790148039,1.95157956785,0.988718916505,1.87478203007,0.472225121989,56.6238923162,37.5675877909,1.37020963483e-08,0.668639079469,2.64188366739e-08,54
-0.0101336212749,0.00728067507986,49,0.0101336036619,61.6884739059,66.4006753581,1.94337340025,0.987730190755,2.26222713457,0.47023946967,56.5410026749,38.2373340237,-1.76130472595e-08,0.664425329107,-7.1188013262e-09,54
-0.00649331732779,0.00665403878643,50,0.00649338426647,62.1832204402,65.1767849519,1.90576709481,0.989579481402,1.76736152429,0.461139844696,59.2058825319,38.5150047549,6.69386802632e-08,0.644884601968,3.49879603068e-08,54
-0.0122770082168,0.00888790022232,51,0.0122769299355,61.6356517872,66.2319267317,1.88315898751,0.986559700558,2.39169769096,0.455669344592,55.2590442922,38.1994947788,-7.82813331686e-08,0.632950679201,4.12309963949e-09,54
-0.00767437231047,0.00687341335381,52,0.00767432541224,62.0316591313,67.3125690375,1.8805323793,0.988096289906,2.48993458766,0.455033782302,57.714690649,38.4668094137,-4.68982272716e-08,0.631554917234,1.08021397383e-08,54
-0.0105830024116,0.00701218564195,53,0.0105829348217,61.81612557,67.2028231255,1.82296620191,0.984774218735,2.5542132736,0.44110445265,56.9672528441,38.2274931145,-6.75899547432e-08,0.600464955705,-1.01855842649e-08,54
-0.00783993323014,0.00673201877684,54,0.00783988280079,62.7279652236,67.0955902145,1.79792371202,0.988210960976,2.13260499932,0.435044903227,57.9807196403,38.7773293069,-5.04293533859e-08,0.586632505792,1.62324095276e-08,54
-0.011645209198,0.00927060993386,55,0.0116451975826,63.3218686279,67.6915646149,1.78161289501,0.990772951629,2.13618436942,0.431098163018,59.2468673319,39.1268231541,-1.16153867105e-08,0.577519074815,5.98213734104e-09,54
-0.00959546841106,0.00827408082185,56,0.0095953894384,63.7690382343,67.6659404393,1.76789442216,0.99156565923,2.07549977752,0.427778694203,60.3728732873,39.5768751491,-7.89726574965e-08,0.569789246458,-1.94076260618e-08,54
-0.00743503368172,0.00643681696684,57,0.00743508826842,63.4238721417,68.1221321869,1.75451550572,0.990610473085,2.08650063565,0.4245413881,57.8404367792,39.298848003,5.4586702925e-08,0.56219275369,-1.19710348301e-08,54
-0.0111532342741,0.00958536764999,58,0.0111532046459,63.0306782722,66.5971479334,1.74182017313,0.992263963951,1.64482044236,0.421469489274,58.9041611688,38.9788178306,-2.96281650201e-08,0.55493064298,-3.18470073646e-08,54
-0.0122537830125,0.00917923762653,59,0.012253767676,64.2912146123,68.1545909838,1.68075356377,0.991734702612,1.73797207707,0.406693157564,60.0335738941,39.8576317628,-1.53364307711e-08,0.519242242712,1.04733344219e-08,54
-0.00824007877067,0.0066793621657,60,0.0082399459276,63.3012825414,68.3767441312,1.6553895894,0.99120003199,2.08990003296,0.400555818307,59.0104552974,39.138138854,-1.32843063423e-07,0.504036382574,-1.11620478416e-08,54
-0.00708820912089,0.00713065586642,61,0.00708822193202,64.3016456826,68.2228929865,1.65271910102,0.991866024371,1.61169212194,0.3999096383,59.7356667088,39.6904231076,1.28111274849e-08,0.502421871561,2.18429052623e-08,54
-0.00636268432867,0.00997200712809,62,0.0063628009562,64.0397979927,66.9728632625,1.65018206037,0.992359987042,1.5474981013,0.399295748737,59.7739605981,39.5639412696,1.16627530385e-07,0.500885621446,-1.50566255019e-08,54
-0.00614715292496,0.0067781270505,63,0.00614735828612,64.0604282618,66.8458567812,1.6047421835,0.991729929533,1.47209741515,0.388300628808,61.2849681516,39.6083951649,2.05361163104e-07,0.472963110345,2.09123868222e-08,54
-0.00719024197346,0.00649808099924,64,0.00719032271498,64.7135341712,68.3332482567,1.58048505858,0.992514649692,1.72099274307,0.382431114716,61.0479239662,40.120896368,8.07415174498e-08,0.457731799024,-5.09266417925e-09,54
-0.011482834354,0.0097760890386,65,0.0114828282883,65.0244878429,68.3937931646,1.56721532219,0.993148192604,1.56364401218,0.379220226988,60.5295282403,40.2793321451,-6.06568350093e-09,0.449300364393,-1.0842808873e-08,54
-0.00823897031583,0.00943701669343,66,0.00823903620548,65.1827392881,68.1705104534,1.56289699347,0.993739368893,1.65037871615,0.378175317859,61.9489620829,40.3504532134,6.58896506699e-08,0.446541146177,2.00311029985e-08,54
-0.00841740060106,0.00703591838108,67,0.00841730407202,64.7635623213,68.1487916516,1.55801710917,0.992897780765,1.6866433097,0.376994528719,61.4161257131,40.1913045362,-9.65290421595e-08,0.443413928884,-4.64571303649e-08,54
-0.00894932402362,0.00694360154483,68,0.00894939197886,65.3921328929,68.0468376274,1.54617994262,0.992684851995,1.47616352572,0.374130280952,62.1389617448,40.7044158689,6.79552379519e-08,0.435787335771,-1.96374505546e-08,54
-0.00947821623428,0.00906182581568,69,0.00947787952677,64.5660022794,67.8790835601,1.53109104652,0.992240705271,1.65599821894,0.37047920983,60.2419666311,39.9013351931,-3.36707509232e-07,0.425980583566,-3.91297259039e-08,54
-0.00832454716526,0.0065180616066,70,0.00832450259687,65.3080835191,69.3831284897,1.52710480005,0.992951841969,1.91923641563,0.369514654885,61.9740763102,40.5665776062,-4.45683870804e-08,0.423373655218,-4.25541195614e-08,54
-0.0101273335875,0.00661836859218,71,0.0101274727345,64.9664446997,68.7511381394,1.51718213354,0.99252062092,1.59203997111,0.367113660081,59.7077976791,40.2420029266,1.3914697195e-07,0.416854754823,-1.70193963367e-08,54
-0.00678922343516,0.00642958316253,72,0.00678908967677,65.0350713034,67.6922446042,1.5105386412,0.992375821759,1.52662089057,0.365506129426,61.9099930689,40.3333668844,-1.33758390155e-07,0.412466303247,2.17407722936e-08,54
-0.00801823442004,0.00881940519,73,0.00801818949878,64.9857931846,67.6721540215,1.50776217201,0.993780229341,1.70462508199,0.364834305165,60.8241441726,40.1854578637,-4.49212579974e-08,0.410626546281,2.99076918786e-09,54
-0.00966409327457,0.00734122181382,74,0.00966404604355,65.0774288878,67.7759884838,1.5083813211,0.99331377161,1.61775312284,0.364984121119,60.4796315927,40.3551504127,-4.72310177921e-08,0.411037103075,2.65477757555e-08,54
-0.00712420466956,0.0065609893455,75,0.00712419467337,65.3101321785,68.8674960941,1.50583803388,0.993484678428,1.93789770098,0.364368720067,61.2025313752,40.485884001,-9.99619042554e-09,0.409349576372,-6.06341552523e-08,54
-0.00847528355549,0.00995783086447,76,0.00847534705408,64.4991237466,67.8875394828,1.49602492856,0.993488995437,1.68627021403,0.361994235861,60.9533695306,39.8238784782,6.34985947238e-08,0.402811542886,4.82781103983e-09,54
-0.0100387860253,0.00671861828724,77,0.0100389001769,65.2488136432,67.882715166,1.48916622441,0.992474534064,1.75967402546,0.36033463025,60.0942357811,40.5167691123,1.14151543442e-07,0.398216382402,-4.66934513277e-09,54
-0.0121233245727,0.00963398652924,78,0.012123352668,65.1562795513,68.5483488994,1.46665255012,0.992936289869,1.50168878903,0.35488698017,61.8166611232,40.3704676027,2.8095345128e-08,0.38298262729,-2.09303305798e-08,54
-0.00916027453198,0.00978841963131,79,0.00916034917674,65.1558491657,68.4581005376,1.46082089363,0.992617283633,1.62033579179,0.353475890024,61.7698627567,40.3470909341,7.46447646833e-08,0.378998533624,1.44137268787e-08,54
-0.0118048518679,0.0092614946799,80,0.0118049237021,64.926320564,68.5171318455,1.45411717282,0.993146182951,1.62638683168,0.351853785842,61.6262505674,40.2196885942,7.18341706912e-08,0.374398962396,1.29710595598e-08,54
-0.0106740532921,0.00946710049785,81,0.0106743135534,65.2241363564,69.6379625956,1.44148322952,0.99345033672,2.08158015949,0.34879674143,61.6479605914,40.3538656609,2.60261256271e-07,0.365672603983,3.1766912878e-08,54
-0.00955348881828,0.00790118276648,82,0.00955367114569,65.0386405507,68.9898791552,1.4354940854,0.994870504608,1.58284247052,0.347347543888,62.8256483382,40.096347097,1.82327401907e-07,0.361509100336,5.15987657046e-08,54
-0.00788406885323,0.0072072867133,83,0.00788406963543,65.8507637019,68.7849226903,1.43205382591,0.994395076491,1.61898774965,0.346515101805,61.7188340081,40.8282772061,7.82198893025e-10,0.359109655756,-3.43338264486e-08,54
-0.011490756524,0.00985978858542,84,0.0114906511961,65.6981452652,68.7735606982,1.43115922204,0.994498990448,1.58503782535,0.346298633859,62.4402110945,40.7358363893,-1.05327866055e-07,0.35848476066,-6.52573706184e-09,54
-0.0118031446629,0.00933003250091,85,0.0118031170539,65.9196899214,69.4361510874,1.42951261364,0.994482015502,1.66028755676,0.345900202831,63.547758705,40.960696513,-2.76090042128e-08,0.357333556551,5.17331755212e-09,54
-0.00792494055502,0.00670908931704,86,0.0079250796292,65.1494368534,69.5207786091,1.42261741906,0.993618719497,1.96718020944,0.344231767604,59.5433389209,40.3622371719,1.39074176535e-07,0.352498427766,-3.48096755864e-08,54
-0.0103699302912,0.00971169740634,87,0.0103696695358,64.9502283421,68.1446125695,1.41732761534,0.994130603425,1.65166559118,0.342951789964,62.2956653385,40.0736516246,-2.60755388514e-07,0.348773137468,3.37852930077e-08,54
-0.0084316012279,0.00957196354906,88,0.00843169604403,64.7261230216,68.3994459478,1.41526562513,0.993063814172,1.66021441112,0.342452848699,61.3265101436,39.9614077187,9.48161321928e-08,0.347317234415,1.26003909529e-08,54
-0.00758354116008,0.00663451977968,89,0.00758351319112,65.541789968,69.5857556571,1.39938470649,0.994244683883,1.56827724127,0.338610131309,61.5122255729,40.5509139797,-2.79689516454e-08,0.336032644647,3.19151578498e-08,54
-0.0132219462906,0.00924499423168,90,0.0132218528187,65.2220961523,69.0106910629,1.3932819434,0.994646277195,1.63602157916,0.337133441305,62.6308486743,40.2731836415,-9.34719021417e-08,0.331662074464,-2.76415335065e-10,54
-0.0117862463392,0.006689326467,91,0.0117862403493,65.2579268387,67.546778669,1.39495067321,0.994523195493,1.41870515209,0.337537225065,61.8038472301,40.3359767048,-5.98985466828e-09,0.332859054941,8.37324165559e-09,54
-0.0116406286664,0.00987925243094,92,0.0116406820429,65.6123883308,69.0772939055,1.38513346634,0.994312275638,1.86701204988,0.335161748405,61.2507101813,40.6027688629,5.33765531624e-08,0.325796500581,-1.33831139504e-08,54
-0.0123989792112,0.0093718324211,93,0.0123991975419,65.8502630445,69.5073460649,1.37966163259,0.994677083541,1.64636762536,0.33383772483,62.8249910259,40.8203466219,2.18330692094e-07,0.321838275331,-7.43562211802e-09,54
-0.0102072833327,0.00997951188606,94,0.0102073224862,65.3791305939,69.2282050204,1.35651708857,0.993705006814,1.85438369249,0.328237422745,62.4805472791,40.5000811453,3.91535824967e-08,0.304920450586,-3.23260578305e-08,54
-0.00822560263855,0.0098564947966,95,0.00822568817715,65.8979841725,68.9251703378,1.35063170274,0.993305688781,2.0807894976,0.32681333167,60.6642829417,40.8098605065,8.55385927065e-08,0.300572410959,1.15979971795e-08,54
-0.00582255852207,0.0064357278366,96,0.00582225689122,65.9007623936,69.5451234869,1.34664380211,0.994404822315,1.50908330838,0.325848376466,62.7608380491,40.8724097827,-3.01630855846e-07,0.297615424532,-2.72754379083e-08,54
-0.00753758424382,0.00738514953566,97,0.00753752211506,65.4615991535,68.3231376581,1.34523265909,0.995286950638,1.26450489787,0.325506921167,62.6598118467,40.3377986296,-6.21287549883e-08,0.29656697883,1.46076892804e-08,54
-0.00915322647223,0.0098202353231,98,0.00915345101798,66.1803858451,69.5327072211,1.34197320219,0.994917672281,1.69620123705,0.324718228019,62.7755905722,41.041295489,2.24545749918e-07,0.294141069788,3.67626333819e-08,54
-0.00809068766962,0.00652050084425,99,0.00809067467052,65.411449502,69.0871885456,1.34165360886,0.994685651398,1.61980545809,0.324640895789,62.4404015401,40.4058378927,-1.29990931001e-08,0.293902889627,-1.05401065653e-09,54
-0.00674711836804,0.00726635477247,100,0.0067471850926,65.3727789613,68.8637886861,1.3334927649,0.993746547375,1.67558848356,0.322666210464,61.837028472,40.3821150394,6.67245601049e-08,0.287801638979,-4.26789348307e-08,54
-0.00738641973974,0.00698114991724,101,0.00738621866895,65.7771088266,69.8966721892,1.32193648006,0.993899212236,1.94377063954,0.319869927849,60.4244535226,40.7273945387,-2.01070789969e-07,0.279097691911,1.80110919512e-08,54
-0.00636307506128,0.00644339896395,102,0.00636301283127,66.4330099188,69.3293410128,1.31925533664,0.993830996476,2.02047087848,0.319221169632,60.5710696665,41.3976064322,-6.2230012055e-08,0.277067438501,9.45561007271e-09,54
-0.0107521042872,0.00991520312722,103,0.0107520729896,65.7497171862,69.3261951866,1.31342655021,0.99436210083,1.78575639328,0.317810773957,61.0004536626,40.6608883459,-3.12976144999e-08,0.272639409441,1.73797767289e-08,54
-0.00739003290433,0.00650333958203,104,0.00738997320864,65.9749348527,69.7381113105,1.3112036926,0.994792469343,1.85859450316,0.317272907492,62.5383061456,40.9111255205,-5.96956849634e-08,0.270945564645,-2.45016518186e-09,54
-0.00769185301968,0.00986911955033,105,0.00769195148339,65.6680969766,68.7626742885,1.30855664067,0.993838039834,1.53260413396,0.316632398417,62.7439240567,40.6414575678,9.84637166898e-08,0.268924728769,-2.60973380684e-08,54
-0.00884802283687,0.00925795447288,106,0.00884786455862,65.7463483709,69.7419681239,1.30080380392,0.994453473887,1.53374372115,0.314756438893,62.7110795475,40.6817100028,-1.58278252167e-07,0.262982384103,3.06359189128e-08,54
-0.00816699277774,0.00974090755332,107,0.00816693371669,65.9554550499,69.7927426874,1.29337547814,0.994543795936,1.78487173612,0.31295900152,61.5490766985,40.852114101,-5.90610472632e-08,0.257255450624,3.36407213197e-08,54
-0.00747295478729,0.00744153230177,108,0.00747294088987,66.2522860901,70.0368612139,1.28716348053,0.994783121375,1.93513333785,0.311455879959,61.8643909251,41.009376818,-1.38974193088e-08,0.252440945047,-7.10723413455e-09,54
-0.00830307003829,0.00660100964412,109,0.00830323272857,65.908315477,70.1556132429,1.28313626802,0.994602275725,1.93845167876,0.310481412429,61.2540861906,40.7760669093,1.62690281715e-07,0.249307290453,-5.78884546965e-08,54
-0.00947697051018,0.00967781040233,110,0.00947695111817,66.1165040105,69.4882011455,1.2739452899,0.995093052748,1.97190272316,0.308257464795,63.0918012169,40.9078527027,-1.93920046141e-08,0.242118612665,-5.93420002026e-09,54
-0.00883084484312,0.00782918062511,111,0.00883104447497,66.1180316745,70.1366039707,1.26922842592,0.994877195776,1.8715835273,0.307116121801,62.7066339509,40.98106272,1.99631849104e-07,0.238409177202,-6.77691458506e-10,54
-0.0107222895246,0.00992610673166,112,0.0107222448959,66.2618864676,69.7982334572,1.26717885667,0.995155116053,1.89529038819,0.306620186044,62.2568807826,41.0064612445,-4.4628675428e-08,0.236793056863,-2.61479036201e-08,54
-0.0102457452351,0.00999466608286,113,0.0102458421678,66.1061258915,69.4579810396,1.26044941448,0.995478893901,1.56383211911,0.304991858041,62.4641099028,40.8739404319,9.69326978644e-08,0.231468335527,5.80288703755e-08,54
-0.00737899076471,0.00650711046303,114,0.007378769438,66.0344071828,68.9951595958,1.25882467877,0.995856215572,1.3001847569,0.304598719565,63.5027104337,40.8072276664,-2.2132670908e-07,0.230178491014,7.97850652212e-09,54
-0.00954500504037,0.00917404321132,115,0.00954515398579,65.8930142505,69.9260610352,1.25629804598,0.995247739476,1.71498069654,0.303987348397,62.9818180325,40.6843855643,1.48945411691e-07,0.228169337648,3.44219572845e-08,54
-0.00739525616958,0.00658376539189,116,0.00739511315894,66.7380292093,70.1948222267,1.25164055375,0.995198421976,1.93980827013,0.302860371628,63.2234794654,41.4709162243,-1.43010638881e-07,0.224455133813,3.24354467729e-08,54
-0.0124774656766,0.00882885919938,117,0.0124773305423,66.8567228855,70.0916366948,1.2518254351,0.995127989005,1.60868143803,0.302905107503,63.5329496987,41.5948945863,-1.35134293214e-07,0.224602834123,2.32339636419e-08,54
-0.0103561048634,0.00965530738489,118,0.0103562035555,66.2646983392,69.7050198937,1.2521715455,0.994821915071,1.87244892838,0.302988856087,62.3535586838,41.1455608466,9.8692120901e-08,0.224879280466,-2.42194264644e-10,54
-0.00859211981964,0.00973256767028,119,0.00859246413933,66.6557741183,69.5566423048,1.25052557778,0.995323873636,1.67660851573,0.302590580084,62.9870139526,41.4410821899,3.4431969509e-07,0.223563925165,-1.35539095503e-08,54
-0.00423256115495,0.00660706710425,120,0.00423266255102,66.2035639672,69.4510648625,1.2491287872,0.995207322262,1.68399840223,0.302252597656,61.9402025716,41.0148371964,1.01396065447e-07,0.222446338075,-2.81675347491e-08,54
-0.00836944038129,0.00987049783064,121,0.00836965714247,66.2621002536,69.4031668963,1.24399386306,0.995030216403,1.79128703782,0.301010096342,63.3573157854,41.0346638408,2.16761178053e-07,0.218327061075,3.44001760411e-08,54
-0.00694113716036,0.00640790539739,122,0.00694118261076,66.4977618459,69.5158582618,1.24188318451,0.994850035082,1.61509037989,0.300499373923,63.1834450976,41.3287298549,4.54503985213e-08,0.216628924745,4.51794979206e-09,54
-0.0048230018224,0.00651427590668,123,0.00482295212278,66.3776048459,69.5919617968,1.24094464421,0.994667749667,1.77025094226,0.300272274647,63.1978891643,41.213968666,-4.96996131714e-08,0.215872899431,4.45929471127e-08,54
-0.00809359145179,0.00658057239058,124,0.00809341778908,66.1080718696,70.1363060243,1.23704699709,0.994796530305,1.78978162558,0.299329158151,62.5183950043,40.9490924372,-1.73662713488e-07,0.212727085489,1.66081397523e-08,54
-0.0090340801459,0.0068333244175,125,0.0090341477109,66.3190538178,69.9499801278,1.22583966779,0.995132709648,1.66947459909,0.296617312558,63.5048697309,41.0999047263,6.75649998602e-08,0.203626052278,-5.68461366868e-08,54
-0.0124127798054,0.0093431589878,126,0.0124126491583,66.1813914506,70.1664858321,1.22172422263,0.994992968993,1.67810813873,0.295621495313,61.8489645209,40.95803114,-1.30647083138e-07,0.20026315822,-3.7430326616e-08,54
-0.00512763632552,0.00642585735376,127,0.00512769225777,66.6675595674,70.1450936255,1.22126583117,0.99524474874,1.62303399226,0.295510577998,63.2585686488,41.3441844633,5.59322462487e-08,0.199887887376,5.74385607965e-08,54
-0.0082618036235,0.0097848563206,128,0.00826186706476,66.4642146922,69.7631960593,1.22403700148,0.994564743062,1.86196600318,0.296181120086,61.8036587123,41.1954281859,6.34412651573e-08,0.202154413599,-3.9733229179e-08,54
-0.00902881907826,0.00986040188966,129,0.0090289010667,66.4670372544,69.8988945151,1.22585340422,0.99541201193,1.61890778938,0.296620636374,63.5466143457,41.1731655628,8.19884481287e-08,0.203637257951,2.17164730643e-10,54
-0.00814755512461,0.00771517240344,130,0.00814781852992,66.3891920206,69.3011930375,1.22301178341,0.995089111787,1.59794167134,0.295933047328,63.649325712,41.1629354327,2.63405307069e-07,0.201316491502,-5.13047907143e-08,54
-0.00661471043319,0.00965360563803,131,0.00661468664639,66.2560075628,68.7274475232,1.21814336533,0.995105348321,1.31571825909,0.294755032676,62.992841625,41.0549707837,-2.37867975562e-08,0.197327867883,3.22245856665e-08,54
-0.00865890004795,0.00644385404042,132,0.00865888505913,66.5064815008,70.175719619,1.21729691668,0.99409458536,1.76930279208,0.294550216885,61.4578286994,41.2585012428,-1.49888186955e-08,0.196632758516,-1.28851778136e-08,54
-0.0092501178679,0.00751016371392,133,0.0092498149397,66.6356126478,69.9752546685,1.21615120781,0.994679224567,1.73373516392,0.294272988878,62.6672760816,41.4088815927,-3.02928206097e-07,0.195691124338,7.37799221717e-09,54
-0.00682557902786,0.00978083545441,134,0.00682565532578,66.8350358321,70.2660805774,1.21648165418,0.99505726403,1.79143237984,0.294352947227,63.1689167646,41.634206529,7.62979197013e-08,0.195962802309,5.98508975713e-09,54
-0.00413546713303,0.008678279999,135,0.00413547237841,66.6155078157,69.9160636482,1.21715123185,0.995062589613,1.50355957515,0.29451496542,63.4876108372,41.447563782,5.2453881161e-09,0.196513072389,-5.21327334635e-08,54
-0.00777544444017,0.00920792448134,136,0.0077752713504,66.6447138852,70.0831890937,1.21704473624,0.994475840044,1.78322694087,0.2944891966,62.7156420283,41.4510950004,-1.73089762398e-07,0.196425572771,4.01657824778e-08,54
-0.00687726187902,0.00927337593081,137,0.00687714520368,66.5484583116,69.7957249106,1.21925039877,0.994649494945,1.67109776058,0.295022902361,62.9656320324,41.3872667145,-1.16675340323e-07,0.19823624267,2.34436359214e-08,54
-0.00652832136845,0.00662939162448,138,0.00652824263372,66.3053214328,69.4581824067,1.21866130855,0.994641865521,1.58977342634,0.294880359773,62.1307614484,41.1313628587,-7.87347360482e-08,0.19775296821,1.82031372198e-08,54
-0.00658077403696,0.00640346816072,139,0.0065807067383,66.8230622532,70.152324935,1.21735525355,0.994865403854,1.53167386181,0.294564332698,63.2008345987,41.5559714156,-6.72986642106e-08,0.19668068065,2.43850757364e-08,54
-0.00945720778538,0.00947817863125,140,0.00945715076118,66.5176638952,70.1311601849,1.21605741161,0.99459284435,1.79722668996,0.294250292945,61.9568077394,41.3702921939,-5.7024204765e-08,0.195613995927,-4.60773306177e-08,54
-0.00730715695351,0.00692346552656,141,0.00730720279421,66.4843596112,69.8674613745,1.21400296062,0.993945251707,1.70989892608,0.293753175949,62.4174682688,41.3474583013,4.58407014603e-08,0.193923131364,-1.52832795199e-08,54
-0.00620811662322,0.00935952269966,142,0.00620810382071,66.7348136915,70.2387180776,1.21076641332,0.993927092802,1.76230552968,0.292970026255,61.8352830304,41.5325358723,-1.28025113682e-08,0.191253558534,2.73884963597e-08,54
-0.00789056996643,0.00916016912433,143,0.00789055082337,66.536260924,70.2651668798,1.20582584398,0.995194533304,1.67789737021,0.291774553112,63.2866069193,41.2796731677,-1.91430604343e-08,0.187164679903,-4.13111564956e-08,54
-0.00783754242491,0.00918550819834,144,0.0078376450805,66.8823268571,70.0675390675,1.19503741147,0.995525348516,1.47865412363,0.289164068281,63.6954865031,41.5512221136,1.02655587599e-07,0.178177491563,-2.39328101781e-08,54
-0.00681926465145,0.00667374774474,145,0.00681905415197,66.8687380359,70.0970780881,1.18663957707,0.99552775088,1.4760219239,0.287132038206,63.4044281597,41.5581588043,-2.1049947491e-07,0.171125427621,-3.29784526354e-08,54
-0.00676378976448,0.00687245847329,146,0.0067637657599,66.474201338,69.7255302247,1.18365897753,0.995659643122,1.37456416199,0.286410820377,63.6583870318,41.1887315446,-2.40045809867e-08,0.16861046924,-2.97833868679e-08,54
-0.0107451140922,0.00963182329654,147,0.0107451592318,66.3619457763,69.5223187675,1.18091798212,0.995648350926,1.52371149875,0.28574757973,63.0333185549,41.0722027505,4.5139608464e-08,0.166292086977,8.72371057285e-09,54
-0.011203539035,0.00911587577394,148,0.0112033010941,66.6227147831,69.7024833535,1.17877421651,0.995647993948,1.56156163733,0.285228851214,63.1181015395,41.3042661395,-2.37940832441e-07,0.164475098985,-1.98995264711e-09,54
-0.00897459191505,0.00652626998394,149,0.00897445184359,66.236816747,69.6990465867,1.17829977315,0.994868932098,1.6564168128,0.28511404981,62.6783530203,41.0126553444,-1.40071460116e-07,0.164072529214,8.59164517308e-10,54
-0.00981444302462,0.00992969217324,150,0.00981452308295,66.7743087183,69.8617885913,1.17768568294,0.995015149808,1.85231077101,0.284965457956,62.4109695811,41.4517313289,8.00583267504e-08,0.163551226991,-2.33402024374e-08,54
-0.00975001266781,0.00978998685711,151,0.00975002959121,66.5215873383,69.8166360048,1.17417343237,0.994942895036,1.73324059622,0.284115596143,62.4972933872,41.2271615499,1.69233961156e-08,0.160564438242,-6.51811009611e-08,54
-0.00759422149604,0.00652724516027,152,0.00759408591371,66.3071958489,69.359643595,1.17173401176,0.995736532849,1.21165343819,0.28352532777,63.8927172512,40.9863434805,-1.35582334128e-07,0.158484712976,-1.6470296238e-08,54
-0.0085131014743,0.00977158227862,153,0.00851320198806,66.3718389876,69.7039930455,1.17046987747,0.99538138889,1.48525016392,0.283219444278,63.455744576,41.0567241176,1.00513757144e-07,0.157405272859,6.24190878984e-08,54
-0.00528713408077,0.00688842203789,154,0.00528702765644,66.7365616201,70.1091517127,1.17051703985,0.995022566399,1.76360790958,0.283230856195,63.399208516,41.4241995252,-1.06424332397e-07,0.157445565599,3.35520371486e-08,54
-0.00639266902301,0.00656835640298,155,0.00639266931409,66.6765439409,69.9418691872,1.16835427106,0.995269241896,1.62727274607,0.282707529464,63.7115534733,41.374897317,2.91074190492e-10,0.155596152681,5.02939809799e-08,54
-0.00421528161192,0.00936716851932,156,0.00421521894146,66.5729319505,70.1050134204,1.16705385385,0.995528011071,1.46034113932,0.282392866569,63.8019335033,41.2422385365,-6.2670456339e-08,0.154482499498,-3.94493948619e-08,54
-0.0102818296578,0.00992132909217,157,0.0102816896782,66.7063492182,70.2183365988,1.16067417071,0.995042841609,1.74591726821,0.280849170018,62.3259455461,41.3594880077,-1.39979641189e-07,0.149001017946,-4.31532714007e-08,54
-0.00865167908387,0.00679499232171,158,0.00865162819991,66.7030467447,69.7726851392,1.15840032723,0.995736302293,1.44414723871,0.280298966463,63.4108588788,41.337543062,-5.08839605162e-08,0.147040025133,5.84457051644e-08,54
-0.0113312902424,0.00655775464417,159,0.011331419111,66.8198912848,70.1035851196,1.15773877895,0.995732563004,1.59503382116,0.280138891148,63.711517082,41.427235511,1.28868614816e-07,0.146468774217,-3.75361681737e-08,54
-0.00843697088415,0.00864270858679,160,0.0084368130758,66.7532603021,70.2896050747,1.15702836695,0.995478499545,1.85190266347,0.27996699224,63.7549070661,41.3787963516,-1.57808357163e-07,0.145854965585,-5.20216358879e-08,54
-0.00690732375591,0.00779127769861,161,0.0069074180327,66.3487256463,70.133481046,1.15433183894,0.994979861915,1.77636190926,0.279314511405,62.6282800008,41.0513477451,9.42767895054e-08,0.143521682161,3.34641958588e-08,54
-0.00511648365905,0.00688971886971,162,0.00511637131644,66.7853286519,70.2281426278,1.15243249907,0.995400975984,1.74486127591,0.278854926759,63.2864669339,41.4094545083,-1.12342614869e-07,0.141874925035,5.03807622287e-08,54
-0.0052593661438,0.00655002543201,163,0.00525926280638,66.9763912052,70.2344515089,1.15111330132,0.995609545297,1.74406681417,0.278535719523,63.4550625418,41.529841861,-1.03337425117e-07,0.140729562181,2.35070620747e-08,54
-0.00381253044596,0.00651009240502,164,0.00381274889307,66.7669445223,69.8250745512,1.14990719106,0.994924668716,1.7145569641,0.27824387615,63.0619840923,41.3903922024,2.18447114678e-07,0.139681235689,-6.97398183647e-09,54
-0.010410705018,0.00996807282082,165,0.0104104944438,66.556909239,70.0327168619,1.14831392281,0.994930618752,1.64471476269,0.277858351878,63.4544288087,41.2553176651,-2.10574193418e-07,0.138294712442,-4.08083566938e-09,54
-0.00908221489238,0.00971469830203,166,0.00908211288145,66.8046873817,70.0452605016,1.14713618076,0.995308099332,1.60956387376,0.277573372781,63.5830872458,41.4513237425,-1.02010927264e-07,0.137268558878,3.67764492193e-08,54
-0.00789310387484,0.0067337914341,167,0.00789294653845,66.737825181,69.2485950143,1.14759096227,0.994498600503,1.56777902214,0.277683416593,63.2110873635,41.4638232468,-1.5733638926e-07,0.137664929765,-1.39137306121e-08,54
-0.00764080547783,0.00946024214628,168,0.00764065093959,66.8066765762,70.2372627548,1.1467914876,0.994433111623,1.81272059298,0.277489967127,63.1697554521,41.5216818995,-1.54538240471e-07,0.136968032259,-2.77310330254e-08,54
-0.00985698510066,0.0099557508364,169,0.00985698754203,66.7770406036,70.1958831053,1.14531298538,0.995442871212,1.5556776303,0.277132212873,63.1361405059,41.4389605065,2.44136898023e-09,0.135677949327,-1.45702931942e-08,54
-0.00980765673261,0.00749428815437,170,0.0098075231432,66.8275300891,69.7593051787,1.14271568394,0.995968093487,1.44642100978,0.276503741961,64.3036906101,41.3762066766,-1.33589405485e-07,0.133407608408,-1.69254232851e-09,54
-0.00543454960741,0.00938974592993,171,0.00543474139128,67.141202475,70.0645930509,1.14136502111,0.995827549588,1.65078797542,0.276176921098,63.8635801734,41.67400082,1.91783861367e-07,0.132224933046,1.89271498474e-08,54
-0.00243466802981,0.00982113155781,172,0.00243449028575,67.1786910664,70.9271776212,1.13822062947,0.99545753922,1.65931005983,0.275416070376,63.1356457208,41.7515172387,-1.77744065966e-07,0.129466191667,4.29076687514e-08,54
-0.0062631358115,0.00993526414169,173,0.00626338006631,66.8679180059,70.895325332,1.12587815124,0.995854663813,1.67865728505,0.272429551976,64.100830671,41.3757966155,2.44254811588e-07,0.118563310045,1.74547269971e-08,54
-0.00515102552254,0.00675899191862,174,0.00515119794425,66.7855992825,70.1915518117,1.12350156564,0.996009946028,1.539988653,0.271854487836,63.9396506537,41.3041850193,1.72421711221e-07,0.116450206178,1.30816313337e-08,54
-0.00828825720128,0.00643792933037,175,0.00828813928819,66.8880824787,70.5056067881,1.12118933848,0.995979190827,1.70775157152,0.271294996555,63.3465240292,41.4596146936,-1.17913083481e-07,0.114390031236,6.76219957807e-08,54
-0.00677565079565,0.00675314328777,176,0.00677575259024,66.8673599961,70.2861641458,1.11941632235,0.995799700196,1.66041147565,0.270865978558,63.0624084007,41.4751493783,1.01794596382e-07,0.112807408708,-2.42993558608e-09,54
-0.00797824164425,0.0066537986892,177,0.00797850282781,66.7322475864,69.9422450075,1.1182616864,0.996116119259,1.31850672278,0.27058659046,63.7884157422,41.2995824555,2.61183566562e-07,0.111775413889,-6.14062274362e-08,54
-0.00557621041787,0.00646954682123,178,0.00557596401139,67.1006069234,70.440452563,1.11680172686,0.996015151576,1.43566534968,0.270233322993,63.8935947354,41.6445256566,-2.46406478369e-07,0.110468999284,3.25330031803e-08,54
-0.00463272659185,0.00962268292835,179,0.00463266495561,67.1140365327,70.3122462668,1.11647067382,0.995797632599,1.55043578185,0.270153217848,64.4266891322,41.6515571471,-6.16362398195e-08,0.110172525781,3.16537354106e-08,54
-0.00746797066723,0.00665888935043,180,0.00746766534761,67.09069867,70.3238816004,1.11469967145,0.995853631657,1.80397457619,0.269724687123,64.0491635264,41.6374964257,-3.05319612597e-07,0.108585015672,2.37944364212e-08,54
-0.00825479586855,0.00663560290244,181,0.00825475034685,66.9278249899,69.8263711374,1.11328032709,0.996115856463,1.48331649298,0.269381247338,64.3499531475,41.4671310596,-4.55216952187e-08,0.107310906786,4.79581936386e-08,54
-0.00645898169914,0.00978704108041,182,0.00645874534075,67.0431913909,70.1521401803,1.11219923848,0.995862101086,1.49645126561,0.269119655545,63.8187549939,41.6448137794,-2.36358396508e-07,0.106339351076,-8.29108826039e-09,54
-0.00776575801506,0.00783946056335,183,0.00776574484001,66.9675688093,70.4847029823,1.11297380144,0.995489418467,1.74734893872,0.269307077105,63.5250283273,41.5843793471,-1.31750498933e-08,0.107035533327,-2.28567582639e-08,54
-0.00917868438169,0.00656145765448,184,0.00917845343313,67.2360154728,70.5330488766,1.11130067887,0.996061726173,1.50000738372,0.268902230426,64.5615139059,41.7580394614,-2.30948558982e-07,0.105531112093,2.8740335889e-08,54
-0.0107201718911,0.00649261100667,185,0.0107202706498,67.0610681781,70.1946163854,1.11055058034,0.995675069167,1.69285232647,0.268720728541,62.9771876063,41.6280779641,9.87587720284e-08,0.104855910677,-2.74752083307e-08,54
-0.00784536648716,0.00987269095289,186,0.00784543586882,66.9960385385,70.3038325642,1.10995314192,0.995648327827,1.77270039481,0.268576165932,63.1631483499,41.5763732175,6.93816611832e-08,0.104317799944,2.92578337113e-08,54
-0.00679396843458,0.00834401068086,187,0.00679393201135,67.3269266054,70.5218292484,1.10721083079,0.995560815799,1.79214548218,0.267912606921,63.3075638286,41.9243423123,-3.64232266013e-08,0.101844087976,-5.19795082532e-08,54
-0.0104187932147,0.00962261515111,188,0.0104185252097,66.9999963405,70.5276874154,1.10593153318,0.995724704529,1.67087860133,0.267603054353,62.6163474239,41.5234229981,-2.68005027667e-07,0.100687996286,-3.61756715694e-08,54
-0.00621241875938,0.00601757408517,189,0.00621236998631,66.8282829142,70.4020962758,1.10637340827,0.996020724,1.4709276236,0.267709975188,63.7599695979,41.3767997385,-4.87730705688e-08,0.101087466615,-4.14095058086e-08,54
-0.00706445419943,0.00656932964019,190,0.0070644679882,66.5214255685,70.3501907686,1.10689014198,0.995821834898,1.55141628458,0.267835009619,63.4166838384,41.1100142024,1.37887650602e-08,0.101554409402,4.0211695751e-08,54
-0.00771789455475,0.0065228078006,191,0.00771785731916,66.9129111909,69.854520639,1.10613906458,0.995925611631,1.36803965742,0.267653270876,63.3838369107,41.4822645433,-3.72355865551e-08,0.100875631708,-6.73420992303e-08,54
-0.0129823156071,0.00934846949448,192,0.0129825080161,66.8691805272,70.1620683315,1.10410380245,0.995809334173,1.41082872068,0.267160797023,64.2176128654,41.4578434423,1.92408921655e-07,0.0990339673935,1.20657697167e-08,54
-0.00900178011325,0.00952424819648,193,0.00900183427979,66.7712705603,70.0720414882,1.10311630887,0.995591153935,1.52967925456,0.266921852487,64.1061230382,41.3573513824,5.41665388787e-08,0.0981391824661,-2.20468383549e-08,54
-0.00857857675313,0.00885108903297,194,0.00857849245623,66.8980370218,70.0317851423,1.10045910326,0.995108827189,1.71342833715,0.266278886519,63.438954813,41.5023232652,-8.42968936877e-08,0.0957274593292,2.27250953611e-08,54
-0.0055778136481,0.00874999645285,195,0.00557761769616,66.9278197893,70.100610469,1.09877623896,0.996172767656,1.35658996525,0.265871682626,64.8295099207,41.4748309648,-1.9595194004e-07,0.09419705047,-2.21430456193e-08,54
-0.00397834884208,0.00639081216426,196,0.00397843507916,66.9713854874,70.0140016964,1.09631531459,0.995798246871,1.53603095837,0.265276210973,62.9880975198,41.5452531919,8.62370827469e-08,0.0919548429428,2.30021692804e-08,54
-0.00621136929161,0.0068447744931,197,0.0062114097801,67.3757403384,70.2226485357,1.0949601034,0.99591880995,1.54865814099,0.264948289539,65.023759709,41.8971736421,4.04884922102e-08,0.0907179273545,-4.58309863394e-08,54
-0.00636905859011,0.00993092732451,198,0.00636911188334,67.1631716382,69.8468820731,1.09241252686,0.995731048122,1.33840933073,0.264331850599,64.8320754343,41.7186741192,5.32932293408e-08,0.0883885778366,1.09503315304e-08,54
-0.00779625213931,0.00908736469671,199,0.00779609014191,67.1317578761,70.1054414482,1.08934689531,0.995912861939,1.20567458038,0.26359005751,64.3599031794,41.6359857007,-1.61997396296e-07,0.0855783380448,5.63955997457e-08,54
