AveragePolicyStd,dLoss,MeanKL,StdReturn,Perplexity,AverageReturn,NumTrajs,MinReturn,ExplainedVariance,AverageDiscountedReturn,LossBefore,Entropy,Iteration,LossAfter,MaxReturn,MeanKLBefore
1.0,0.0325059371901,0.00987377980744,421.499764584,4.13273135412,-1792.32300318,385,-4125.16136013,8.60422844084e-14,-1623.50651772,1.36174631597e-08,1.4189385332,0,-0.0325059235726,-1285.84119897,0.0
0.990243693964,0.0205360853597,0.00640848090481,269.957229649,4.09241116227,-1673.92601202,443,-4255.83689502,0.162190113396,-1539.03380527,7.8333391368e-09,1.40913432258,1,-0.0205360775264,-1254.18471953,-1.94622213397e-08
0.972434114692,0.0256630159964,0.0064313027711,199.852918276,4.01880895561,-1623.1814135,469,-3154.58254044,0.432807397524,-1499.74610124,3.37623603024e-08,1.39098557903,2,-0.025662982234,-1251.59813818,-4.35178990066e-10
0.950376877886,0.0178545965811,0.00704015953361,149.859794409,3.92765232147,-1580.36047054,493,-1972.05165924,0.336170005774,-1466.13434482,-4.36490382868e-09,1.36804187371,3,-0.017854600946,-1253.14059079,-1.48550301435e-08
0.945220557975,0.0259195412847,0.00655996316087,164.840228519,3.9063426365,-1563.19429802,519,-2498.46125631,0.595854357834,-1456.16585138,-1.37619713275e-08,1.36260154917,4,-0.0259195550466,-1242.17274594,-2.6476695586e-08
0.927910774553,0.00324923325036,0.00533149727122,130.117029813,3.83480595182,-1515.81430996,548,-2072.40444418,0.60163555111,-1416.89314573,2.24654429496e-08,1.34411883427,5,-0.00324921078492,-1255.02800541,-2.66369872826e-08
0.91323895708,0.0265655730642,0.00673066965061,129.865587844,3.77417127173,-1532.26225247,541,-1932.7241777,0.729373352588,-1431.48926128,1.10889446144e-07,1.32818082793,6,-0.0265654621748,-1267.49155185,-2.21185297855e-08
0.881264561685,0.0242471422339,0.00678709259283,121.545518079,3.64202968535,-1507.85304353,561,-1943.65924617,0.736371981282,-1412.28060072,4.55100916052e-09,1.29254113211,7,-0.0242471376829,-1254.09173255,9.58214230184e-09
0.846167512155,0.0273713106201,0.00915463942708,114.615490002,3.49698300832,-1487.41850606,578,-1832.38008857,0.776024233,-1395.62595372,-4.12141433259e-08,1.25190059914,8,-0.0273713518342,-1250.6196736,-2.38611600756e-08
0.807031636621,0.0192655465186,0.00998393395647,117.146164046,3.33524494843,-1470.85213241,590,-1797.77380927,0.594881773095,-1381.58180754,3.91166727225e-08,1.20454612448,9,-0.019265507402,-1234.09168083,7.80211587004e-09
0.782867953089,0.0197739827645,0.00665223845744,110.08013817,3.23538293587,-1471.88424933,604,-1777.39810558,0.791747682761,-1385.33683592,5.39836369841e-09,1.1741472937,10,-0.0197739773661,-1239.53886451,2.00150023777e-08
0.742707654813,0.00854272574478,0.00661522934103,100.725589497,3.06941121199,-1452.24111402,619,-1718.63315684,0.555269996194,-1368.58592804,1.47600074318e-08,1.12148575558,11,-0.00854271098477,-1251.72190324,3.7372526962e-08
0.722766891903,0.0111464970056,0.00691208951362,99.2728640516,2.98700139589,-1453.15585622,622,-1774.24735929,0.825852525712,-1369.95512056,7.24610592123e-09,1.09427000656,12,-0.0111464897595,-1231.67568353,-4.88617774019e-09
0.683734350874,0.00429696370019,0.0070092093237,95.7498658717,2.82569038975,-1451.69995813,629,-1689.58509415,0.842221178678,-1369.64985012,-6.7623189016e-09,1.03875272049,13,-0.0042969704625,-1242.83172026,7.75968961308e-09
0.650581755411,0.00783451005909,0.00657827870795,95.0520323525,2.68867961901,-1445.22417277,629,-1683.34031353,0.835328687131,-1363.19627833,-1.22124010366e-08,0.989050225156,14,-0.00783452227149,-1238.14255844,1.79461147054e-08
0.642570862448,0.00604316786577,0.00733745455706,99.9522540148,2.65557275049,-1442.82074594,635,-1672.7331887,0.823829558625,-1361.87395796,2.03855491991e-08,0.976660356659,15,-0.00604314748022,-1234.31378213,-2.96299912383e-08
0.606145618099,0.0066701512522,0.00707756922279,94.8290035488,2.50503700108,-1440.80168665,637,-1662.656537,0.84378513863,-1360.06664661,1.64499676554e-08,0.918303505319,16,-0.00667013480223,-1233.51460214,-3.8200009822e-09
0.609944033928,0.00970787109635,0.00664704753614,98.5856506143,2.52073483327,-1445.69800046,632,-1656.35892355,0.825189255177,-1364.19054022,-2.2260931006e-09,0.924550459522,17,-0.00970787332245,-1241.39948498,3.19467449716e-08
0.601519365151,0.00609600723628,0.00693848862377,97.4199009534,2.48591794047,-1434.74376483,638,-1683.3257611,0.823459272165,-1354.34758124,1.46006331084e-08,0.910641983884,18,-0.00609599263565,-1233.8974983,-2.88695680695e-08
0.565576782272,0.0131988493272,0.00979822321622,94.4611369141,2.33737690126,-1444.29753308,637,-1687.70351586,0.844516054813,-1363.67478298,6.04035842401e-09,0.849029318231,19,-0.0131988432868,-1233.32859268,3.31799229203e-08
0.5758834279,0.00687108547088,0.00674334036747,99.9483264302,2.3799714988,-1450.961215,636,-1670.58461387,0.836905351349,-1370.12357807,-6.63729324492e-09,0.867088512319,20,-0.00687109210817,-1240.60984409,1.67590026301e-08
0.559375272194,0.00609440020477,0.00675011862101,106.431083866,2.31174772612,-1435.71749703,642,-1676.40501479,0.261541052973,-1355.86400913,2.42004576558e-10,0.838003829855,21,-0.00609439996276,-1237.46370322,4.29611861641e-08
0.531553234018,0.0052909488181,0.00680115613118,102.310588418,2.19676671661,-1438.96070941,642,-1598.0654235,0.829224715254,-1359.12446508,-6.41129041976e-09,0.786986605066,22,-0.00529095522939,-1243.83053119,-4.52715942512e-08
0.501181803896,0.00504508468076,0.00716116049564,101.451466526,2.07124975508,-1435.82898098,642,-1688.74297535,0.822178314217,-1355.94485055,2.32859608534e-08,0.72815217151,23,-0.0050450613948,-1235.59913743,-3.69366097708e-08
0.478349527234,0.00616246312265,0.00957554957769,95.1673419084,1.97689008943,-1454.09312303,639,-1678.64090442,0.849719566859,-1373.56555944,2.7606503811e-09,0.681524948019,24,-0.006162460362,-1247.60159962,2.68345744514e-08
0.476145521963,0.00736941138027,0.00724453543702,99.6623102549,1.96778152774,-1442.46846479,642,-1650.75125944,0.829520436538,-1362.54327211,8.22673157037e-09,0.676906780141,25,-0.00736940315354,-1236.75168025,1.82266057802e-08
0.469352170149,0.00624833850822,0.00654933962456,104.641236122,1.9397064297,-1439.16219263,645,-1669.52479989,0.818526293323,-1359.69373901,-1.00994223508e-09,0.662536636728,26,-0.00624833951816,-1246.86039008,-2.04365430134e-08
0.46095679628,0.0053424316063,0.00875765536916,99.7353470797,1.90501060488,-1440.56141425,643,-1588.50391857,0.831040841884,-1360.79358024,-5.16234734072e-09,0.64448757543,27,-0.00534243676865,-1248.86800376,-2.83431663695e-08
0.426842199642,0.00709820203331,0.00977612946734,102.152341356,1.76402414172,-1435.90417321,645,-1588.5503387,0.820594871312,-1356.45537398,-1.70775174626e-08,0.567597643274,28,-0.00709821911082,-1247.6190665,3.9104766314e-08
0.429252310418,0.00475053743231,0.00843222470101,102.289739774,1.77398448209,-1449.9442464,643,-1588.53340501,0.828901438449,-1370.04275496,2.66345341543e-09,0.573228136438,29,-0.00475053476885,-1250.74257143,-2.40760195114e-08
0.456933546604,0.00441183978168,0.00844430865246,112.357029804,1.8883835948,-1435.01192835,649,-1588.40448199,0.795383312972,-1356.24178963,-5.75631222049e-10,0.635721222299,30,-0.00441184035731,-1247.85574995,2.32440917625e-08
0.466670763225,0.00702263031717,0.00813526337291,101.391777877,1.92862489523,-1442.30979766,644,-1588.57264349,0.826342265374,-1362.61876176,-4.85368293076e-09,0.656807259458,31,-0.00702263517085,-1235.14284046,-2.94186426331e-08
0.475043960906,0.00700045186007,0.00742740341306,108.858152772,1.96322907182,-1436.77993066,647,-1588.56033986,0.809195265264,-1357.60451188,4.18805706404e-09,0.67459060325,32,-0.00700044767202,-1243.03553926,-7.52163065165e-09
0.477612977923,0.00340312619207,0.00678810250882,104.776859454,1.973846129,-1442.42717113,645,-1588.56117968,0.821755776256,-1362.93763723,8.78362474306e-09,0.679983989137,33,-0.00340311740845,-1244.29853926,2.70625188925e-09
0.446057309137,0.00246290860296,0.00650669991215,107.426498293,1.84343502721,-1428.26131636,649,-1588.55071833,0.798957186289,-1349.50226072,-1.46931085861e-10,0.611630693811,34,-0.00246290874989,-1241.57345466,1.49706967933e-08
0.46733940379,0.00447837587804,0.00715189378461,108.952662134,1.93138820706,-1427.00408659,649,-1588.54700569,0.79667762065,-1348.22475055,-1.18006257804e-09,0.65823902263,35,-0.00447837705811,-1239.96270018,-1.67879576907e-08
0.477871707787,0.00562570296417,0.00744670693886,109.063704409,1.97491539002,-1436.68750536,647,-1588.4542052,0.804846898545,-1357.6197172,-1.90720943646e-08,0.68052555694,36,-0.00562572203626,-1236.85289289,3.0602467449e-08
0.48951930065,0.00316719549451,0.00880743366346,103.641447947,2.02305176224,-1448.91685619,644,-1588.53340501,0.827555556265,-1369.13344848,2.15355975116e-09,0.704607144731,37,-0.00316719334095,-1237.53148463,7.77911679517e-09
0.511770549421,0.00684855374404,0.00973600066209,104.894404244,2.11501019571,-1447.93018667,644,-1588.56888736,0.82464633083,-1368.20340327,7.46681232277e-10,0.749059633154,38,-0.00684855299736,-1238.59933521,4.15782908103e-09
0.525361703822,0.00464621799225,0.00688987697775,107.155727068,2.17117878564,-1446.42177276,644,-1588.34798277,0.821169856425,-1366.77731393,1.4915846655e-08,0.775270239252,39,-0.0046462030764,-1247.43837334,3.70073400813e-08
0.499977469,0.00547222614114,0.00899778537211,104.943597345,2.06627256249,-1432.0673631,647,-1588.46648697,0.804962768545,-1352.92263375,1.66191997169e-08,0.725746289629,40,-0.00547220952194,-1248.12374612,-1.25971455489e-10
0.525110093493,0.00301489338639,0.00750615957819,104.068640633,2.17013894775,-1437.8992859,646,-1587.52225849,0.81473966717,-1358.48927691,1.91432412122e-08,0.774791196722,41,-0.00301487424315,-1248.16401004,-3.01309935891e-08
0.506311701276,0.00513124220941,0.00676528810977,106.714579511,2.09245024282,-1437.96136776,647,-1588.44669236,0.812872949009,-1358.71363716,2.14098186966e-09,0.73833574428,42,-0.00513124006843,-1251.86036974,4.19456501755e-08
0.500414661597,0.00660464000061,0.00888918717663,104.244571159,2.06807936204,-1433.89692927,647,-1588.44001403,0.81241638488,-1354.68250755,1.00904448202e-08,0.72662033214,43,-0.00660462991017,-1257.54963709,2.95244526605e-08
0.504290735945,0.00785890339864,0.00986155979746,108.179784182,2.08409813604,-1438.98161746,647,-1588.56347353,0.808138419041,-1359.79842017,-4.06664525172e-08,0.73433621301,44,-0.0078589440651,-1244.35336593,6.1024735265e-08
0.531996347532,0.00564522135785,0.0082435993434,106.994430809,2.19859798573,-1440.05578487,646,-1588.56207261,0.815517196676,-1360.59204247,1.67576734272e-08,0.787819878,45,-0.00564520460018,-1246.07104667,4.408306431e-08
0.564670211686,0.00881342977353,0.00950686236724,102.803428171,2.33363028858,-1445.56256355,643,-1588.5612955,0.816209778382,-1365.68222577,-2.01606847402e-08,0.847425118822,46,-0.00881344993421,-1227.81243969,1.01269170827e-08
0.594718751494,0.00982236248836,0.00876934942531,107.713294886,2.45781283118,-1442.67325431,645,-1588.53340501,0.816971283452,-1363.15015188,4.24486769653e-09,0.899271861452,47,-0.00982235824349,-1254.05334615,-1.06872499739e-08
0.616225596472,0.00666061736441,0.00968292304391,106.062359172,2.54669484375,-1444.97614826,644,-1697.14438261,0.821269552548,-1365.30345585,1.4976805426e-08,0.934796378749,48,-0.00666060238761,-1247.46994227,-7.95947396881e-09
0.633041591489,0.0133855688731,0.00919889199284,110.641695697,2.61619083361,-1434.23328433,648,-1588.53340501,0.800241929705,-1355.27623844,-1.29177529093e-09,0.961719379562,49,-0.0133855701648,-1241.68548094,4.9661483259e-08
0.68119524889,0.00344080849819,0.00789725298596,101.593874972,2.81519696337,-1443.96331447,643,-1588.25016,0.831389771518,-1364.13555643,2.2257603812e-09,1.03503222837,50,-0.00344080627243,-1251.05786544,2.20271225149e-08
0.663170821315,0.00545868667715,0.00774945039777,100.126159686,2.74070684639,-1442.82062385,643,-1588.36333412,0.832962248265,-1362.8937928,3.05187353563e-08,1.00821586027,51,-0.00545865615841,-1244.91001337,-1.63282562471e-08
0.6409464625,0.00286282889834,0.00848639254985,101.210381711,2.64885954189,-1450.74136652,642,-1588.53340501,0.816403319357,-1370.7435734,4.31803957731e-09,0.974129185814,52,-0.0028628245803,-1251.84018577,-2.39322989759e-08
0.631300949097,0.00317190059996,0.00945828672792,107.729358783,2.60899722622,-1440.16021305,646,-1588.57528939,0.811139183113,-1360.81588892,-8.90528793023e-09,0.958965942997,53,-0.00317190950525,-1245.91358547,-4.2501663966e-08
0.654173120141,0.00515173351597,0.00825785368889,103.006169346,2.70352176463,-1448.08534374,643,-1588.55196786,0.829170576416,-1368.27398167,1.15908926759e-08,0.994555280346,54,-0.00515172192508,-1249.63386063,1.57762101161e-08
0.699654182016,0.00275931341585,0.00641266009643,102.278305212,2.89148277506,-1450.18289091,642,-1648.28648159,0.836640823409,-1370.14593057,-1.03592029386e-08,1.0617694415,55,-0.00275932377505,-1248.88694407,-1.44995432882e-08
0.684959608336,0.00479928222962,0.00647416197099,106.300967952,2.83075404968,-1437.1858505,646,-1588.56591129,0.814602226667,-1357.83594992,3.91169257453e-08,1.04054312481,56,-0.0047992431127,-1247.6734836,-1.97686153558e-08
0.657732108001,0.00408219469013,0.00856371882544,106.140806263,2.71823010535,-1438.49078422,646,-1588.55890364,0.811740550454,-1359.13288022,7.71040579098e-09,0.99998097195,57,-0.00408218697973,-1249.07694425,3.3477552952e-08
0.621181014677,0.0043780632187,0.00701758060184,105.906477732,2.56717425594,-1436.40869036,646,-1588.11699046,0.813031937007,-1357.13369053,-7.15072246853e-09,0.942805782694,58,-0.00437807036942,-1247.46207837,-2.0290731706e-08
0.631681845249,0.00344650766271,0.00744052705442,108.771134577,2.61057136769,-1437.98461459,647,-1588.53340501,0.808150736597,-1358.8367646,1.19017418542e-08,0.959569112199,59,-0.00344649576097,-1249.56799537,3.70031010832e-08
0.614716122745,0.00244266874898,0.00996387176327,109.456621899,2.54045659435,-1421.69293741,651,-1588.53876191,0.789178415353,-1343.22760294,-2.9438362144e-09,0.932343826431,60,-0.00244267169282,-1251.58645817,-2.28303740357e-08
0.599382045241,0.00432099433312,0.00432505699723,107.248710639,2.47708497146,-1430.99301939,648,-1588.54100229,0.805006179498,-1352.05293504,-6.73697976358e-09,0.907082454103,61,-0.0043210010701,-1237.40387861,-7.80721798321e-09
0.605317346962,0.00427535277045,0.00650575582607,108.089772353,2.50161397898,-1438.34062156,647,-1588.57828626,0.808944535714,-1359.25077373,-4.01362111361e-10,0.916936115163,62,-0.00427535317181,-1247.79098117,3.5592134795e-09
0.572366391629,0.00747615019151,0.00934127512253,106.212034782,2.36543653273,-1431.23426943,648,-1588.53950604,0.808228648823,-1352.17917388,2.20036028365e-09,0.860962585348,63,-0.00747614799115,-1251.90257617,3.67513215416e-08
0.578499966864,0.00646274961931,0.00787894790227,105.766671442,2.39078495142,-1438.97863357,646,-1588.56769731,0.813565373836,-1359.72727783,-1.63388010945e-08,0.871621743578,64,-0.00646276595812,-1251.32763657,2.56388708042e-08
0.559103939316,0.00626059080788,0.00755101381217,110.697453842,2.31062638022,-1425.95666027,651,-1588.5662864,0.790219007194,-1347.44731787,4.67015060013e-09,0.837518648046,65,-0.00626058613773,-1253.02564492,4.8016583265e-08
0.539917446544,0.00395106500849,0.0069720241259,109.767315556,2.23133375997,-1428.83120848,650,-1588.54118065,0.793826893643,-1350.18996011,-1.67602756801e-08,0.802599505323,66,-0.00395108176876,-1249.57697063,5.3018934576e-08
0.517101285632,0.00501813566361,0.00646974710376,105.43032725,2.13704069639,-1430.7939167,647,-1588.37884464,0.811356880232,-1351.61323909,-1.95600618243e-08,0.759422019857,67,-0.00501815522368,-1252.17660452,-2.93804636176e-09
0.497804587183,0.00599251039558,0.00879496026856,105.286342446,2.05729262568,-1441.52347463,645,-1588.56686735,0.811356448115,-1362.00591426,-7.92064531507e-09,0.721390859026,68,-0.00599251831623,-1235.58735375,-2.38622669402e-08
0.519016783381,0.00406818935849,0.00695038951785,107.920752612,2.14495693399,-1433.3093617,647,-1588.5533322,0.80237302949,-1354.29522573,8.51590811802e-09,0.763119474786,69,-0.00406818084258,-1257.39850674,5.95111669943e-08
0.527939796223,0.00496597078184,0.0073291195968,105.648109202,2.18183334894,-1436.20832355,647,-1588.26039256,0.812051443965,-1357.10770345,8.74655228178e-09,0.780165509122,70,-0.00496596203529,-1255.48316328,1.80191089827e-08
0.506041072222,0.00970395177312,0.00868431153147,111.271504605,2.09133180565,-1432.69068897,649,-1588.55740353,0.793495807148,-1353.87493519,1.5090902266e-09,0.737801090616,71,-0.00970395026403,-1244.75030807,-1.75216399168e-08
0.510341701271,0.00501743609641,0.00686943363642,106.415227448,2.10910515016,-1438.11119549,646,-1588.54395219,0.814543884312,-1358.71561664,3.49691552406e-08,0.746263758081,72,-0.00501740112725,-1249.02150731,2.37492053801e-08
0.506519975952,0.00826846908423,0.00881393962639,108.64029237,2.09331098611,-1435.00210956,648,-1588.2398009,0.802618857188,-1355.9411534,-1.2906311405e-08,0.738747016328,73,-0.00826848199054,-1250.963143,-2.85483178208e-08
0.54209007282,0.00867080602924,0.00931787400797,105.642967452,2.2403126407,-1443.56833076,646,-1588.55174754,0.816647002831,-1364.14536285,2.75701753962e-08,0.806615427869,74,-0.00867077845906,-1257.53168492,-3.31298347644e-08
0.548058625545,0.00405944702731,0.00903573555438,105.49526814,2.26497906569,-1441.31641129,646,-1588.55612102,0.818180450716,-1361.8498677,-1.27532489787e-08,0.81756551637,75,-0.00405945978056,-1242.75454507,-1.26813526347e-08
0.528370102992,0.00277566737433,0.0082756218714,106.430545085,2.18361169121,-1442.84513839,646,-1588.54237211,0.814215390612,-1363.46664505,7.89828529283e-09,0.780980245012,76,-0.00277565947604,-1257.67047628,-2.15568858319e-08
0.568637938842,0.00865712267792,0.0064283129352,103.899924697,2.35002783899,-1437.31824845,646,-1588.53893683,0.814645170987,-1358.01943122,-9.27576228052e-09,0.854427174467,77,-0.00865713195368,-1242.2730696,6.57877800014e-08
0.569125841067,0.0068687482276,0.00997041450232,110.278432264,2.35204420782,-1437.95044606,648,-1588.55637652,0.803351037831,-1358.84861799,5.0593879064e-08,0.8552848257,78,-0.00686869763372,-1237.571971,-1.03120498807e-08
0.554643322407,0.00693777838122,0.00943759249328,104.214204619,2.29219184887,-1447.5138137,644,-1588.57043932,0.825889438396,-1367.83794131,-7.89169281139e-09,0.829508499044,79,-0.00693778627291,-1243.25470866,2.03932093434e-08
0.539196256533,0.00390071011513,0.00947782941838,102.055379345,2.2283532754,-1453.32818299,643,-1588.55848367,0.833641554571,-1373.34477966,-8.78775000705e-09,0.801262871164,80,-0.00390071890288,-1248.82906702,-1.84265483982e-08
0.553728037802,0.00331165796583,0.00692362163237,105.192690769,2.28840922348,-1435.87237241,647,-1588.55663125,0.80651746374,-1356.69009804,5.03279098097e-09,0.827856913942,81,-0.00331165293304,-1253.00528398,2.72909788102e-08
0.550077552419,0.00295175829419,0.00572728923338,105.828413677,2.27332274808,-1441.52105341,646,-1588.53340501,0.817750342033,-1362.16342363,-1.34251306602e-08,0.821242526907,82,-0.00295177171932,-1248.72567322,3.29010149125e-08
0.55897961685,0.00486730703888,0.00958640877439,108.869692853,2.31011258887,-1445.59037551,646,-1588.55324252,0.814225064752,-1366.22047183,-1.95027241784e-08,0.837296263116,83,-0.0048673265416,-1245.04174393,8.1461106749e-09
0.541711551416,0.00349883601114,0.00644128285999,103.329822239,2.23874831343,-1436.24520896,646,-1588.53340501,0.818603396941,-1356.80494689,-6.98440048072e-09,0.805916921037,84,-0.00349884299554,-1254.57008202,4.00000925715e-08
0.53428538506,0.00593818861115,0.00706965838088,104.829716939,2.20805796289,-1446.24007601,644,-1588.53340501,0.823955761931,-1366.52916004,-1.92715949018e-09,0.792113379377,85,-0.00593819053831,-1257.42151535,-2.30349660457e-08
0.514631332003,0.00716301487569,0.0089312594846,111.107383606,2.12683304158,-1435.62942912,649,-1588.53340501,0.798633222326,-1356.78357757,-4.34966608435e-09,0.754634038347,86,-0.00716301922536,-1253.60160293,-1.28945141231e-08
0.53806202652,0.0053881277457,0.00944401742387,111.426871001,2.22366580746,-1425.94431191,651,-1588.54014902,0.786793269432,-1347.53254532,-7.21774809976e-09,0.799157098669,87,-0.00538813496345,-1254.29394336,2.1325527455e-08
0.543687134437,0.00411381332117,0.00710559716458,108.350946974,2.24691286732,-1442.39719478,646,-1588.55729087,0.811506098102,-1363.06134359,2.61506578975e-09,0.809557215112,88,-0.0041138107061,-1250.75258039,-4.13487850626e-08
0.509086770441,0.00457638062928,0.00705811642219,109.500634625,2.10391885817,-1440.39064215,647,-1588.54575324,0.807561420834,-1361.21979367,-1.80634537981e-08,0.743801728624,89,-0.00457639869273,-1257.61706492,5.80656531746e-08
0.480910937171,0.00239905709185,0.00568269900552,105.357706573,1.98747570859,-1436.18900878,647,-1588.53340501,0.810181654158,-1356.93147935,5.44545817179e-09,0.686865345377,90,-0.00239905164639,-1257.96513287,-2.04028908213e-08
0.48417207181,0.00845539167092,0.00776036743724,109.170773132,2.00095310196,-1431.85092381,649,-1588.55159291,0.801785428247,-1352.9657232,1.23455663608e-09,0.693623618024,91,-0.00845539043636,-1257.96513287,-1.73083558597e-09
0.496864327074,0.00769628556844,0.00665801500397,104.615935144,2.05340678324,-1439.05301633,646,-1588.53668845,0.814310887013,-1359.646129,5.03780495782e-09,0.719500259298,92,-0.00769628053063,-1257.66273031,-1.19590097825e-08
0.485829151149,0.00385620104506,0.00679930306976,105.244856379,2.0078013657,-1426.82142993,650,-1588.53340501,0.800614960429,-1348.10549276,-4.3462270009e-08,0.697040275472,93,-0.00385624450733,-1251.00779604,-2.40257608253e-08
0.480490497815,0.00348428543369,0.00718785455275,105.595428962,1.98573814568,-1440.07473734,646,-1588.5414166,0.816222444995,-1360.732694,-4.46936497116e-08,0.685990706819,94,-0.00348433012734,-1257.64655546,1.63830775612e-08
0.461772127701,0.00528460471966,0.00979832307106,103.125285511,1.90838015061,-1440.39105561,645,-1588.55560631,0.823850612792,-1360.8176571,4.65873713941e-09,0.646254793543,95,-0.00528460006092,-1255.20373678,-2.83817054303e-08
0.48338725577,0.0054280148284,0.00863413506054,105.376288806,1.9977096681,-1445.71997331,645,-1588.53340501,0.820603322362,-1366.19089739,7.84427436261e-09,0.692001358408,96,-0.00542800698413,-1257.96513287,1.4968270512e-08
0.48233704381,0.00403454496185,0.00802362351509,107.951793144,1.99336942421,-1438.09863619,647,-1588.51357179,0.809279121787,-1359.00837477,3.88522658753e-08,0.68982638492,97,-0.00403450610958,-1257.93679125,4.16323446828e-08
0.476167744401,0.00836243253216,0.00701124283076,104.163999897,1.96787336711,-1445.64710757,644,-1588.54145023,0.824872275048,-1365.95148186,1.17845106023e-09,0.676953450578,98,-0.00836243135371,-1257.65995099,-2.14134461274e-08
0.452970196537,0.00159402076435,0.0067581599636,104.068129891,1.87200413371,-1446.49753513,644,-1588.53340501,0.82769848888,-1366.82016782,-8.14936005988e-09,0.627009586233,99,-0.00159402891371,-1256.91571259,4.98013030814e-09
0.456398467403,0.0060442815378,0.00838197438629,107.766753411,1.88617225621,-1439.37044417,647,-1588.53340501,0.807933826465,-1360.24657753,-1.5505136488e-08,0.634549514192,100,-0.00604429704294,-1257.73483734,-3.26788981431e-08
0.45176666519,0.00481427126253,0.00649456562426,106.613196523,1.86703026198,-1437.86481066,647,-1588.53832091,0.813689792556,-1358.66572832,3.81900001716e-08,0.624349073309,101,-0.00481423307253,-1252.21973286,2.12293499446e-08
0.447944693605,0.00269758930004,0.0063016796238,100.938705932,1.85123508017,-1442.36285236,644,-1588.53340501,0.827537523536,-1362.70011764,7.52658083214e-08,0.615853027242,102,-0.00269751403423,-1256.81382543,3.35176614241e-08
0.443111710525,0.00286420193731,0.00711525242716,104.818417537,1.83126165947,-1439.51693238,646,-1588.53340501,0.813009502394,-1360.19944484,3.10742007956e-07,0.605005160707,103,-0.00286389119531,-1249.82528737,2.18691510456e-08
0.438033077876,0.00554884484601,0.00915489490811,100.998803104,1.81027303508,-1447.83867977,643,-1588.50532007,0.834571737922,-1367.91360534,-2.6205554822e-08,0.593477682012,104,-0.00554887105157,-1251.68335764,-2.09610711011e-08
0.444440481373,0.00322412052334,0.00845621112948,102.44954139,1.83675311241,-1446.456418,644,-1588.53340501,0.830128249814,-1366.6716384,-3.53827725115e-08,0.607999400037,105,-0.00322415590611,-1241.64924419,1.90158874203e-08
0.452539819035,0.002237819799,0.00575852029421,106.93990476,1.87022549911,-1438.23716904,647,-1588.27087512,0.813017884079,-1359.0663027,-2.65007224609e-08,0.626059011358,106,-0.00223784629972,-1256.16570541,4.39838028221e-08
0.453560619932,0.00532284966174,0.00642121609784,99.8915260042,1.87444419499,-1441.81403431,644,-1588.44035259,0.809427233431,-1362.00838957,-3.26656044325e-08,0.62831218614,107,-0.00532288232735,-1257.70346809,-3.64161367727e-10
0.472998130619,0.00336286571355,0.00890028889524,105.986026333,1.95477420485,-1440.63094604,646,-1588.53720895,0.811447092687,-1361.28763265,3.26233778724e-08,0.670274690527,108,-0.00336283309017,-1249.77746229,2.14313968794e-08
0.491598348954,0.00852917462222,0.00650212446498,99.6759314281,2.03164391036,-1446.45950915,643,-1588.380465,0.835154710376,-1366.61609975,-1.72028457152e-08,0.708845273393,109,-0.00852919182506,-1257.35993676,-2.4837257917e-08
0.493955813472,0.00865863290281,0.00857611023929,105.732434528,2.04138667789,-1435.01019842,647,-1588.53340501,0.811615640826,-1355.75708582,1.91440078703e-08,0.713629320997,110,-0.0086586137588,-1253.39697069,2.61962370685e-08
0.490721258035,0.00315314557356,0.00922328000889,106.618912111,2.02801912921,-1441.83109322,646,-1588.064193,0.81005430308,-1362.50975851,3.7668192651e-08,0.707059518236,111,-0.00315310790537,-1254.47987335,2.83035095361e-09
0.466013550959,0.00463158611173,0.0068652114261,102.266951085,1.9259088135,-1443.45714364,644,-1588.53340501,0.826982447984,-1363.78865773,5.26046682754e-08,0.655397967237,112,-0.00463153350707,-1253.76584282,-1.17005594102e-09
0.458927947157,0.00826344876559,0.00979959405247,106.962474588,1.8966259165,-1436.44700341,647,-1588.53340501,0.808511350548,-1357.31416285,-1.71468109011e-08,0.640076474088,113,-0.0082634659124,-1257.79711236,3.38952177437e-08
0.44594462071,0.00406472123019,0.00775605358705,108.08838686,1.84296931621,-1443.66186936,646,-1588.53785948,0.815126340397,-1364.24136441,3.01009434523e-08,0.611378029722,114,-0.00406469112925,-1257.80689525,-3.49050007786e-08
0.432755433788,0.00716420974161,0.00922077903218,110.455872775,1.78846194988,-1437.1252331,648,-1588.54467296,0.804934341298,-1358.16612446,4.80019250995e-09,0.581356004614,115,-0.00716420494141,-1254.96554611,1.83435182599e-08
0.426501365088,0.00336776832218,0.00661792438688,104.620625599,1.76261556408,-1434.8640707,647,-1588.27630825,0.81454865227,-1355.6418134,3.13751736854e-08,0.566798821825,116,-0.00336773694701,-1255.75533227,-2.04624173161e-08
0.413871983258,0.0151603181448,0.00920156037377,102.848512023,1.7104217218,-1443.04256474,644,-1588.32355287,0.823423702131,-1363.36843144,2.71342710265e-08,0.536739961046,117,-0.0151602910106,-1257.58269492,-2.42628063196e-08
0.406555275025,0.00274989822085,0.00873431414522,105.703631969,1.68018373228,-1438.91632725,646,-1588.21060876,0.815006474466,-1359.54915054,2.11649008053e-08,0.518903151888,118,-0.00274987705595,-1255.35598934,-2.99951213867e-08
0.405773896033,0.00695057454467,0.00939049017834,105.816599002,1.67695450282,-1437.7288347,647,-1588.29465894,0.810779756417,-1358.48408737,8.77775765869e-08,0.516979352373,119,-0.0069504867671,-1257.29240777,3.66585216627e-08
0.407208989295,0.00369058604071,0.00818791363527,105.932623914,1.68288535774,-1436.817556,647,-1588.53340501,0.810962967039,-1357.58211868,5.0659272929e-08,0.520509795087,120,-0.00369053538144,-1257.16715698,-2.34386391407e-08
0.408419605428,0.00625501809839,0.00692606147416,100.128444827,1.68788850899,-1439.06314133,645,-1588.53340501,0.828342386712,-1359.40244821,1.67775771267e-10,0.523478344816,121,-0.00625501793062,-1256.97846034,1.36036079068e-08
0.392558815196,0.00115251105194,0.00949783287816,105.231748775,1.6223401239,-1445.11724698,645,-1588.39824181,0.821391608478,-1365.55242452,1.14990583691e-09,0.483869627851,122,-0.00115250990203,-1257.49538207,-2.77132937709e-08
0.406743484581,0.00203671786201,0.00978440693371,103.1808488,1.68096155181,-1439.29356002,644,-1588.53835859,0.821346838365,-1359.7835487,4.34451296674e-08,0.519365981954,123,-0.00203667441688,-1257.32197522,4.23593206067e-08
0.40802747064,0.00200208719236,0.00647738457495,104.201250772,1.68626792126,-1437.62445817,646,-1588.53886735,0.818392079494,-1358.1636019,1.58291970334e-08,0.522517756361,124,-0.00200207136316,-1257.09749894,-1.35455149319e-08
0.404156881606,0.00580316502984,0.00943313851973,106.450518721,1.6702718166,-1437.51582706,647,-1588.53340501,0.811887329527,-1358.22997505,2.35068714947e-09,0.512986377615,125,-0.00580316267915,-1255.21708413,1.18330351073e-08
0.440494167562,0.00284453249532,0.00960187397918,100.149240034,1.82044405759,-1448.84150204,642,-1588.53340501,0.836775731051,-1368.84347585,-3.17984414278e-08,0.599080459016,126,-0.00284456429376,-1253.2803116,4.14944363314e-08
0.442772901134,0.00406556541615,0.00674817785178,104.191763313,1.82986145127,-1432.93187241,647,-1588.53340501,0.81096945758,-1353.69503289,3.48302109651e-08,0.604240254301,127,-0.00406553058594,-1249.26062585,1.33555033699e-09
0.417483730185,0.00403462424377,0.00797462395466,104.630282335,1.72534810157,-1438.70216024,646,-1588.53878486,0.816371702565,-1359.26563283,-1.36965875996e-08,0.545428828138,128,-0.00403463794035,-1257.08459373,-3.20448090285e-08
0.39948190719,0.00523415722411,0.00996052627628,106.029374181,1.65095140325,-1443.93872221,644,-1588.53551713,0.819157976902,-1364.45683935,-1.26213115126e-08,0.501351729768,129,-0.00523416984543,-1257.18932867,-1.66882835329e-08
0.409720677872,0.00431696216908,0.00691070404003,110.877184042,1.69326549187,-1423.71139798,651,-1588.53533905,0.785172790068,-1345.20615989,-2.628356071e-08,0.526658908266,130,-0.00431698845264,-1242.94120801,2.74322711213e-08
0.410467818358,0.00541588426807,0.00830216748558,106.209897367,1.69635322279,-1434.139338,648,-1588.08825171,0.80816435317,-1355.08644205,-5.48277875655e-08,0.528480783838,131,-0.00541593909586,-1244.99790057,-1.89038129594e-08
0.420584659029,0.00537340902217,0.00654424629787,104.493490591,1.73816340743,-1438.6604623,645,-1588.53340501,0.819210670784,-1359.19144393,-1.17259438346e-08,0.55282904281,132,-0.00537342074811,-1257.65372497,-2.62785261329e-08
0.43158246009,0.00184872138694,0.00951848599939,104.292822162,1.7836143647,-1437.63871275,646,-1588.53340501,0.812109971069,-1358.35659224,1.96753517551e-08,0.578641847509,133,-0.00184870171159,-1255.69427344,-2.04561367845e-08
0.439466834522,0.00828030773354,0.00954992403423,108.382152684,1.81619836613,-1440.88467487,647,-1588.54953369,0.811533835372,-1361.66443659,2.39964559026e-08,0.596745506662,134,-0.00828028373708,-1243.89342909,1.41532167097e-08
0.445266513357,0.00320890206774,0.00895779928483,103.872469101,1.84016688069,-1444.83049894,644,-1588.53340501,0.825860318303,-1365.17030982,-2.60076834152e-08,0.609856263536,135,-0.00320892807542,-1240.10820898,1.60096077506e-08
0.444947590858,0.00441432413847,0.00669176301824,106.915181653,1.83884885968,-1442.66529009,645,-1588.53340501,0.814753081077,-1363.26361411,-2.73814310489e-09,0.609139756101,136,-0.00441432687662,-1244.43714789,9.67349700343e-09
0.443270657118,0.00414878643411,0.00779258804836,107.134083713,1.83191854304,-1439.76256968,646,-1588.3976201,0.813152808261,-1360.42328728,8.75529274199e-08,0.605363801855,137,-0.00414869888119,-1252.69215277,-8.37615754534e-09
0.431609085582,0.00531630006345,0.00884342026034,107.330988595,1.78372440071,-1428.39228276,649,-1588.22839078,0.798474557674,-1349.5928576,-3.94304272757e-08,0.578703538316,138,-0.00531633949387,-1254.38687665,5.29281418693e-09
0.418724393555,0.00383749963288,0.00666805125369,105.138391352,1.73047542998,-1445.27953609,645,-1588.52810196,0.819526336457,-1365.68011185,-1.94684841971e-08,0.548396185773,139,-0.00383751910137,-1255.34821398,-1.17899656704e-09
0.405471876863,0.00780268739789,0.00905326600156,103.816815345,1.67570633873,-1443.15368772,645,-1588.51842534,0.824078655144,-1363.49164552,1.45990519348e-08,0.51623477115,140,-0.00780267279884,-1254.00689056,5.7646620033e-08
0.40698609189,0.00101448248518,0.00997241452854,106.728788912,1.68196418265,-1439.44822115,646,-1588.52384984,0.813299830433,-1360.14762285,-4.81745078987e-08,0.519962266821,141,-0.00101453065968,-1254.36460962,-2.12642783382e-08
0.400301701959,0.00858005448752,0.00924561364165,100.972140874,1.65433939479,-1440.63182331,645,-1588.43098576,0.824777215275,-1361.05191545,5.42378019921e-09,0.503401771921,142,-0.00858004906374,-1253.58076118,-3.94802460724e-08
0.414744940888,0.00594746650837,0.00992395175147,107.652273866,1.71402942117,-1432.01859668,648,-1588.53340501,0.804462395496,-1353.06435712,-6.00708877914e-08,0.538846985239,143,-0.00594752657926,-1256.85617143,1.799521121e-08
0.417009711037,0.00508998304363,0.00941969434387,104.274355203,1.72338910778,-1436.85318106,646,-1588.53340501,0.816190613667,-1357.45889261,1.91404781208e-08,0.544292763609,144,-0.00508996390315,-1249.62542859,9.70702085379e-09
0.408269724398,0.00267075388209,0.00920162869324,105.359300215,1.68726909096,-1437.86867351,646,-1588.42365999,0.81515887241,-1358.53828989,5.59814662619e-08,0.523111299413,145,-0.00267069790063,-1249.6176316,3.79112784499e-08
0.423432774211,0.00910279614011,0.00932145803461,104.837059542,1.74993390234,-1441.2644618,645,-1588.53340501,0.820552764192,-1361.70948886,7.00950534929e-09,0.559578017133,146,-0.0091027891306,-1256.22884611,-3.58029541569e-08
0.458797075795,0.00421048045258,0.0072225733087,106.90630053,1.89608506032,-1447.29450642,644,-1588.53340501,0.81865814081,-1367.65224502,-2.54548368361e-08,0.639791265863,147,-0.00421050590742,-1242.35381571,-3.55294511456e-08
0.450541893441,0.00227518814466,0.00632983127354,105.40051607,1.86196860937,-1446.60309688,645,-1588.53340501,0.822475958407,-1367.01573259,-1.21712512618e-08,0.621634320158,148,-0.00227520031591,-1243.93288257,-3.42946433474e-08
0.454153951414,0.00283232581523,0.00828852970723,105.243529783,1.87689627461,-1435.36926685,646,-1588.53340501,0.812074001309,-1356.07034011,5.30267583695e-09,0.629619494814,149,-0.00283232051255,-1242.62875585,-7.54505691258e-09
0.460049142277,0.00471575033302,0.00941053667296,104.661598926,1.90125951472,-1438.58636247,646,-1588.53340501,0.817677231606,-1359.1881736,-4.6575675635e-08,0.642516569036,150,-0.00471579690869,-1240.09426792,5.76469516567e-09
0.476505863357,0.00121580236779,0.00823582090891,100.413324118,1.96927072192,-1443.57611013,643,-1588.53685089,0.83304484135,-1363.76539201,-3.14868836042e-08,0.677663282293,151,-0.00121583385467,-1256.92596035,1.45042295951e-08
0.477278909523,0.00251641196365,0.00620799947265,104.887644434,1.97246551405,-1438.98348372,646,-1588.53579062,0.816402393317,-1359.57254369,-4.54882083637e-08,0.679284290212,152,-0.00251645745186,-1240.44811218,2.47633756834e-08
0.478720039631,0.00662164792721,0.00655864787674,103.626966652,1.97842131763,-1445.93455492,644,-1588.53340501,0.825663682276,-1366.16948635,2.92124703407e-08,0.682299212354,153,-0.00662161871474,-1239.1108164,-1.27146304596e-08
0.470229491645,0.00373318064262,0.00692589016193,104.13870129,1.94333216376,-1438.8028676,646,-1588.53340501,0.819591159795,-1359.41574773,1.74625721078e-08,0.664404109853,154,-0.00373316318005,-1239.93160666,1.81891414153e-08
0.443399980305,0.00365445048977,0.00944325005614,105.822457377,1.83245300102,-1436.04409172,647,-1588.28594518,0.812890494443,-1356.8297985,-1.06591113761e-08,0.605655506986,155,-0.00365446114888,-1241.58120455,-1.50772964114e-08
0.464067764693,0.00657474611435,0.00645138950053,105.839777263,1.91786740159,-1439.83018078,646,-1588.34370431,0.814972926277,-1360.45531628,-3.28102120025e-08,0.651213840383,156,-0.00657477892456,-1255.96984783,-1.64494277088e-08
0.464153271467,0.0040460004727,0.00915379546798,110.967872781,1.91822077811,-1429.76198883,650,-1588.3415598,0.791621012657,-1351.17259574,-3.27646081318e-09,0.65139807834,157,-0.00404600374916,-1246.20245214,-2.94431825587e-08
0.495687591632,0.00559392309052,0.00922678194227,106.845185901,2.04854365179,-1430.73169004,648,-1588.33339091,0.803005373473,-1351.75141193,-3.44445131499e-08,0.717129126924,158,-0.00559395753503,-1232.37045096,2.46267461979e-08
0.523356995982,0.00405857542944,0.006888335508,102.789152534,2.16289386669,-1440.53850673,644,-1588.53340501,0.822176983965,-1360.97507669,-1.31357670904e-08,0.771447078127,159,-0.00405858856521,-1226.78006738,-1.78979910892e-08
0.554437995938,0.00315106905915,0.00706712646903,104.296203408,2.29134328973,-1446.71369387,644,-1588.53340501,0.82546058808,-1366.97649467,2.74233881349e-09,0.829138234991,160,-0.00315106631681,-1244.28776303,-2.12242052822e-08
0.57224491853,0.00286549493603,0.00850356379025,105.265274359,2.36493451705,-1444.43999349,644,-1588.53340501,0.822220788724,-1364.81627603,1.1814657273e-09,0.860750333208,161,-0.00286549375457,-1237.87480995,5.4554726181e-08
0.601929631448,0.00624158230761,0.00944055063751,105.532410675,2.48761346086,-1436.83552956,646,-1588.53340501,0.814302262953,-1357.52914789,1.74592996103e-09,0.911323801416,162,-0.00624158056168,-1234.81877168,-2.8123035678e-08
0.622051495805,0.00485569151702,0.008507044478,107.266191238,2.57077172059,-1431.08274256,647,-1684.1859449,0.803122959082,-1351.97109677,2.76649862733e-09,0.944206134218,163,-0.00485568875052,-1234.42834855,-1.85614680293e-08
0.654746647705,0.00297648675679,0.00674000231957,102.814081444,2.70589199998,-1440.33729129,642,-1686.73801682,0.822841123337,-1360.35287257,-1.17268153076e-08,0.995431617635,164,-0.0029764984836,-1241.78384809,3.07326719629e-09
0.632635968078,0.00267426847886,0.00648381235443,101.939126386,2.61451450102,-1439.74786166,643,-1685.62369942,0.826286450878,-1359.92548031,-1.50882460066e-08,0.961078421014,165,-0.00267428356711,-1234.02340212,-4.49247326562e-08
0.592422832139,0.00379402380844,0.00672288295443,105.528062117,2.44832441328,-1436.96989038,646,-1656.03368614,0.814149865726,-1357.61399467,7.00365785433e-09,0.895403877634,166,-0.00379401680478,-1239.13636081,3.3980747105e-09
0.576968580141,0.00256123462187,0.00652244567667,106.056788761,2.38445614149,-1434.95862546,646,-1588.53340501,0.809697363265,-1355.73422591,8.7808559896e-09,0.86897106542,167,-0.00256122584102,-1229.5252082,-3.98614034003e-08
0.569252454081,0.00280643521492,0.00688370594144,103.262091561,2.35256746539,-1441.39086669,643,-1660.72088993,0.822674274786,-1361.65789202,-1.40515363485e-08,0.855507270235,168,-0.00280644926646,-1235.10189891,-2.49292628762e-08
0.530785380343,0.00245424379164,0.00672863623652,102.495441721,2.19359338365,-1443.15622045,643,-1588.38959982,0.828511386026,-1363.41453973,1.30143046579e-08,0.785541013616,169,-0.00245423077733,-1229.7539661,9.69466851242e-09
0.517583591666,0.00458088155933,0.00527728369692,101.477402156,2.13903393766,-1445.16697688,642,-1588.38387409,0.833518487891,-1365.16133099,6.32126538842e-09,0.760354296106,170,-0.00458087523807,-1236.94626445,6.64143728901e-09
0.531269081428,0.00425596659497,0.00936624507503,97.7541190508,2.19559239029,-1444.35911169,641,-1588.48881721,0.839892018533,-1364.26769981,-1.41054474688e-08,0.786451891798,171,-0.00425598070042,-1229.3178046,-1.55923747247e-08
0.525179675781,0.00772820175419,0.00956303794093,97.435068774,2.17042651265,-1441.79472428,641,-1688.19337504,0.837663476807,-1361.61663166,-5.05595463469e-08,0.774923697847,172,-0.00772825231374,-1236.59908343,1.25353633029e-08
0.532885429966,0.00225325374878,0.00619187280442,102.855802548,2.20227232458,-1440.27199415,642,-1645.8917168,0.82560375318,-1360.42572842,1.7414283294e-08,0.789489702123,173,-0.0022532363345,-1238.43997091,-2.1742566429e-08
0.523084208738,0.0043332577801,0.00917641855602,106.636597408,2.1617665103,-1437.61819776,643,-1684.32979493,0.813052181365,-1357.98934834,5.44120241389e-08,0.770925716299,174,-0.00433320336808,-1237.45222003,5.32962611821e-08
0.541099803535,0.00748736849663,0.00665972856951,104.768104909,2.23622012378,-1441.65048913,643,-1681.67343217,0.819285854173,-1361.90590814,-4.87968345253e-08,0.804786995786,175,-0.00748741729346,-1245.29109604,-2.56055162628e-08
0.551798187601,0.00388881793023,0.00737615110442,103.488111964,2.28043367105,-1443.97230785,642,-1704.28325945,0.824508012066,-1364.04718196,-5.54271584799e-09,0.824365631479,176,-0.00388882347294,-1239.99018251,-5.17526171917e-08
0.538726016856,0.00681907797442,0.00692841365219,102.531712133,2.22640990114,-1442.08115326,643,-1663.09683871,0.827730786697,-1362.2364843,-1.1277602875e-07,0.800390378374,177,-0.00681919075045,-1235.82646025,3.96407032754e-08
0.524619523159,0.00241903167304,0.00870412930588,102.820953682,2.16811155234,-1439.97294237,643,-1671.89724161,0.82382562836,-1360.19624772,5.15078748149e-08,0.773856536287,178,-0.00241898016517,-1234.83923895,-8.60447701978e-09
0.542566870904,0.0014469072898,0.00640432543105,103.144228492,2.24228311909,-1438.54793788,644,-1662.33387319,0.82317134878,-1358.95849128,-9.20153198223e-09,0.80749459638,179,-0.00144691649133,-1235.99311447,6.36615600236e-08
0.555216768046,0.00244550336083,0.00616088784608,103.451929814,2.29456174564,-1436.77357546,645,-1587.90246681,0.818939845369,-1357.37190173,9.19563060495e-08,0.830541864771,180,-0.00244541140453,-1239.33046879,4.30083830771e-08
0.544644090471,0.000159896995159,0.00840778467495,106.510769214,2.25086770953,-1434.7517795,647,-1588.53340501,0.811144327753,-1355.61332788,-2.42421152505e-11,0.811315790552,181,-0.000159897019401,-1246.81021696,3.70564130492e-08
0.553802897665,0.00375787257185,0.00972660645954,106.203741627,2.28871859918,-1439.99957139,646,-1588.53340501,0.816906137235,-1360.60158192,-2.49941695523e-08,0.827992097276,182,-0.00375789756602,-1246.44041729,2.80133136688e-08
0.557546327438,0.00728276831837,0.00744133364566,109.448228096,2.30418918878,-1433.94663312,648,-1588.452064,0.803583540455,-1355.01325354,-3.90224454763e-08,0.834728852647,183,-0.00728280734082,-1240.8183943,-2.44531644933e-08
0.573948027253,0.00446889785953,0.00464340076767,110.052608844,2.37197300786,-1435.97234404,648,-1588.53340501,0.804690698051,-1356.96090665,1.65410001952e-08,0.863722101587,184,-0.00446888131853,-1250.11047085,-5.09739817023e-09
0.568752408584,0.00129794117051,0.00588789304248,104.964636182,2.35050091169,-1444.60527046,645,-1588.53340501,0.820563622737,-1365.0170123,1.57946694503e-08,0.854628459352,185,-0.00129792537584,-1240.85134796,-1.15826079838e-08
0.557903091121,0.00471339893224,0.0090287127455,108.252719675,2.30566359724,-1435.87702888,647,-1588.53340501,0.806963437131,-1356.7852569,-3.00004401324e-08,0.835368529695,186,-0.00471342893268,-1242.22874785,2.11516212323e-08
0.579012965376,0.00337334886827,0.00777072225444,105.226076,2.39290503645,-1433.42641063,646,-1588.53340501,0.811938678938,-1354.13230159,-1.29321329197e-08,0.87250812425,187,-0.0033733618004,-1240.26898647,3.88097299853e-08
0.609651115332,7.47516854443e-05,0.00109618423502,105.09803705,2.51952427941,-1439.97191265,644,-1588.53340501,0.819770091932,-1360.39084024,1.27805546998e-08,0.92407010569,188,-7.47389048896e-05,-1239.71680327,-4.59724915913e-08
0.6134595415,0.00481613649197,0.00907910838204,105.717966862,2.53526348164,-1437.22594743,645,-1588.53340501,0.816872640206,-1357.79892486,9.87941798081e-08,0.930297569173,189,-0.00481603769779,-1235.75883935,-3.72197465071e-08
0.670069216633,0.00387896835861,0.00927591947833,106.144959061,2.76921606101,-1434.74654423,646,-1661.92739518,0.810434800672,-1355.44559747,2.60503971583e-08,1.01856426968,190,-0.00387894230822,-1237.70273422,4.35378233465e-09
0.636814560775,0.00436867063023,0.00758120451621,105.54020023,2.63178350208,-1435.12947903,646,-1588.53340501,0.811038671874,-1355.92020278,5.44965803799e-08,0.96766175403,191,-0.00436861613365,-1241.7620667,-4.59986390644e-08
0.610178226458,0.00260209828285,0.0096442281754,103.15406274,2.52170268809,-1440.65670373,644,-1612.28953775,0.823813159449,-1360.94966356,-5.95445199784e-08,0.924934343237,192,-0.00260215782737,-1230.64077708,-6.55876580824e-09
0.606089728967,0.00533441003719,0.00916756599754,102.90589322,2.50480602631,-1446.68610737,642,-1636.5113505,0.830460108079,-1366.70071128,-8.89597779775e-08,0.918211296934,193,-0.00533449899697,-1233.92110471,-3.06343904688e-08
0.64554811115,0.00538191239949,0.00955379248246,98.3731771896,2.66787691954,-1442.75534039,641,-1669.8191315,0.820913374719,-1362.66652582,6.75304209156e-08,0.981282994884,194,-0.00538184486907,-1235.69469702,8.45181596931e-09
0.665107911039,0.00680139415818,0.00664039320185,104.855172933,2.74871231783,-1433.2821522,644,-1669.88416968,0.81371527077,-1353.74465827,-2.60469211848e-08,1.01113255395,195,-0.0068014202051,-1239.92591792,4.36387187497e-09
0.657841378314,0.00544314662476,0.00716470474531,102.738125329,2.7186816902,-1437.06006887,640,-1703.74411318,0.819368457113,-1356.91185372,1.18438036135e-09,1.0001470901,196,-0.00544314544038,-1240.76438766,1.43723039581e-08
0.621716964436,0.00578188199631,0.00683352859374,101.793470018,2.56938919231,-1436.29798253,643,-1666.31088216,0.824750611894,-1356.47545309,-5.64050217089e-10,0.943668202299,197,-0.00578188256036,-1238.5438425,3.20554499056e-08
0.624290433864,0.00461930092008,0.00649519202153,103.91330855,2.58002465011,-1435.53115253,644,-1696.70141058,0.816480894587,-1355.93740247,-1.07062019893e-07,0.947798953193,198,-0.0046194079821,-1234.36578675,-5.86235237021e-08
0.626614999903,0.0032695682223,0.00671215149573,103.731209366,2.58963145706,-1435.32981904,642,-1698.57023505,0.816317217787,-1355.5197252,1.67083942475e-08,0.951515571016,199,-0.0032695515139,-1232.92049057,-1.98490417436e-08
