AverageDiscountedReturn,Entropy,ExplainedVariance,NumTrajs,Iteration,LossAfter,Perplexity,MinReturn,MeanKLBefore,MaxReturn,AveragePolicyStd,dLoss,StdReturn,MeanKL,LossBefore,AverageReturn
-814.279292008,1.4189385332,6.20614670765e-14,242,0,-0.018825856674,4.13273135412,-998.713404805,0.0,8.85863312537,1.0,0.0188258598885,234.454355315,0.00842661050123,3.21450426405e-09,-938.72169824
-757.360547212,1.40886552426,0.275971977404,188,1,-0.0181275078959,4.09131127685,-998.750874533,-2.35761476192e-08,12.460654465,0.989977553892,0.0181275014346,302.731622929,0.00653420079897,-6.46128982821e-09,-894.874728994
-753.197128783,1.38062929435,-0.716616923505,190,2,-0.0103087933911,3.97740379786,-998.66161362,9.37740143175e-09,10.7184533429,0.962415278674,0.010308787671,308.618077232,0.00685559290647,-5.7200273876e-09,-890.376294491
-703.800694472,1.36695247589,0.301673084441,159,3,-0.0197461916266,3.9233758754,-998.685189275,2.93072704924e-08,11.7656103477,0.949342103132,0.0197461975674,365.779862558,0.00656459776988,5.94080318535e-09,-838.445653429
-522.786562493,1.34838882162,0.213257026062,106,4,-0.0192372183346,3.85121553413,-998.715078077,2.8495666396e-08,11.1341128504,0.931881413072,0.0192372099925,484.601683367,0.00696478024572,-8.34216641579e-09,-626.564437525
-431.900945408,1.3185604669,0.174883261766,89,5,-0.0170655668885,3.7380364751,-998.66769791,2.32649285392e-08,12.635483023,0.904495394158,0.0170655705242,499.844102259,0.00904896160922,3.63570540607e-09,-544.025814368
-297.950390082,1.29205571188,0.166761595018,75,6,-0.025515100609,3.6402621995,-998.509732709,3.13264431617e-08,13.9836697194,0.880836881852,0.0255150828506,482.110859493,0.00930325503095,-1.77583903184e-08,-352.981801323
-56.4949447184,1.27015101983,-1.58710721735,57,7,-0.0161163362124,3.56139036231,-998.086048132,1.8085118042e-08,14.1360252502,0.861752206264,0.0161163606554,257.267159472,0.00959944742198,2.44429888555e-08,-61.3708654158
-140.977153422,1.23304784371,0.0658040470381,61,8,-0.0216866895618,3.43167281588,-997.85807188,-3.25505853105e-08,12.2851049713,0.830364357571,0.0216867044337,399.683889768,0.00945225702049,1.48718545226e-08,-187.946826449
-11.4275761877,1.17823222353,-0.161701253542,54,9,-0.0162519459863,3.24862627876,-988.662348318,-4.43595606081e-08,12.3309806555,0.786072454364,0.0162519562417,188.450381052,0.00982867210454,1.02554664577e-08,-27.7945034633
-9.47686636013,1.16903629972,-35.3915440939,54,10,-0.00284726347595,3.21888909901,-996.93377298,-3.96443620432e-08,13.2283309186,0.778876927435,0.002847263937,135.703508532,0.00660351603115,4.61047656408e-10,-9.06232468354
-9.70943844388,1.13918541445,0.0392510125757,54,11,-0.0108955939231,3.12422238196,-998.001377325,5.903770528e-09,14.0845799915,0.755970353322,0.0108956134133,135.795265513,0.00676767536437,1.94902409831e-08,-9.48694460884
7.53165344992,1.12836535348,-15.1168235572,54,12,-0.014925097731,3.09060032966,6.18902855707,1.9436952825e-08,13.9077947336,0.747834800967,0.0149251023671,1.51643325755,0.0093219275346,4.63611005294e-09,9.56205113368
-25.5683274477,1.09298820867,-0.00882587820611,55,13,-0.0095178938633,2.9831751166,-998.53265285,1.24957369452e-08,13.5303895804,0.72184104433,0.00951788680327,188.718088279,0.00918819754798,-7.06003108348e-09,-27.055178707
-9.64442662038,1.07823668494,0.0192897383183,54,14,-0.0123419813951,2.93949172848,-997.770185655,-1.11327037033e-08,13.4768792203,0.711270943259,0.0123419766746,135.735181503,0.00997574961042,-4.7205048985e-09,-9.65725082519
8.11183614561,1.03934545888,-5.68786721789,54,15,-0.0169302810146,2.82736578141,6.75341251014,-2.24947284688e-08,14.263644958,0.684139746608,0.016930287531,1.98129566556,0.00764642434295,6.51631093612e-09,10.0541950818
7.96441580723,1.03565044774,-0.230305335806,54,16,-0.00705128558451,2.81693791076,7.32071698108,-2.47433192824e-08,15.5312563596,0.681616507193,0.0070512857693,2.07506122971,0.00706283290763,1.84792626805e-10,9.88943097803
8.77376670131,1.03339587225,0.361545011771,54,17,-0.0141376519637,2.81059406562,8.30143416658,1.64146696235e-09,17.5587688117,0.680081482387,0.0141376517723,1.74034675871,0.00867409769353,-1.91360627297e-10,10.9224833898
9.36172294936,1.04332055225,-0.228722679595,54,18,-0.0164210813302,2.83862719211,8.40678129776,-1.54323048229e-08,22.2830930991,0.686864678316,0.016421093448,2.56186320231,0.00899702734569,1.21178097922e-08,11.9078012834
10.2335928779,1.05885453596,-1.76702882315,54,19,-0.0117112249595,2.88306664794,8.51264042633,-2.75848239251e-08,26.4084192317,0.69761772564,0.0117112289781,3.66394161633,0.00675085114693,4.01858584623e-09,13.2414684348
14.1436270847,1.05778692736,0.347026028156,54,20,-0.0177910207755,2.87999030367,9.01729889808,2.74376626419e-08,44.4384670638,0.696873340387,0.017791016319,7.45040512923,0.00654964579285,-4.45655396889e-09,18.1496691386
14.2356146173,1.06189410462,0.549235854316,54,21,-0.0156198168371,2.89184325878,8.87598107616,2.19866794771e-08,40.2363630594,0.699741408522,0.0156198158131,7.64382124692,0.0067059829616,-1.02397657752e-09,18.7898399265
17.1378281579,1.04742802753,0.361815344376,54,22,-0.0145994146453,2.8503107617,11.0926865231,2.57038536011e-08,58.6098943089,0.689691760113,0.0145994311787,11.661422129,0.0065700120476,1.65334017992e-08,24.5278123605
19.1823756982,1.0442451395,0.439560302085,54,23,-0.0130160916821,2.84125296431,9.3033302525,3.88451278921e-08,53.9563013258,0.687500038317,0.013016092456,11.8159938509,0.00649226839704,7.73957993732e-10,28.7518111181
22.8596378282,1.01290650739,0.473910825585,54,24,-0.0108224460367,2.75359273303,14.095837317,5.06151179858e-08,67.0661545671,0.666288828641,0.0108224547153,12.4418969411,0.00952017132219,8.67861122109e-09,37.1455798154
25.57612557,0.968423620599,0.643289156863,54,25,-0.0105755426943,2.63378933394,20.6266017019,-4.17039320855e-08,63.4205009827,0.637299913363,0.0105755482408,9.32833898996,0.00889350677028,5.54640946817e-09,41.4325079663
23.5265100787,0.939268366235,0.495244107195,54,26,-0.0134238791976,2.55810913448,5.17877005152,-5.16557059951e-08,62.4438032959,0.61898752067,0.0134238417082,12.9533824185,0.00891518936104,-3.74893664403e-08,39.4134137948
27.6135598012,0.965344176429,0.64944217922,54,27,-0.0134998417379,2.625691202,28.5620493593,-2.53860351074e-08,67.6935313662,0.635340402511,0.0134998620594,9.47099385158,0.00899451620935,2.03215461163e-08,43.9324439766
30.8992395637,0.917300895589,0.774934473604,54,28,-0.0140991276736,2.50252668526,31.6341481647,4.88545026656e-09,65.3859343472,0.60553819516,0.0140991580213,8.68346724951,0.00820035515086,3.03476650713e-08,50.8452069431
32.2248495647,0.930148825782,0.76964208071,54,29,-0.0143060018769,2.534886406,26.8995186281,-3.7492360272e-08,72.8963124347,0.613368300233,0.0143059589492,9.6741357402,0.00758078865976,-4.29277224977e-08,52.3816828267
32.5181069791,0.891999141115,0.781334681981,54,30,-0.0127487842641,2.44000268842,26.1729464795,-3.56457563466e-09,71.4788137439,0.590409218345,0.0127487593999,9.98268218649,0.00988693156632,-2.48641152796e-08,53.0783939594
35.6524506326,0.881046370405,0.834377622173,54,31,-0.0114266685855,2.41342372082,30.2722309353,-3.0836753373e-08,73.1377096337,0.583977886297,0.0114266222611,8.1211587217,0.00654435850791,-4.63243907985e-08,57.2442158159
36.5833682253,0.868713454145,0.866200685149,54,32,-0.00911989298706,2.38384195782,39.0447180464,-1.44696025162e-08,74.8943828468,0.576819965673,0.0091199183984,8.31827501151,0.00976228526745,2.54113318164e-08,59.5908074629
36.4645650435,0.851113513845,0.866307818781,54,33,-0.00748314359852,2.34225353211,38.6384537366,-1.09153012184e-08,79.074813617,0.566756784171,0.00748311932,8.98365311131,0.00646042365501,-2.4278519799e-08,59.7124642658
36.0494192222,0.834560827154,0.911905140903,54,34,-0.00939194015152,2.30380205878,42.6267406268,5.44124419966e-08,74.0517590623,0.557452653311,0.00939191345833,6.49809902536,0.0068353244244,-2.66931910343e-08,58.7500595752
38.7715429675,0.822979585069,0.851776370441,54,35,-0.0132631798892,2.27727507363,45.1937249091,1.72098385542e-08,77.3511173792,0.551033899496,0.013263136917,8.85159871687,0.0065330173106,-4.29721966705e-08,62.2592059162
39.2089563909,0.783821896452,0.887778275734,54,36,-0.00576625020306,2.18982557919,50.306381064,-3.41036185958e-08,81.0949261115,0.529873681967,0.00576618161294,6.80704975116,0.00659092256032,-6.859012532e-08,63.0290564891
40.4735809154,0.762454465765,0.924645191495,54,37,-0.00998945050792,2.14353099247,51.6578571512,-5.26543131318e-09,81.0428537542,0.518671747276,0.00998945009424,6.7328678106,0.00659491771427,-4.13680942856e-10,65.6013431502
40.0318163664,0.744606689352,0.931071578807,54,38,-0.016013702714,2.10561311204,44.4448310127,2.3329188803e-08,77.6041858551,0.509496730277,0.016013707738,6.76022142724,0.00727592154804,5.02405587456e-09,65.3493450614
40.8264655977,0.724802032846,0.942141680526,54,39,-0.0132407722601,2.06432239148,53.6227115147,-2.25741002557e-08,77.5801215188,0.499505584708,0.0132407284128,6.17732399373,0.00664676281595,-4.38473449338e-08,66.54278205
41.7462474925,0.695626155275,0.937545985936,54,40,-0.0145033591862,2.00496409983,57.4510431443,1.37797427913e-08,81.4074153128,0.48514261587,0.0145033510262,6.66800605392,0.0064654605071,-8.16009826328e-09,67.9023532124
42.6405822165,0.690479174989,0.959307570779,54,41,-0.0101489495962,1.99467110079,56.8974904999,6.74858668948e-09,80.981988394,0.482652011435,0.0101489545138,5.0721153714,0.00666591749998,4.91757467969e-09,69.47976902
43.8244077675,0.679775909322,0.956849432093,54,42,-0.011282002802,1.97343545419,58.6837302643,1.73041387885e-08,81.6109514329,0.477513606642,0.0112819839933,5.75289599606,0.00702702438836,-1.88086701101e-08,71.3048146061
43.5988366018,0.660863772768,0.962923311153,54,43,-0.0146135867035,1.93646427732,61.6466190306,1.17506118169e-08,80.0434239461,0.468567664188,0.0146137003522,4.80204041555,0.00978330009768,1.13648658602e-07,70.7653403189
43.8105351324,0.629644707578,0.969848876259,54,44,-0.0109782186527,1.87694359695,65.2785924294,-7.08465308641e-09,80.9735480697,0.454165402035,0.0109783043778,3.75802480637,0.00901235814412,8.57251327218e-08,71.4663637477
44.4949690188,0.606443599599,0.965111753514,54,45,-0.0123892554023,1.83389771291,59.1438419521,-2.76930449683e-08,80.9411531575,0.443749558286,0.0123894630663,4.92793053343,0.00693000387072,2.07664089699e-07,72.1456968737
43.9741144515,0.600169674295,0.961979473005,54,46,-0.00966454249403,1.82242799334,59.5581383987,2.988729364e-08,83.1774736162,0.440974221933,0.00966460549336,4.89717433938,0.00672998551569,6.29993259194e-08,71.6495745639
44.5865395664,0.592417017358,0.967155507771,54,47,-0.0091507178335,1.80835396039,63.4383209382,2.12320953041e-08,81.491971214,0.437568717982,0.00915066284946,5.19772021346,0.00688195537125,-5.49840313898e-08,72.5136957285
44.887101639,0.570997730631,0.961119767501,54,48,-0.0113186057657,1.77003218605,61.9650609834,-4.11949319101e-09,82.8327183945,0.428295970481,0.0113185879567,4.51547222049,0.00915392021465,-1.78090611146e-08,72.7301458307
44.2315081094,0.561521664995,0.968949351634,54,49,-0.0122382372038,1.7533384652,61.8021416264,4.06811138109e-08,80.74880496,0.424256578751,0.012238185175,4.65880467306,0.00963224279928,-5.20288258547e-08,72.3155449669
44.5681368005,0.563279763597,0.9732151187,54,50,-0.00793637044646,1.7564237184,62.3920898474,-2.13008604089e-08,80.2912444099,0.425003119703,0.00793628923852,4.68347107536,0.00716131012631,-8.12079326515e-08,72.7228908124
44.2433122033,0.551128045457,0.961598448403,54,51,-0.0117734553821,1.73520930925,61.2181237335,-5.1309783089e-08,79.0099092832,0.419869853751,0.0117734629013,5.0100776042,0.00938919916405,7.51915108415e-09,72.0649228203
45.5039640645,0.546349243063,0.969960673649,54,52,-0.00712067198972,1.72693686877,65.2859711136,7.27801152678e-11,81.67046694,0.417868165334,0.00712057149721,4.01468737744,0.00671487920798,-1.00492516681e-07,73.8622514273
45.2235897557,0.540421263116,0.969847868725,54,53,-0.0133544758278,1.71672990487,63.3383548561,1.73096259548e-08,86.1812254728,0.415398378885,0.0133544096001,5.33438553138,0.00864355354502,-6.62277198948e-08,73.9605106857
44.9791671457,0.530103222269,0.978678121743,54,54,-0.00784381138043,1.69910768532,65.3939273514,4.1590938693e-08,84.5503511754,0.411134317652,0.00784384572946,4.44204605137,0.00681912591536,3.43490301791e-08,73.8804197139
45.6122464942,0.516379729646,0.971656879376,54,55,-0.011412173242,1.6759492642,64.34082583,4.3999089927e-09,83.2428569538,0.405530657716,0.0114123196847,4.538523764,0.00641532717708,1.46442726479e-07,74.2850776121
46.1077801309,0.513507024187,0.978119207345,54,56,-0.0082668222877,1.67114166432,65.2488877009,-3.61422802797e-09,84.077256544,0.404367359289,0.0082668913415,3.99977324972,0.00650285601294,6.90538061294e-08,75.0128865412
46.5778496296,0.508345023531,0.979394793379,54,57,-0.00791242104374,1.66253745652,61.2579304598,7.01126856573e-09,84.2599167276,0.402285392894,0.00791247913809,4.35442910446,0.00696425543077,5.8094349239e-08,75.5950654818
46.8531394537,0.503181413549,0.980651889253,54,58,-0.00939438848526,1.65397488742,67.4521413824,1.89740280154e-08,83.0320506261,0.400213501846,0.0093944598694,3.38146396481,0.00947332696072,7.13841428863e-08,75.7687068325
47.2206580298,0.500773028272,0.983416185698,54,59,-0.00912383461806,1.6499962716,69.9999105074,3.83236874457e-08,81.9051718928,0.399250793292,0.00912391256479,2.62441327809,0.00915941134826,7.79467344176e-08,76.5084311266
46.4541408639,0.497087613481,0.982929434644,54,60,-0.00783399951978,1.64392654254,62.9451516671,-2.68561698435e-08,82.3073095795,0.397782096554,0.00783407787635,3.60224121506,0.0064718181709,7.83565725495e-08,76.0289485006
46.6964564921,0.484325662988,0.976297229314,54,61,-0.00929620869332,1.62308013672,65.2563227021,-8.55472714889e-09,85.0293474103,0.392737876635,0.00929622072992,4.81899202018,0.00650383118335,1.20365970369e-08,76.226809068
46.7772051023,0.477995470899,0.980480575885,54,62,-0.00958721439543,1.61283817866,69.4672954631,1.6552861748e-08,85.243177472,0.390259622623,0.00958733955021,3.48447272881,0.00659411287396,1.25154776587e-07,76.1268191611
47.4600287097,0.470347420114,0.978523810651,54,63,-0.00684725473951,1.60055015995,67.4783913252,-3.87982168615e-09,85.942589877,0.387286281833,0.00684732595785,4.6422531637,0.0078626436259,7.1218336088e-08,77.226928423
47.9972642328,0.467372135061,0.984140577354,54,64,-0.00934504897068,1.59579514426,69.3492617193,-1.31413034898e-08,85.0914137644,0.38613570724,0.00934507222968,3.87703491038,0.00969686008542,2.32589960532e-08,77.8460602537
47.4225021396,0.468340412515,0.984517423291,54,65,-0.0114593365037,1.59734106504,64.8054224085,-8.75218186813e-09,84.1486823147,0.386509774811,0.0114593035937,3.63918841668,0.00953727869327,-3.2909914298e-08,77.2792481574
47.5540957216,0.460976139444,0.983531512597,54,66,-0.00927488669659,1.58562101703,66.0763675375,5.13638983568e-08,85.9832043339,0.383673866304,0.00927475129143,3.82722225782,0.0094344709363,-1.35405159724e-07,77.572684988
47.9031324217,0.456950322527,0.986133044002,54,67,-0.00945799240473,1.57925042913,71.8901962905,8.23376544723e-09,85.9391724047,0.382132370534,0.00945795674897,3.31443815587,0.00872547580768,-3.56557584045e-08,77.9033297396
48.7278169708,0.451118902105,0.987145490839,54,68,-0.00874243962981,1.57006795538,72.0209511247,-3.97737903723e-08,87.0298567071,0.379910480708,0.00874239250206,3.64213950091,0.00650881270818,-4.71277485281e-08,79.0129972614
48.7135160649,0.446047679323,0.987789471518,54,69,-0.0108606079149,1.56212594587,70.1957390049,-7.6544481864e-10,85.4063101701,0.377988746911,0.010860551762,3.12380964396,0.00975443965505,-5.61528864058e-08,78.9993799268
48.1301181459,0.440428630251,0.984541512031,54,70,-0.00924880647634,1.55337289845,69.7763947024,2.31145902418e-09,85.6673022666,0.375870765686,0.00924869963345,3.94498745713,0.00650481792228,-1.0684289628e-07,78.1401545752
47.5788653103,0.436949685949,0.981468526019,54,71,-0.00922138607943,1.54797819004,68.9925703181,-3.9907553151e-08,85.5021504628,0.374565404185,0.00922124102831,3.86307649499,0.00649661535171,-1.45051122736e-07,77.3281868944
48.2083387005,0.432708219427,0.984509306474,54,72,-0.00868049519677,1.5414263968,67.3648404781,-3.82896714335e-10,85.9749896019,0.372980062027,0.00868031790219,4.14962552138,0.00676610360458,-1.77294578437e-07,78.3779573303
48.6129155554,0.428741768736,0.986803548936,54,73,-0.00812039354319,1.53532451441,68.0972068751,-4.18390622148e-09,85.8737836821,0.371503585124,0.00812031182425,3.37983592038,0.00656601757628,-8.17189392165e-08,78.9250290589
49.2927351707,0.422512725729,0.989885721124,54,74,-0.00820008531947,1.52579063628,73.2077911447,-4.15729144443e-08,87.1318598147,0.369196665725,0.00820007465538,3.37419835354,0.0091251346723,-1.06640895588e-08,79.8002004596
48.7190648669,0.417626634973,0.989703728035,54,75,-0.00596105951769,1.5183536684,72.2654571516,-2.84515813131e-08,84.4749103101,0.367397137219,0.00596100211228,2.88687123285,0.00666360889547,-5.74054077036e-08,79.1492372162
48.7312496211,0.408744231599,0.989107218546,54,76,-0.00806793224643,1.50492675855,70.5306189967,1.39183105041e-08,86.5292838222,0.364148218114,0.00806795380659,3.27840260539,0.00983293874751,2.15601519983e-08,79.1210171362
49.7047093599,0.400468365091,0.98817039507,54,77,-0.00793092574713,1.4925235799,72.6731609687,9.7725680881e-09,87.9575643224,0.361147011991,0.00793095585989,3.48842077248,0.00675680488425,3.01127627869e-08,80.1634907132
49.4170710627,0.374114052194,0.988929218627,54,78,-0.0075048338304,1.45370293901,72.5799344997,3.13443559996e-08,87.0949760549,0.351753553388,0.00750500814484,3.62262837021,0.00835196243094,1.74314444697e-07,80.0837454054
48.9550031844,0.371301428217,0.987782321133,54,79,-0.0101577124783,1.4496199639,70.6231663897,-1.97121483581e-08,87.0522360827,0.350765592942,0.0101577049493,3.67129229021,0.00955417442539,-7.52902127755e-09,79.3364395376
49.4082362217,0.359077826875,0.98840270434,54,80,-0.00536311607959,1.43200824596,69.7526960059,-3.84120315555e-08,87.0658283693,0.346504072793,0.00536296413711,3.40623982877,0.00659605832888,-1.51942481767e-07,79.9712683908
49.306729971,0.353578702348,0.990358449708,54,81,-0.0096740251009,1.42415506689,71.2830205071,-1.75958958515e-09,86.8115405854,0.344603833363,0.00967405390248,3.27487835058,0.00999190670423,2.88015777195e-08,80.1553336288
49.9675882235,0.340683833498,0.992907188206,54,82,-0.00731181683585,1.40590866936,74.4810148561,-3.15048209742e-10,87.4555682333,0.340188739333,0.00731178951217,3.05696464519,0.00989280450103,-2.73236817481e-08,81.0071519484
49.3960707748,0.335110560793,0.991398460511,54,83,-0.0082435622354,1.39809495116,74.6500068327,2.2332920846e-08,86.6139805744,0.33829804828,0.00824375242207,3.00175333381,0.00955870414483,1.90186669551e-07,80.1751966124
49.1492343612,0.328316704172,0.990976558342,54,84,-0.00769541712238,1.38862868715,72.4115404979,-3.76095503629e-08,87.1089271663,0.336007489519,0.0076955729434,3.06610207608,0.00972239184347,1.55821021031e-07,80.0473365292
49.6508478118,0.324535743135,0.990581631706,54,85,-0.00721562658235,1.38338824938,72.6564993395,-3.58188709804e-08,86.788206591,0.334739456994,0.00721558214939,2.9446785731,0.00674244427692,-4.44329618573e-08,80.5592511467
50.1704438378,0.319948212045,0.989269709839,54,86,-0.00730190277841,1.37705644755,71.6961953005,-2.99288283045e-08,88.6986151074,0.333207346318,0.00730185327205,3.58510661348,0.00690075982301,-4.95063551803e-08,81.1170204018
50.351097489,0.307571069139,0.99020618663,54,87,-0.00709289085127,1.36011746744,73.6860778631,-5.21008176602e-08,88.1523831766,0.329108609029,0.00709284204029,3.22141341278,0.00644348263825,-4.88109834756e-08,81.4190403218
49.5684921452,0.303734914201,0.987930339935,54,88,-0.0086024695,1.35490984112,66.461702592,1.95593399255e-08,86.8992160559,0.327848515915,0.0086024969363,3.56001075113,0.00697459766616,2.74363008844e-08,80.477424926
49.3168626253,0.296150580782,0.989731471584,54,89,-0.00972236931178,1.34467262344,68.0591894952,2.40736151014e-08,87.3843643584,0.325371408935,0.00972237310738,3.46032285184,0.00990221982728,3.79560387236e-09,80.1534939649
49.7910059695,0.287813440698,0.992693821513,54,90,-0.00599726994462,1.3335085025,73.1866216681,-1.00858033036e-09,88.1518029776,0.322670018503,0.0059972824592,3.22530872038,0.0064270311366,1.25145820957e-08,80.9554191957
49.8114883238,0.285416261095,0.991378347222,54,91,-0.0105248443303,1.33031567154,70.8230352731,-6.46846132213e-10,87.413174704,0.321897446882,0.0105248083536,3.48766194257,0.00994192769222,-3.59766105184e-08,80.9767912808
50.1569809859,0.284134284395,0.993673769883,54,92,-0.00765097104605,1.32861133054,74.3234637132,5.48008682877e-09,88.0314998126,0.321485046256,0.00765099240986,2.97589827185,0.00667284958065,2.13638091183e-08,81.4644197616
50.0677327578,0.279632703203,0.992404148112,54,93,-0.00871621244134,1.32264392023,75.189889464,4.74598276234e-08,87.2221850519,0.32004110766,0.00871638290834,2.67648451569,0.00956066661384,1.70467004153e-07,81.2690655917
50.567548229,0.273755804437,0.99232468882,54,94,-0.00873746640862,1.31489367183,73.8628652418,3.19759179135e-08,88.7699768049,0.318165774439,0.0087375921351,3.22213465166,0.009892225119,1.25726475143e-07,81.8610119878
50.3817999769,0.26853860988,0.992599849433,54,95,-0.00491380497756,1.30805147977,75.4124969929,2.33581973763e-08,87.6395258445,0.316510164267,0.00491393586103,3.11413358202,0.00974208669546,1.3088346544e-07,81.6574473584
50.5493639266,0.261729852098,0.992969045256,54,96,-0.00681026030593,1.29917552548,74.3071558931,-2.32828387681e-08,87.758601832,0.314362443177,0.00681022128873,2.83929148174,0.00974706604388,-3.90171993939e-08,81.8493315548
50.6580521073,0.253817812341,0.992424206382,54,97,-0.00627134087018,1.28893695447,76.2170778518,-2.13082189671e-08,88.2951749738,0.311885008732,0.00627139875551,3.02317007307,0.00999835339583,5.78853218152e-08,81.9134845295
51.0407295657,0.24960972442,0.993759233603,54,98,-0.00643981312235,1.2835243907,76.2079626684,4.25616863975e-08,88.0558750817,0.310575326755,0.00643982386349,2.80861440621,0.00670303888816,1.0741145554e-08,82.4861949301
50.1507529792,0.24506081714,0.993484886099,54,99,-0.00832809618525,1.27769901684,75.3077690003,-2.0750101859e-08,86.9417813088,0.309165756823,0.00832807025082,2.77435910224,0.00964440018842,-2.59344336916e-08,81.4390486587
49.2218157968,0.241921798128,0.993488202986,54,100,-0.00868163143136,1.27369458362,74.3699361038,4.30680457963e-08,87.0166732348,0.308196801215,0.00868162857778,2.62371836334,0.0065781633002,-2.85357525773e-09,80.4795588463
50.2503315917,0.238381997484,0.993615509719,54,101,-0.00872173533332,1.26919392912,74.9764797936,4.9426689408e-09,87.674484401,0.307107774585,0.00872185388529,3.4160780135,0.00653246169791,1.18551964882e-07,81.6356541745
49.8900117923,0.23239745273,0.9929374777,54,102,-0.00586346815317,1.26162106393,74.5697989364,-4.23865735844e-08,87.9081413335,0.305275362908,0.00586345695252,3.10963768339,0.00715239127082,-1.12006478164e-08,81.1257343804
50.3263776854,0.228928462404,0.993415605475,54,103,-0.00769732145825,1.257252095,74.7008791736,-1.75164016625e-09,87.8442186594,0.30421820033,0.00769725781443,2.92673406228,0.00918236608153,-6.36438124594e-08,81.7411378745
50.2928946307,0.223365799326,0.993412433238,54,104,-0.00546980202862,1.25027784089,75.497805502,5.23261953767e-08,88.3988043681,0.30253063501,0.00546971993028,3.02935483243,0.00678602214826,-8.2098339332e-08,81.7019241002
50.5405782105,0.220317140955,0.992840376708,54,105,-0.00474276457604,1.24647197522,75.1165166482,-2.63360566688e-08,88.198623715,0.301609726937,0.00474261307514,3.06454738718,0.00965750627424,-1.51500903234e-07,81.9115787211
50.1922267131,0.217217937845,0.993254788034,54,106,-0.00771785336913,1.24261488544,74.374419195,4.95686434121e-08,87.9136073792,0.300676424128,0.00771785728666,2.79068982406,0.00651599812597,3.91753266338e-09,81.4621025669
50.2188655046,0.211089388269,0.992745265691,54,107,-0.00944492754733,1.23502274667,73.7852171479,2.72487070685e-08,88.2455620773,0.29883934881,0.0094448904525,3.13786333717,0.00943982593826,-3.70948258457e-08,81.6080369183
49.8901699085,0.208341018098,0.993590190402,54,108,-0.0105100841313,1.23163310712,75.3550393263,-6.1612087654e-08,88.8863243688,0.298019155272,0.0105100541298,3.22689030689,0.00995844904193,-3.00015009198e-08,81.3257268581
49.5482020925,0.206070081133,0.992294052384,54,109,-0.0103447334193,1.22883931943,73.5289582966,-1.50682422095e-08,88.0748528957,0.29734314044,0.0103446491236,3.23366225997,0.00898292902571,-8.42956690146e-08,80.8956714543
50.146478501,0.200779453653,0.994248384429,54,110,-0.00671653163711,1.22235515613,76.288330547,1.06114916854e-09,88.7555773851,0.295774162748,0.00671666245522,2.98748043415,0.00883630030949,1.30818110789e-07,81.6277667527
50.9574119715,0.197188154596,0.993947895418,54,111,-0.007417033094,1.2179731864,77.46073978,-1.44235137167e-08,89.002657905,0.294713854358,0.00741700934845,2.85681933412,0.0083765568259,-2.37455410672e-08,82.4440120928
50.1827122576,0.194526449579,0.993319539983,54,112,-0.00869884465833,1.21473561171,75.6100077954,5.2717639587e-08,88.7558642968,0.293930456064,0.008698806695,2.93904927911,0.00707769518112,-3.79633256944e-08,81.615408324
49.4173439437,0.192093149561,0.994099618273,54,113,-0.00901704929792,1.2117833888,75.6866129435,1.51704927898e-09,87.5628602963,0.293216104548,0.00901725884119,2.53770119158,0.00952456792849,2.09543264179e-07,80.8052806788
50.2023596102,0.191095606226,0.993755182434,54,114,-0.00768476181633,1.21057518507,74.5474863152,-2.99932798598e-08,88.3007666606,0.292923754617,0.0076848505691,3.09696427523,0.00657220401702,8.87527728503e-08,81.5946184045
50.7944940223,0.18906284942,0.994376887074,54,115,-0.00873089285366,1.20811687954,74.6125477167,2.59560610782e-08,88.1418901154,0.292328916647,0.00873080168093,3.11003252528,0.00648256743117,-9.11727315768e-08,82.3631625509
50.6948531547,0.188442484277,0.993108297946,54,116,-0.00688226100438,1.20736763837,75.0459903527,2.78052275529e-08,88.5643945078,0.292147622217,0.0068821873028,3.40684353263,0.00655862773721,-7.37015854688e-08,82.1972072818
50.6467606686,0.186702624696,0.993767683125,54,117,-0.0111063036954,1.20526881457,76.0737641367,1.39767055707e-08,88.5680782544,0.291639768302,0.011106536764,3.08750997722,0.00954989963959,2.33068623293e-07,82.158709131
50.6375944041,0.184057847398,0.993408318602,54,118,-0.00816867615436,1.2020853586,76.2106177659,4.31928437461e-08,88.6844836849,0.290869465153,0.00816870130938,3.10072177483,0.00971115069873,2.51550177179e-08,82.2162398032
50.7228381341,0.182491198915,0.994446592648,54,119,-0.00623787440127,1.20020358781,76.4523904416,-2.46506994817e-08,88.7674401764,0.290414131714,0.00623775708696,2.94186362287,0.00680590285099,-1.17314312157e-07,82.1295558852
50.6002815345,0.18262626304,0.993372662035,54,120,-0.00926559262778,1.20036570321,72.991707935,-3.60111747089e-08,87.8597083165,0.290453358893,0.00926559096522,3.2203540862,0.00971994198351,-1.66255351766e-09,82.0661588896
50.6340887364,0.179849521059,0.993710729042,54,121,-0.00892737336787,1.19703722067,77.4447763457,7.52532525183e-09,86.8892805929,0.289647963563,0.00892751033586,2.38408728003,0.00947070142298,1.3696799308e-07,82.0125821142
50.8559791495,0.175575152773,0.994707118521,54,122,-0.00585070659653,1.19193156225,77.4811748202,-2.61631720733e-08,86.7644968479,0.288412543694,0.00585086562415,2.37936821858,0.00653620619278,1.59027624835e-07,82.3559723543
51.2715962786,0.173515812296,0.994411589173,54,123,-0.00701287073132,1.18947949502,76.0872035249,-1.13453861861e-08,88.1377796221,0.287819215211,0.00701280993701,2.62815530664,0.00558459987023,-6.07943073399e-08,82.8615397419
50.9467839751,0.170381323236,0.993671952593,54,124,-0.00912061758655,1.18575692179,74.9370801947,-5.5196662796e-09,87.123457239,0.286918461469,0.00912058417682,2.63592352311,0.00991645337466,-3.34097365059e-08,82.4038613269
50.6850917788,0.16554321422,0.993266087866,54,125,-0.0109567730039,1.18003395586,71.8373779931,-1.02621755538e-08,88.8133043781,0.285533671258,0.0109568641369,3.19675363027,0.00932485559406,9.1133005548e-08,82.1582468323
50.975403274,0.161026374239,0.993417186977,54,126,-0.00820487327155,1.17471595064,74.1427101317,-2.4200368598e-08,89.3994611841,0.284246869682,0.00820501047422,3.10687484534,0.00956354028805,1.37202664855e-07,82.4859280072
50.9273191222,0.155773297685,0.993441604219,54,127,-0.00860910307377,1.16856125752,76.870142955,-5.53621193333e-09,88.8883013683,0.282757614126,0.00860912228295,2.91335910664,0.00988305009202,1.92091879582e-08,82.4031433927
51.2273494469,0.149038688081,0.994039398017,54,128,-0.00774469916711,1.16071789429,77.3566515763,-2.55229206658e-08,88.3053446893,0.280859749843,0.00774480597024,2.66818484807,0.00648656710878,1.06803134204e-07,82.8208828641
51.24894679,0.14598681106,0.994039380849,54,129,-0.00714392296919,1.15718092596,74.604771777,-2.56095817885e-08,88.8774704782,0.280003907054,0.00714381470848,3.0012934358,0.00656748162973,-1.08260712235e-07,82.8618847514
51.3788398117,0.141602889436,0.994962239403,54,130,-0.00783363327158,1.15211903904,76.2008836583,4.11536971168e-08,88.4427235152,0.278779078609,0.00783337631133,2.80576150346,0.00639343159527,-2.56960243194e-07,83.0871075603
50.7565459948,0.138261810678,0.994390325316,54,131,-0.00591533852393,1.14827614188,76.4560355112,-5.9359325677e-08,88.3963433853,0.277849209998,0.00591533620373,3.03297225373,0.00548296304236,-2.32020370295e-09,82.4354558405
50.7775853204,0.13568927421,0.994660589341,54,132,-0.0105605684503,1.14532595599,75.1248711814,-3.79257769634e-08,88.9844659082,0.27713535138,0.0105606073397,3.15255582255,0.0097492003343,3.88894789244e-08,82.4714669453
51.3543876485,0.131533638376,0.993749913297,54,133,-0.0103289378685,1.14057627421,77.5804257458,2.75800062788e-08,88.2848574409,0.27598606744,0.0103288533926,2.84236288952,0.00904314661662,-8.44758882078e-08,82.8399158272
51.0674799889,0.12834824695,0.994516752368,54,134,-0.00679523912182,1.13694887274,77.3452860418,-3.45282069603e-09,87.8342040443,0.275108342478,0.00679515286402,2.67690523649,0.00651178354521,-8.62578067659e-08,82.6771107204
50.9111867835,0.126019970316,0.994048002042,54,135,-0.00879089605302,1.13430482048,78.0214459847,6.11914254822e-08,87.7440385674,0.274468559238,0.00879079433701,2.32684874544,0.00652547973987,-1.01716002596e-07,82.3819514076
51.3701676246,0.125243321794,0.994184582341,54,136,-0.00635973394195,1.13342420633,76.8645221286,2.31737644629e-08,88.3329027114,0.274255476393,0.0063598401904,2.8535114076,0.00922411235295,1.06248449027e-07,82.9669406909
51.3273455968,0.12460972442,0.994652811799,54,137,-0.00960501278266,1.13270629918,78.0106656316,5.67446067912e-09,88.8818543813,0.274081763881,0.00960515266257,2.88695249948,0.00966574034403,1.39879910612e-07,83.026376739
50.5487371218,0.121921435732,0.993962026622,54,138,-0.00695699784251,1.12966534696,74.834807347,1.13169096316e-08,87.900659038,0.273345942469,0.00695692396141,2.90772193072,0.00919043912532,-7.38811028671e-08,82.0946375758
51.2540362837,0.114784256357,0.994799366589,54,139,-0.00934989525152,1.12163142662,78.6616894319,2.605070204e-08,88.3543566048,0.271401968942,0.00934995693324,2.30154490031,0.0095683369588,6.16817129534e-08,82.870321814
50.5856525612,0.111272946733,0.994864394305,54,140,-0.00875311594442,1.11769993777,75.3745636836,-3.28252744985e-08,87.9945988502,0.270450663737,0.00875310432305,2.51971201498,0.00673473748724,-1.16213737863e-08,82.106805067
51.2685065464,0.109942690271,0.993927217573,54,141,-0.00756352062458,1.1162140987,74.1651994797,6.79103437928e-08,88.419108421,0.270091134181,0.00756340874735,3.03757048002,0.00938657167731,-1.11877231121e-07,82.8902582581
51.0253331874,0.108161107439,0.994253498382,54,142,-0.00866950093543,1.11422724122,76.5829497822,2.48264229175e-08,88.4513454214,0.269610372838,0.00866940879322,2.9265490383,0.00648977403354,-9.21422179676e-08,82.6509551257
51.2505657389,0.106734291452,0.994773482205,54,143,-0.00635739633777,1.11263857762,77.7169766395,-2.28444023698e-08,88.5389186906,0.269225962754,0.00635749121485,2.62489967658,0.00649071549987,9.48770737739e-08,82.9226936636
51.1633201938,0.105433241266,0.99505820875,54,144,-0.00740492769637,1.11119192028,78.1127040362,5.45428553433e-08,88.9728309975,0.26887591403,0.00740502853867,2.42275071067,0.00943709457012,1.0084229709e-07,82.8641687697
51.3302847646,0.103189364809,0.994249738235,54,145,-0.0107787699898,1.10870133822,76.4513836885,-3.7486020954e-09,88.7203451147,0.268273266083,0.0107789326744,3.07956056826,0.00984684128885,1.62684599838e-07,83.0086955213
51.6818909989,0.10249950065,0.994970964104,54,146,-0.00523453042737,1.10793674866,77.3927642228,-2.43148046142e-08,88.4218996921,0.268088257795,0.00523468780999,2.58470080997,0.00522363471735,1.57382620677e-07,83.4301302829
51.2897550822,0.102020398515,0.995280603542,54,147,-0.00755325195504,1.10740606094,79.6055864236,-3.4771078683e-08,87.5328060912,0.267959846902,0.00755319791839,2.33064530978,0.00719409213379,-5.40366508834e-08,83.0259771798
50.8309681948,0.100494996446,0.994492339401,54,148,-0.00553126441468,1.10571810917,77.8177866174,3.28787004289e-08,88.1802889616,0.26755141199,0.00553114533159,2.74721944673,0.00975413575786,-1.1908309044e-07,82.4608617801
51.0908492267,0.0985051549851,0.99471616028,54,149,-0.0103037700859,1.10352009301,76.8957229938,3.57291229935e-08,87.6652230951,0.267019556427,0.0103035934162,2.4157559099,0.0099325311574,-1.76669694925e-07,82.685697336
51.119831255,0.0962907232224,0.994992245803,54,150,-0.00685169055929,1.10107912674,78.263480497,3.35615861768e-08,88.9910729087,0.26642891405,0.00685167297478,2.45790617434,0.00674947624142,-1.75845080803e-08,82.8349496728
51.0221342689,0.0929031528412,0.993963409347,54,151,-0.00660473620095,1.09735545436,75.1160793289,3.56678711011e-08,89.1241900449,0.265527894347,0.00660493135374,2.64648904886,0.00991102021267,1.9515278927e-07,82.7016975425
51.2950322522,0.0911587633072,0.994896148274,54,152,-0.0073842809202,1.09544290759,76.5008386085,-2.27681591358e-08,87.2375461501,0.265065114019,0.00738429701289,2.56187710405,0.00985662103401,1.60926867085e-08,82.8645729156
51.591734172,0.0878911174713,0.994799081491,54,153,-0.00707127926118,1.09186923007,78.7719065743,-5.176627349e-09,89.1894660482,0.264200388681,0.00707140064446,2.47558438833,0.00714229059306,1.2138328584e-07,83.3495841724
51.3630502089,0.0838041461884,0.99530823904,54,154,-0.0103895484877,1.0874158984,78.1521861762,2.93749469839e-08,88.7697735508,0.26312281279,0.0103894567212,2.4709972499,0.00991473782276,-9.17664792112e-08,83.169698342
51.3347079243,0.0819691575943,0.995541358527,54,155,-0.00554222363139,1.08542233228,78.060099568,-6.15182100816e-08,88.886425704,0.26264042815,0.00554229887871,2.41959575108,0.00670152454432,7.52473184446e-08,83.1214031491
51.308368448,0.0787097371994,0.995059414865,54,156,-0.00884701465384,1.081890244,78.1159522091,1.09961246785e-08,88.2609743546,0.26178576619,0.00884705927169,2.32395757769,0.00944748142159,4.46178524552e-08,82.988680794
51.2438127757,0.0768116868912,0.995009764067,54,157,-0.00633402558277,1.07983870946,77.8540756642,1.26065189399e-08,89.0525827784,0.261289354892,0.00633421295067,2.48617924612,0.0092454709876,1.8736790778e-07,83.0018989297
51.4109092435,0.0730079568802,0.994721905371,54,158,-0.0059510881684,1.07573909641,77.9228639834,-3.24234632476e-08,88.4730835299,0.260297368551,0.00595104393036,2.4812727852,0.00647834395265,-4.4238042523e-08,83.1476618128
51.4868945765,0.0677679933487,0.99549652653,54,159,-0.00693182513641,1.07011700541,77.5777815715,5.62233060108e-08,88.1816242528,0.25893698712,0.00693196216036,2.33851731514,0.0068372488148,1.37023950438e-07,83.2534888773
51.9376590656,0.0636069930969,0.994646008858,54,160,-0.0128295216231,1.06567349941,79.9274132524,3.33743137571e-08,88.5659248914,0.257861788753,0.0128294149773,2.16730223191,0.00998698279811,-1.06645810689e-07,83.7056593143
52.0283658598,0.0628847040116,0.995133240027,54,161,-0.00468467300854,1.06490405299,78.0692792042,2.38976722089e-08,87.780828575,0.257675605245,0.00468447396475,2.3410920069,0.00650286604444,-1.99043790807e-07,83.9050976179
52.1597256315,0.0580771125733,0.995153505238,54,162,-0.00753283305232,1.05979671621,80.0135430781,-2.16195132907e-08,88.2445809564,0.256439779265,0.00753293195138,2.3869312217,0.00980781345616,9.8899059349e-08,83.9239724281
51.7626463902,0.0540938533722,0.995239985892,54,163,-0.0105207511416,1.05558366759,77.0429497138,2.74109064335e-08,88.3513545244,0.255420344838,0.0105205965837,2.43748924952,0.00985610183154,-1.54557931292e-07,83.5924421285
51.0598966303,0.0541216291367,0.993869546005,54,164,-0.0107962053159,1.05561298764,77.2683120535,5.94065494575e-08,87.6999435417,0.255427439432,0.0107961776308,2.19894967058,0.00976945430858,-2.76850828024e-08,82.6188084031
51.2160695267,0.0524721301972,0.994336686683,54,165,-0.00734175434132,1.05387319043,77.8003367565,4.34292490858e-09,88.2344569616,0.25500645944,0.00734178708078,2.35541564827,0.00652172650483,3.27394613144e-08,82.9757100121
51.3886616749,0.0507306016861,0.994485014489,54,166,-0.00595900055933,1.05203943745,78.8721453555,-4.93170146942e-08,88.466518057,0.254562744903,0.00595880286574,2.59380498075,0.00650413812302,-1.97693588965e-07,83.1030737121
51.4622615697,0.0475087322174,0.994539986187,54,167,-0.00884156713931,1.04865535817,76.9714357835,-5.54516419449e-08,89.0745298184,0.253743896787,0.00884156660388,2.68750043402,0.00680077081182,-5.35432778973e-10,83.2322153331
51.1737525721,0.0446031249939,0.995167794758,54,168,-0.00674260904347,1.04561279996,74.6014403367,-3.49380699927e-08,88.6157372923,0.253007686774,0.00674243035053,2.41944052153,0.00664312864109,-1.78692937644e-07,82.9480472732
51.3126899866,0.0428208269058,0.994049359121,54,169,-0.00873462590347,1.04375086602,76.9130469629,4.0584585248e-08,89.4289819746,0.252557153269,0.00873478412739,2.49034614945,0.00674465243109,1.58223922191e-07,83.023752472
50.8919407983,0.0388678468643,0.995356488158,54,170,-0.00720004043602,1.0396330838,77.349475069,2.992598791e-08,87.2983403521,0.251560770521,0.00720011011237,2.04885978984,0.00653332412934,6.96763561744e-08,82.7046811504
51.2989905317,0.036766783136,0.993769222084,54,171,-0.00710846421794,1.03745104154,75.5016374012,-5.11732898278e-08,88.9071998987,0.251032780176,0.00710842731735,2.33350415505,0.00665436663903,-3.69005891355e-08,83.0117670447
51.732620861,0.0331362642227,0.994593839635,54,172,-0.0101605909348,1.0336913848,77.1720109661,-6.23945339839e-12,88.6182740331,0.250123053309,0.0101606188488,2.38671436712,0.00972811319112,2.79139931598e-08,83.5987425754
51.8795178036,0.0316742814957,0.994705136013,54,173,-0.00652261821434,1.03218125001,76.5307824798,1.74376091344e-08,88.9984338918,0.249757644901,0.00652235506458,2.70448841077,0.00644627884596,-2.63149758244e-07,83.7504166973
52.0060383848,0.030340091127,0.995525116478,54,174,-0.007929770339,1.030805042,79.5540232367,-2.1924284388e-08,88.6391856838,0.24942464285,0.00792982519381,2.38241974718,0.00661103107353,5.48548146413e-08,83.9065966063
51.8495673779,0.0290706314026,0.995047382535,54,175,-0.00853619602084,1.02949730675,78.0259996424,-1.008677889e-08,89.1778845497,0.249108209204,0.00853635309819,2.48482836111,0.00954906183118,1.57077348592e-07,83.7286357684
51.3888348711,0.0274484313904,0.995436457722,54,176,-0.00755232328241,1.02782861005,77.5461319221,1.2985392317e-08,88.7864636268,0.248704433455,0.0075523312931,2.18906122707,0.00932124803457,8.0106959757e-09,83.2390874077
51.7314967407,0.0263731635987,0.99045306421,54,177,-0.00673817044672,1.02672401302,68.6667856169,2.4368840279e-09,89.0511764699,0.248437153313,0.00673819446307,3.04190772114,0.00646636878752,2.4016355658e-08,83.524859229
51.348418561,0.0232684768616,0.995417222181,54,178,-0.00689762346667,1.02354129982,77.8833612658,-2.41702391435e-09,87.8219258639,0.247667029892,0.00689782119277,2.07038077182,0.00961510057082,1.97726099939e-07,83.2183607493
51.9253314934,0.0208221830307,0.99543412571,54,179,-0.00820322367919,1.02104047717,78.4707350405,9.82922476744e-09,88.269805519,0.247061904025,0.00820320381661,2.38301080554,0.0065120989089,-1.9862577918e-08,83.8752472056
51.688007701,0.0173148073136,0.995315280603,54,180,-0.00864684750748,1.01746557752,78.0387824774,4.85588724786e-09,88.7522793425,0.246196882965,0.00864708432365,2.30948031565,0.00720436535879,2.36816172071e-07,83.6591759611
51.66879681,0.0156736530243,0.995802757544,54,181,-0.00823754974241,1.01579712899,78.5482643175,-2.74735167949e-09,88.6839017244,0.245793167265,0.00823761901718,2.46666807525,0.00998159968424,6.9274776188e-08,83.6845675046
51.8237287173,0.0137081302582,0.995653634276,54,182,-0.00934202503166,1.01380251747,78.0582464722,-4.53877602169e-09,88.716326719,0.245310529672,0.0093421579802,2.55088808417,0.00971442435595,1.32948535086e-07,83.7369728435
51.7826800164,0.0106027282654,0.995447646028,54,183,-0.00885123671515,1.01065913637,78.2180273557,1.43714443975e-08,89.0564797646,0.24454992347,0.0088514800595,2.77469051538,0.00641906522846,2.43344343855e-07,83.8019195119
51.4351289318,0.00946118010866,0.995186730809,54,184,-0.00864633213497,1.00950607856,78.0841761833,2.43223414742e-08,89.5644964594,0.244270917235,0.00864630414082,2.59332588327,0.00659118223311,-2.79941440946e-08,83.355719055
51.4987386829,0.00788964404452,0.995433030325,54,185,-0.00840561524049,1.0079208493,77.9215089146,-1.2805352112e-08,89.3814898636,0.243887338163,0.00840587621289,2.56638187291,0.00999554823457,2.60972401351e-07,83.4275254198
51.7003188455,0.00677885188448,0.99587113242,54,186,-0.00843274730174,1.00680188031,76.376822026,-4.64345517592e-09,87.9179975272,0.243616580425,0.00843254133743,2.13079515669,0.00646390996578,-2.05964315622e-07,83.6695045303
51.805593528,0.00555969848025,0.995361427337,54,187,-0.00742928711139,1.00557518229,78.3946174052,-2.70857860585e-08,88.6937391993,0.243319755416,0.00742929765561,2.26309272718,0.00969487096271,1.05442187415e-08,83.7570137488
52.0613749933,0.00155879630434,0.995696375032,54,188,-0.0084864984926,1.00156001186,78.7409221798,3.42482677773e-08,88.5526810782,0.242348201719,0.00848650401887,2.36612381629,0.00641428318826,5.52627030771e-09,84.1380177551
51.8005393475,-0.00139854775083,0.9961020815,54,189,-0.00775607135365,0.998602429761,79.2524205503,-1.96680218778e-08,88.8824237125,0.241632553436,0.00775597834269,2.20846925587,0.00960143260117,-9.30109557738e-08,83.8233578603
52.0566277985,-0.0052401863159,0.995619955585,54,190,-0.00749298279768,0.99477351951,76.8902794677,1.86576609718e-08,88.5128711131,0.240706069248,0.00749324528988,2.56568266969,0.0065213159911,2.62492199503e-07,84.0279980645
51.9634006825,-0.00917588101042,0.995165186684,54,191,-0.00763884553231,0.990866088917,79.198221472,2.20152502894e-08,88.8900118158,0.239760585437,0.00763886336578,2.4204039018,0.00656001572992,1.78334700445e-08,83.8765080122
52.0905538902,-0.0123561464371,0.995409023896,54,192,-0.00776897027348,0.987719877298,77.3970501236,-4.4512284969e-09,88.2007477768,0.238999294332,0.00776919573506,2.45131847411,0.00946867007452,2.25461588136e-07,83.9716826017
51.7498869661,-0.0134205661834,0.995443564212,54,193,-0.00980317846167,0.986669088096,79.1479271733,2.90271096048e-09,88.7359457406,0.238745034107,0.00980343316988,2.32340339539,0.00933445576635,2.54708210796e-07,83.577035803
51.6085733815,-0.0152926288666,0.995478666038,54,194,-0.00671040592286,0.984823709587,78.5031040457,1.16839076192e-08,89.4762956489,0.238298506532,0.00671017177041,2.23264224832,0.00976495975073,-2.34152450585e-07,83.4952783686
51.7507463805,-0.0185043655456,0.994961003819,54,195,-0.00627601460723,0.981665789076,78.0399517618,4.20779808774e-08,89.8881721586,0.237534382218,0.00627629407277,2.3895227944,0.00665627712489,2.79465530304e-07,83.6568588324
52.1775991879,-0.022205337149,0.99561258425,54,196,-0.00693585172482,0.978039386612,79.2827819165,2.98735434168e-08,89.4057157804,0.236656898987,0.00693591639259,2.51492041523,0.00990177676101,6.46677660134e-08,84.1839298492
52.2953436568,-0.0262554727615,0.995026352824,54,197,-0.00556871886792,0.974086205326,78.6965135181,-1.65328035706e-08,89.2190941715,0.235700344847,0.00556886735981,2.68002767046,0.006484222985,1.48491895201e-07,84.1860445445
51.8774761738,-0.0296189628662,0.995402565887,54,198,-0.00662415815455,0.970815379791,78.4176028809,-2.66053232778e-08,89.3059066327,0.234908900822,0.00662414239462,2.4928189986,0.00651494896098,-1.57599342834e-08,83.8721100801
51.950766698,-0.0327809892715,0.996071835507,54,199,-0.0108063733561,0.96775048412,79.6085350814,3.10396099934e-08,89.1490812775,0.234167285796,0.0108063483988,2.39417286514,0.0098547827992,-2.49573074394e-08,83.8983607664
